[2026-06-11 09:42:40] local.ERROR: SQLSTATE[HY000] [1045] Access denied for user 'root'@'localhost' (using password: YES) (Connection: mysql, SQL: select exists (select 1 from information_schema.tables where table_schema = 'kpi_system' and table_name = 'migrations' and table_type in ('BASE TABLE', 'SYSTEM VERSIONED')) as `exists`) {"exception":"[object] (Illuminate\\Database\\QueryException(code: 1045): SQLSTATE[HY000] [1045] Access denied for user 'root'@'localhost' (using password: YES) (Connection: mysql, SQL: select exists (select 1 from information_schema.tables where table_schema = 'kpi_system' and table_name = 'migrations' and table_type in ('BASE TABLE', 'SYSTEM VERSIONED')) as `exists`) at D:/New folder (20)/kpi-system/vendor/laravel/framework/src/Illuminate/Database/Connection.php:825)
[stacktrace]
#0 D:/New folder (20)/kpi-system/vendor/laravel/framework/src/Illuminate/Database/Connection.php(779): Illuminate/Database/Connection->runQueryCallback('select exists (...', Array, Object(Closure))
#1 D:/New folder (20)/kpi-system/vendor/laravel/framework/src/Illuminate/Database/Connection.php(398): Illuminate/Database/Connection->run('select exists (...', Array, Object(Closure))
#2 D:/New folder (20)/kpi-system/vendor/laravel/framework/src/Illuminate/Database/Connection.php(344): Illuminate/Database/Connection->select('select exists (...', Array, true)
#3 D:/New folder (20)/kpi-system/vendor/laravel/framework/src/Illuminate/Database/Connection.php(361): Illuminate/Database/Connection->selectOne('select exists (...', Array, true)
#4 D:/New folder (20)/kpi-system/vendor/laravel/framework/src/Illuminate/Database/Schema/MySqlBuilder.php(45): Illuminate/Database/Connection->scalar('select exists (...')
#5 D:/New folder (20)/kpi-system/vendor/laravel/framework/src/Illuminate/Database/Migrations/DatabaseMigrationRepository.php(184): Illuminate/Database/Schema/MySqlBuilder->hasTable('migrations')
#6 D:/New folder (20)/kpi-system/vendor/laravel/framework/src/Illuminate/Database/Migrations/Migrator.php(742): Illuminate/Database/Migrations/DatabaseMigrationRepository->repositoryExists()
#7 D:/New folder (20)/kpi-system/vendor/laravel/framework/src/Illuminate/Database/Console/Migrations/MigrateCommand.php(165): Illuminate/Database/Migrations/Migrator->repositoryExists()
#8 D:/New folder (20)/kpi-system/vendor/laravel/framework/src/Illuminate/Support/helpers.php(338): Illuminate/Database/Console/Migrations/MigrateCommand->{closure:Illuminate/Database/Console/Migrations/MigrateCommand::repositoryExists():165}(1)
#9 D:/New folder (20)/kpi-system/vendor/laravel/framework/src/Illuminate/Database/Console/Migrations/MigrateCommand.php(165): retry(1, Object(Closure), 0, Object(Closure))
#10 D:/New folder (20)/kpi-system/vendor/laravel/framework/src/Illuminate/Database/Console/Migrations/MigrateCommand.php(141): Illuminate/Database/Console/Migrations/MigrateCommand->repositoryExists()
#11 D:/New folder (20)/kpi-system/vendor/laravel/framework/src/Illuminate/Database/Console/Migrations/MigrateCommand.php(111): Illuminate/Database/Console/Migrations/MigrateCommand->prepareDatabase()
#12 D:/New folder (20)/kpi-system/vendor/laravel/framework/src/Illuminate/Database/Migrations/Migrator.php(658): Illuminate/Database/Console/Migrations/MigrateCommand->{closure:Illuminate/Database/Console/Migrations/MigrateCommand::runMigrations():110}()
#13 D:/New folder (20)/kpi-system/vendor/laravel/framework/src/Illuminate/Database/Console/Migrations/MigrateCommand.php(110): Illuminate/Database/Migrations/Migrator->usingConnection(NULL, Object(Closure))
#14 D:/New folder (20)/kpi-system/vendor/laravel/framework/src/Illuminate/Database/Console/Migrations/MigrateCommand.php(89): Illuminate/Database/Console/Migrations/MigrateCommand->runMigrations()
#15 D:/New folder (20)/kpi-system/vendor/laravel/framework/src/Illuminate/Container/BoundMethod.php(36): Illuminate/Database/Console/Migrations/MigrateCommand->handle()
#16 D:/New folder (20)/kpi-system/vendor/laravel/framework/src/Illuminate/Container/Util.php(43): Illuminate/Container/BoundMethod::{closure:Illuminate/Container/BoundMethod::call():35}()
#17 D:/New folder (20)/kpi-system/vendor/laravel/framework/src/Illuminate/Container/BoundMethod.php(95): Illuminate/Container/Util::unwrapIfClosure(Object(Closure))
#18 D:/New folder (20)/kpi-system/vendor/laravel/framework/src/Illuminate/Container/BoundMethod.php(35): Illuminate/Container/BoundMethod::callBoundMethod(Object(Illuminate/Foundation/Application), Array, Object(Closure))
#19 D:/New folder (20)/kpi-system/vendor/laravel/framework/src/Illuminate/Container/Container.php(696): Illuminate/Container/BoundMethod::call(Object(Illuminate/Foundation/Application), Array, Array, NULL)
#20 D:/New folder (20)/kpi-system/vendor/laravel/framework/src/Illuminate/Console/Command.php(213): Illuminate/Container/Container->call(Array)
#21 D:/New folder (20)/kpi-system/vendor/symfony/console/Command/Command.php(341): Illuminate/Console/Command->execute(Object(Symfony/Component/Console/Input/ArgvInput), Object(Illuminate/Console/OutputStyle))
#22 D:/New folder (20)/kpi-system/vendor/laravel/framework/src/Illuminate/Console/Command.php(182): Symfony/Component/Console/Command/Command->run(Object(Symfony/Component/Console/Input/ArgvInput), Object(Illuminate/Console/OutputStyle))
#23 D:/New folder (20)/kpi-system/vendor/symfony/console/Application.php(1117): Illuminate/Console/Command->run(Object(Symfony/Component/Console/Input/ArgvInput), Object(Symfony/Component/Console/Output/ConsoleOutput))
#24 D:/New folder (20)/kpi-system/vendor/symfony/console/Application.php(356): Symfony/Component/Console/Application->doRunCommand(Object(Illuminate/Database/Console/Migrations/MigrateCommand), Object(Symfony/Component/Console/Input/ArgvInput), Object(Symfony/Component/Console/Output/ConsoleOutput))
#25 D:/New folder (20)/kpi-system/vendor/symfony/console/Application.php(195): Symfony/Component/Console/Application->doRun(Object(Symfony/Component/Console/Input/ArgvInput), Object(Symfony/Component/Console/Output/ConsoleOutput))
#26 D:/New folder (20)/kpi-system/vendor/laravel/framework/src/Illuminate/Foundation/Console/Kernel.php(198): Symfony/Component/Console/Application->run(Object(Symfony/Component/Console/Input/ArgvInput), Object(Symfony/Component/Console/Output/ConsoleOutput))
#27 D:/New folder (20)/kpi-system/artisan(15): Illuminate/Foundation/Console/Kernel->handle(Object(Symfony/Component/Console/Input/ArgvInput), Object(Symfony/Component/Console/Output/ConsoleOutput))
#28 {main}

[previous exception] [object] (PDOException(code: 1045): SQLSTATE[HY000] [1045] Access denied for user 'root'@'localhost' (using password: YES) at D:/New folder (20)/kpi-system/vendor/laravel/framework/src/Illuminate/Database/Connectors/Connector.php:67)
[stacktrace]
#0 D:/New folder (20)/kpi-system/vendor/laravel/framework/src/Illuminate/Database/Connectors/Connector.php(67): PDO::connect('mysql:host=127....', 'root', Object(SensitiveParameterValue), Array)
#1 D:/New folder (20)/kpi-system/vendor/laravel/framework/src/Illuminate/Database/Connectors/Connector.php(44): Illuminate/Database/Connectors/Connector->createPdoConnection('mysql:host=127....', 'root', Object(SensitiveParameterValue), Array)
#2 D:/New folder (20)/kpi-system/vendor/laravel/framework/src/Illuminate/Database/Connectors/MySqlConnector.php(24): Illuminate/Database/Connectors/Connector->createConnection('mysql:host=127....', Array, Array)
#3 D:/New folder (20)/kpi-system/vendor/laravel/framework/src/Illuminate/Database/Connectors/ConnectionFactory.php(185): Illuminate/Database/Connectors/MySqlConnector->connect(Array)
#4 [internal function]: Illuminate/Database/Connectors/ConnectionFactory->{closure:Illuminate/Database/Connectors/ConnectionFactory::createPdoResolverWithHosts():180}()
#5 D:/New folder (20)/kpi-system/vendor/laravel/framework/src/Illuminate/Database/Connection.php(1231): call_user_func(Object(Closure))
#6 D:/New folder (20)/kpi-system/vendor/laravel/framework/src/Illuminate/Database/Connection.php(1267): Illuminate/Database/Connection->getPdo()
#7 D:/New folder (20)/kpi-system/vendor/laravel/framework/src/Illuminate/Database/Connection.php(512): Illuminate/Database/Connection->getReadPdo()
#8 D:/New folder (20)/kpi-system/vendor/laravel/framework/src/Illuminate/Database/Connection.php(407): Illuminate/Database/Connection->getPdoForSelect(true)
#9 D:/New folder (20)/kpi-system/vendor/laravel/framework/src/Illuminate/Database/Connection.php(812): Illuminate/Database/Connection->{closure:Illuminate/Database/Connection::select():398}('select exists (...', Array)
#10 D:/New folder (20)/kpi-system/vendor/laravel/framework/src/Illuminate/Database/Connection.php(779): Illuminate/Database/Connection->runQueryCallback('select exists (...', Array, Object(Closure))
#11 D:/New folder (20)/kpi-system/vendor/laravel/framework/src/Illuminate/Database/Connection.php(398): Illuminate/Database/Connection->run('select exists (...', Array, Object(Closure))
#12 D:/New folder (20)/kpi-system/vendor/laravel/framework/src/Illuminate/Database/Connection.php(344): Illuminate/Database/Connection->select('select exists (...', Array, true)
#13 D:/New folder (20)/kpi-system/vendor/laravel/framework/src/Illuminate/Database/Connection.php(361): Illuminate/Database/Connection->selectOne('select exists (...', Array, true)
#14 D:/New folder (20)/kpi-system/vendor/laravel/framework/src/Illuminate/Database/Schema/MySqlBuilder.php(45): Illuminate/Database/Connection->scalar('select exists (...')
#15 D:/New folder (20)/kpi-system/vendor/laravel/framework/src/Illuminate/Database/Migrations/DatabaseMigrationRepository.php(184): Illuminate/Database/Schema/MySqlBuilder->hasTable('migrations')
#16 D:/New folder (20)/kpi-system/vendor/laravel/framework/src/Illuminate/Database/Migrations/Migrator.php(742): Illuminate/Database/Migrations/DatabaseMigrationRepository->repositoryExists()
#17 D:/New folder (20)/kpi-system/vendor/laravel/framework/src/Illuminate/Database/Console/Migrations/MigrateCommand.php(165): Illuminate/Database/Migrations/Migrator->repositoryExists()
#18 D:/New folder (20)/kpi-system/vendor/laravel/framework/src/Illuminate/Support/helpers.php(338): Illuminate/Database/Console/Migrations/MigrateCommand->{closure:Illuminate/Database/Console/Migrations/MigrateCommand::repositoryExists():165}(1)
#19 D:/New folder (20)/kpi-system/vendor/laravel/framework/src/Illuminate/Database/Console/Migrations/MigrateCommand.php(165): retry(1, Object(Closure), 0, Object(Closure))
#20 D:/New folder (20)/kpi-system/vendor/laravel/framework/src/Illuminate/Database/Console/Migrations/MigrateCommand.php(141): Illuminate/Database/Console/Migrations/MigrateCommand->repositoryExists()
#21 D:/New folder (20)/kpi-system/vendor/laravel/framework/src/Illuminate/Database/Console/Migrations/MigrateCommand.php(111): Illuminate/Database/Console/Migrations/MigrateCommand->prepareDatabase()
#22 D:/New folder (20)/kpi-system/vendor/laravel/framework/src/Illuminate/Database/Migrations/Migrator.php(658): Illuminate/Database/Console/Migrations/MigrateCommand->{closure:Illuminate/Database/Console/Migrations/MigrateCommand::runMigrations():110}()
#23 D:/New folder (20)/kpi-system/vendor/laravel/framework/src/Illuminate/Database/Console/Migrations/MigrateCommand.php(110): Illuminate/Database/Migrations/Migrator->usingConnection(NULL, Object(Closure))
#24 D:/New folder (20)/kpi-system/vendor/laravel/framework/src/Illuminate/Database/Console/Migrations/MigrateCommand.php(89): Illuminate/Database/Console/Migrations/MigrateCommand->runMigrations()
#25 D:/New folder (20)/kpi-system/vendor/laravel/framework/src/Illuminate/Container/BoundMethod.php(36): Illuminate/Database/Console/Migrations/MigrateCommand->handle()
#26 D:/New folder (20)/kpi-system/vendor/laravel/framework/src/Illuminate/Container/Util.php(43): Illuminate/Container/BoundMethod::{closure:Illuminate/Container/BoundMethod::call():35}()
#27 D:/New folder (20)/kpi-system/vendor/laravel/framework/src/Illuminate/Container/BoundMethod.php(95): Illuminate/Container/Util::unwrapIfClosure(Object(Closure))
#28 D:/New folder (20)/kpi-system/vendor/laravel/framework/src/Illuminate/Container/BoundMethod.php(35): Illuminate/Container/BoundMethod::callBoundMethod(Object(Illuminate/Foundation/Application), Array, Object(Closure))
#29 D:/New folder (20)/kpi-system/vendor/laravel/framework/src/Illuminate/Container/Container.php(696): Illuminate/Container/BoundMethod::call(Object(Illuminate/Foundation/Application), Array, Array, NULL)
#30 D:/New folder (20)/kpi-system/vendor/laravel/framework/src/Illuminate/Console/Command.php(213): Illuminate/Container/Container->call(Array)
#31 D:/New folder (20)/kpi-system/vendor/symfony/console/Command/Command.php(341): Illuminate/Console/Command->execute(Object(Symfony/Component/Console/Input/ArgvInput), Object(Illuminate/Console/OutputStyle))
#32 D:/New folder (20)/kpi-system/vendor/laravel/framework/src/Illuminate/Console/Command.php(182): Symfony/Component/Console/Command/Command->run(Object(Symfony/Component/Console/Input/ArgvInput), Object(Illuminate/Console/OutputStyle))
#33 D:/New folder (20)/kpi-system/vendor/symfony/console/Application.php(1117): Illuminate/Console/Command->run(Object(Symfony/Component/Console/Input/ArgvInput), Object(Symfony/Component/Console/Output/ConsoleOutput))
#34 D:/New folder (20)/kpi-system/vendor/symfony/console/Application.php(356): Symfony/Component/Console/Application->doRunCommand(Object(Illuminate/Database/Console/Migrations/MigrateCommand), Object(Symfony/Component/Console/Input/ArgvInput), Object(Symfony/Component/Console/Output/ConsoleOutput))
#35 D:/New folder (20)/kpi-system/vendor/symfony/console/Application.php(195): Symfony/Component/Console/Application->doRun(Object(Symfony/Component/Console/Input/ArgvInput), Object(Symfony/Component/Console/Output/ConsoleOutput))
#36 D:/New folder (20)/kpi-system/vendor/laravel/framework/src/Illuminate/Foundation/Console/Kernel.php(198): Symfony/Component/Console/Application->run(Object(Symfony/Component/Console/Input/ArgvInput), Object(Symfony/Component/Console/Output/ConsoleOutput))
#37 D:/New folder (20)/kpi-system/artisan(15): Illuminate/Foundation/Console/Kernel->handle(Object(Symfony/Component/Console/Input/ArgvInput), Object(Symfony/Component/Console/Output/ConsoleOutput))
#38 {main}
"} 
[2026-06-11 09:42:48] local.ERROR: SQLSTATE[HY000] [1045] Access denied for user 'root'@'localhost' (using password: YES) (Connection: mysql, SQL: select * from `users` where (`email` = budi@example.com) limit 1) {"exception":"[object] (Illuminate\\Database\\QueryException(code: 1045): SQLSTATE[HY000] [1045] Access denied for user 'root'@'localhost' (using password: YES) (Connection: mysql, SQL: select * from `users` where (`email` = budi@example.com) limit 1) at D:/New folder (20)/kpi-system/vendor/laravel/framework/src/Illuminate/Database/Connection.php:825)
[stacktrace]
#0 D:/New folder (20)/kpi-system/vendor/laravel/framework/src/Illuminate/Database/Connection.php(779): Illuminate/Database/Connection->runQueryCallback('select * from `...', Array, Object(Closure))
#1 D:/New folder (20)/kpi-system/vendor/laravel/framework/src/Illuminate/Database/Connection.php(398): Illuminate/Database/Connection->run('select * from `...', Array, Object(Closure))
#2 D:/New folder (20)/kpi-system/vendor/laravel/framework/src/Illuminate/Database/Query/Builder.php(3106): Illuminate/Database/Connection->select('select * from `...', Array, true)
#3 D:/New folder (20)/kpi-system/vendor/laravel/framework/src/Illuminate/Database/Query/Builder.php(3091): Illuminate/Database/Query/Builder->runSelect()
#4 D:/New folder (20)/kpi-system/vendor/laravel/framework/src/Illuminate/Database/Query/Builder.php(3676): Illuminate/Database/Query/Builder->{closure:Illuminate/Database/Query/Builder::get():3090}()
#5 D:/New folder (20)/kpi-system/vendor/laravel/framework/src/Illuminate/Database/Query/Builder.php(3090): Illuminate/Database/Query/Builder->onceWithColumns(Array, Object(Closure))
#6 D:/New folder (20)/kpi-system/vendor/laravel/framework/src/Illuminate/Database/Eloquent/Builder.php(811): Illuminate/Database/Query/Builder->get(Array)
#7 D:/New folder (20)/kpi-system/vendor/laravel/framework/src/Illuminate/Database/Eloquent/Builder.php(793): Illuminate/Database/Eloquent/Builder->getModels(Array)
#8 D:/New folder (20)/kpi-system/vendor/laravel/framework/src/Illuminate/Database/Concerns/BuildsQueries.php(343): Illuminate/Database/Eloquent/Builder->get(Array)
#9 D:/New folder (20)/kpi-system/vendor/laravel/framework/src/Illuminate/Database/Eloquent/Builder.php(617): Illuminate/Database/Eloquent/Builder->first()
#10 D:/New folder (20)/kpi-system/vendor/laravel/framework/src/Illuminate/Support/Traits/ForwardsCalls.php(23): Illuminate/Database/Eloquent/Builder->firstOrCreate(Array, Array)
#11 D:/New folder (20)/kpi-system/vendor/laravel/framework/src/Illuminate/Database/Eloquent/Model.php(2372): Illuminate/Database/Eloquent/Model->forwardCallTo(Object(Illuminate/Database/Eloquent/Builder), 'firstOrCreate', Array)
#12 D:/New folder (20)/kpi-system/vendor/laravel/framework/src/Illuminate/Database/Eloquent/Model.php(2384): Illuminate/Database/Eloquent/Model->__call('firstOrCreate', Array)
#13 D:/New folder (20)/kpi-system/database/seeders/UserSeeder.php(29): Illuminate/Database/Eloquent/Model::__callStatic('firstOrCreate', Array)
#14 D:/New folder (20)/kpi-system/vendor/laravel/framework/src/Illuminate/Container/BoundMethod.php(36): Database/Seeders/UserSeeder->run()
#15 D:/New folder (20)/kpi-system/vendor/laravel/framework/src/Illuminate/Container/Util.php(43): Illuminate/Container/BoundMethod::{closure:Illuminate/Container/BoundMethod::call():35}()
#16 D:/New folder (20)/kpi-system/vendor/laravel/framework/src/Illuminate/Container/BoundMethod.php(95): Illuminate/Container/Util::unwrapIfClosure(Object(Closure))
#17 D:/New folder (20)/kpi-system/vendor/laravel/framework/src/Illuminate/Container/BoundMethod.php(35): Illuminate/Container/BoundMethod::callBoundMethod(Object(Illuminate/Foundation/Application), Array, Object(Closure))
#18 D:/New folder (20)/kpi-system/vendor/laravel/framework/src/Illuminate/Container/Container.php(696): Illuminate/Container/BoundMethod::call(Object(Illuminate/Foundation/Application), Array, Array, NULL)
#19 D:/New folder (20)/kpi-system/vendor/laravel/framework/src/Illuminate/Database/Seeder.php(188): Illuminate/Container/Container->call(Array, Array)
#20 D:/New folder (20)/kpi-system/vendor/laravel/framework/src/Illuminate/Database/Seeder.php(197): Illuminate/Database/Seeder->{closure:Illuminate/Database/Seeder::__invoke():187}()
#21 D:/New folder (20)/kpi-system/vendor/laravel/framework/src/Illuminate/Database/Seeder.php(61): Illuminate/Database/Seeder->__invoke(Array)
#22 D:/New folder (20)/kpi-system/database/seeders/DatabaseSeeder.php(11): Illuminate/Database/Seeder->call('Database//Seeder...')
#23 D:/New folder (20)/kpi-system/vendor/laravel/framework/src/Illuminate/Container/BoundMethod.php(36): Database/Seeders/DatabaseSeeder->run()
#24 D:/New folder (20)/kpi-system/vendor/laravel/framework/src/Illuminate/Container/Util.php(43): Illuminate/Container/BoundMethod::{closure:Illuminate/Container/BoundMethod::call():35}()
#25 D:/New folder (20)/kpi-system/vendor/laravel/framework/src/Illuminate/Container/BoundMethod.php(95): Illuminate/Container/Util::unwrapIfClosure(Object(Closure))
#26 D:/New folder (20)/kpi-system/vendor/laravel/framework/src/Illuminate/Container/BoundMethod.php(35): Illuminate/Container/BoundMethod::callBoundMethod(Object(Illuminate/Foundation/Application), Array, Object(Closure))
#27 D:/New folder (20)/kpi-system/vendor/laravel/framework/src/Illuminate/Container/Container.php(696): Illuminate/Container/BoundMethod::call(Object(Illuminate/Foundation/Application), Array, Array, NULL)
#28 D:/New folder (20)/kpi-system/vendor/laravel/framework/src/Illuminate/Database/Seeder.php(188): Illuminate/Container/Container->call(Array, Array)
#29 D:/New folder (20)/kpi-system/vendor/laravel/framework/src/Illuminate/Database/Seeder.php(197): Illuminate/Database/Seeder->{closure:Illuminate/Database/Seeder::__invoke():187}()
#30 D:/New folder (20)/kpi-system/vendor/laravel/framework/src/Illuminate/Database/Console/Seeds/SeedCommand.php(70): Illuminate/Database/Seeder->__invoke()
#31 D:/New folder (20)/kpi-system/vendor/laravel/framework/src/Illuminate/Database/Eloquent/Concerns/GuardsAttributes.php(155): Illuminate/Database/Console/Seeds/SeedCommand->{closure:Illuminate/Database/Console/Seeds/SeedCommand::handle():69}()
#32 D:/New folder (20)/kpi-system/vendor/laravel/framework/src/Illuminate/Database/Console/Seeds/SeedCommand.php(69): Illuminate/Database/Eloquent/Model::unguarded(Object(Closure))
#33 D:/New folder (20)/kpi-system/vendor/laravel/framework/src/Illuminate/Container/BoundMethod.php(36): Illuminate/Database/Console/Seeds/SeedCommand->handle()
#34 D:/New folder (20)/kpi-system/vendor/laravel/framework/src/Illuminate/Container/Util.php(43): Illuminate/Container/BoundMethod::{closure:Illuminate/Container/BoundMethod::call():35}()
#35 D:/New folder (20)/kpi-system/vendor/laravel/framework/src/Illuminate/Container/BoundMethod.php(95): Illuminate/Container/Util::unwrapIfClosure(Object(Closure))
#36 D:/New folder (20)/kpi-system/vendor/laravel/framework/src/Illuminate/Container/BoundMethod.php(35): Illuminate/Container/BoundMethod::callBoundMethod(Object(Illuminate/Foundation/Application), Array, Object(Closure))
#37 D:/New folder (20)/kpi-system/vendor/laravel/framework/src/Illuminate/Container/Container.php(696): Illuminate/Container/BoundMethod::call(Object(Illuminate/Foundation/Application), Array, Array, NULL)
#38 D:/New folder (20)/kpi-system/vendor/laravel/framework/src/Illuminate/Console/Command.php(213): Illuminate/Container/Container->call(Array)
#39 D:/New folder (20)/kpi-system/vendor/symfony/console/Command/Command.php(341): Illuminate/Console/Command->execute(Object(Symfony/Component/Console/Input/ArgvInput), Object(Illuminate/Console/OutputStyle))
#40 D:/New folder (20)/kpi-system/vendor/laravel/framework/src/Illuminate/Console/Command.php(182): Symfony/Component/Console/Command/Command->run(Object(Symfony/Component/Console/Input/ArgvInput), Object(Illuminate/Console/OutputStyle))
#41 D:/New folder (20)/kpi-system/vendor/symfony/console/Application.php(1117): Illuminate/Console/Command->run(Object(Symfony/Component/Console/Input/ArgvInput), Object(Symfony/Component/Console/Output/ConsoleOutput))
#42 D:/New folder (20)/kpi-system/vendor/symfony/console/Application.php(356): Symfony/Component/Console/Application->doRunCommand(Object(Illuminate/Database/Console/Seeds/SeedCommand), Object(Symfony/Component/Console/Input/ArgvInput), Object(Symfony/Component/Console/Output/ConsoleOutput))
#43 D:/New folder (20)/kpi-system/vendor/symfony/console/Application.php(195): Symfony/Component/Console/Application->doRun(Object(Symfony/Component/Console/Input/ArgvInput), Object(Symfony/Component/Console/Output/ConsoleOutput))
#44 D:/New folder (20)/kpi-system/vendor/laravel/framework/src/Illuminate/Foundation/Console/Kernel.php(198): Symfony/Component/Console/Application->run(Object(Symfony/Component/Console/Input/ArgvInput), Object(Symfony/Component/Console/Output/ConsoleOutput))
#45 D:/New folder (20)/kpi-system/artisan(15): Illuminate/Foundation/Console/Kernel->handle(Object(Symfony/Component/Console/Input/ArgvInput), Object(Symfony/Component/Console/Output/ConsoleOutput))
#46 {main}

[previous exception] [object] (PDOException(code: 1045): SQLSTATE[HY000] [1045] Access denied for user 'root'@'localhost' (using password: YES) at D:/New folder (20)/kpi-system/vendor/laravel/framework/src/Illuminate/Database/Connectors/Connector.php:67)
[stacktrace]
#0 D:/New folder (20)/kpi-system/vendor/laravel/framework/src/Illuminate/Database/Connectors/Connector.php(67): PDO::connect('mysql:host=127....', 'root', Object(SensitiveParameterValue), Array)
#1 D:/New folder (20)/kpi-system/vendor/laravel/framework/src/Illuminate/Database/Connectors/Connector.php(44): Illuminate/Database/Connectors/Connector->createPdoConnection('mysql:host=127....', 'root', Object(SensitiveParameterValue), Array)
#2 D:/New folder (20)/kpi-system/vendor/laravel/framework/src/Illuminate/Database/Connectors/MySqlConnector.php(24): Illuminate/Database/Connectors/Connector->createConnection('mysql:host=127....', Array, Array)
#3 D:/New folder (20)/kpi-system/vendor/laravel/framework/src/Illuminate/Database/Connectors/ConnectionFactory.php(185): Illuminate/Database/Connectors/MySqlConnector->connect(Array)
#4 [internal function]: Illuminate/Database/Connectors/ConnectionFactory->{closure:Illuminate/Database/Connectors/ConnectionFactory::createPdoResolverWithHosts():180}()
#5 D:/New folder (20)/kpi-system/vendor/laravel/framework/src/Illuminate/Database/Connection.php(1231): call_user_func(Object(Closure))
#6 D:/New folder (20)/kpi-system/vendor/laravel/framework/src/Illuminate/Database/Connection.php(1267): Illuminate/Database/Connection->getPdo()
#7 D:/New folder (20)/kpi-system/vendor/laravel/framework/src/Illuminate/Database/Connection.php(512): Illuminate/Database/Connection->getReadPdo()
#8 D:/New folder (20)/kpi-system/vendor/laravel/framework/src/Illuminate/Database/Connection.php(407): Illuminate/Database/Connection->getPdoForSelect(true)
#9 D:/New folder (20)/kpi-system/vendor/laravel/framework/src/Illuminate/Database/Connection.php(812): Illuminate/Database/Connection->{closure:Illuminate/Database/Connection::select():398}('select * from `...', Array)
#10 D:/New folder (20)/kpi-system/vendor/laravel/framework/src/Illuminate/Database/Connection.php(779): Illuminate/Database/Connection->runQueryCallback('select * from `...', Array, Object(Closure))
#11 D:/New folder (20)/kpi-system/vendor/laravel/framework/src/Illuminate/Database/Connection.php(398): Illuminate/Database/Connection->run('select * from `...', Array, Object(Closure))
#12 D:/New folder (20)/kpi-system/vendor/laravel/framework/src/Illuminate/Database/Query/Builder.php(3106): Illuminate/Database/Connection->select('select * from `...', Array, true)
#13 D:/New folder (20)/kpi-system/vendor/laravel/framework/src/Illuminate/Database/Query/Builder.php(3091): Illuminate/Database/Query/Builder->runSelect()
#14 D:/New folder (20)/kpi-system/vendor/laravel/framework/src/Illuminate/Database/Query/Builder.php(3676): Illuminate/Database/Query/Builder->{closure:Illuminate/Database/Query/Builder::get():3090}()
#15 D:/New folder (20)/kpi-system/vendor/laravel/framework/src/Illuminate/Database/Query/Builder.php(3090): Illuminate/Database/Query/Builder->onceWithColumns(Array, Object(Closure))
#16 D:/New folder (20)/kpi-system/vendor/laravel/framework/src/Illuminate/Database/Eloquent/Builder.php(811): Illuminate/Database/Query/Builder->get(Array)
#17 D:/New folder (20)/kpi-system/vendor/laravel/framework/src/Illuminate/Database/Eloquent/Builder.php(793): Illuminate/Database/Eloquent/Builder->getModels(Array)
#18 D:/New folder (20)/kpi-system/vendor/laravel/framework/src/Illuminate/Database/Concerns/BuildsQueries.php(343): Illuminate/Database/Eloquent/Builder->get(Array)
#19 D:/New folder (20)/kpi-system/vendor/laravel/framework/src/Illuminate/Database/Eloquent/Builder.php(617): Illuminate/Database/Eloquent/Builder->first()
#20 D:/New folder (20)/kpi-system/vendor/laravel/framework/src/Illuminate/Support/Traits/ForwardsCalls.php(23): Illuminate/Database/Eloquent/Builder->firstOrCreate(Array, Array)
#21 D:/New folder (20)/kpi-system/vendor/laravel/framework/src/Illuminate/Database/Eloquent/Model.php(2372): Illuminate/Database/Eloquent/Model->forwardCallTo(Object(Illuminate/Database/Eloquent/Builder), 'firstOrCreate', Array)
#22 D:/New folder (20)/kpi-system/vendor/laravel/framework/src/Illuminate/Database/Eloquent/Model.php(2384): Illuminate/Database/Eloquent/Model->__call('firstOrCreate', Array)
#23 D:/New folder (20)/kpi-system/database/seeders/UserSeeder.php(29): Illuminate/Database/Eloquent/Model::__callStatic('firstOrCreate', Array)
#24 D:/New folder (20)/kpi-system/vendor/laravel/framework/src/Illuminate/Container/BoundMethod.php(36): Database/Seeders/UserSeeder->run()
#25 D:/New folder (20)/kpi-system/vendor/laravel/framework/src/Illuminate/Container/Util.php(43): Illuminate/Container/BoundMethod::{closure:Illuminate/Container/BoundMethod::call():35}()
#26 D:/New folder (20)/kpi-system/vendor/laravel/framework/src/Illuminate/Container/BoundMethod.php(95): Illuminate/Container/Util::unwrapIfClosure(Object(Closure))
#27 D:/New folder (20)/kpi-system/vendor/laravel/framework/src/Illuminate/Container/BoundMethod.php(35): Illuminate/Container/BoundMethod::callBoundMethod(Object(Illuminate/Foundation/Application), Array, Object(Closure))
#28 D:/New folder (20)/kpi-system/vendor/laravel/framework/src/Illuminate/Container/Container.php(696): Illuminate/Container/BoundMethod::call(Object(Illuminate/Foundation/Application), Array, Array, NULL)
#29 D:/New folder (20)/kpi-system/vendor/laravel/framework/src/Illuminate/Database/Seeder.php(188): Illuminate/Container/Container->call(Array, Array)
#30 D:/New folder (20)/kpi-system/vendor/laravel/framework/src/Illuminate/Database/Seeder.php(197): Illuminate/Database/Seeder->{closure:Illuminate/Database/Seeder::__invoke():187}()
#31 D:/New folder (20)/kpi-system/vendor/laravel/framework/src/Illuminate/Database/Seeder.php(61): Illuminate/Database/Seeder->__invoke(Array)
#32 D:/New folder (20)/kpi-system/database/seeders/DatabaseSeeder.php(11): Illuminate/Database/Seeder->call('Database//Seeder...')
#33 D:/New folder (20)/kpi-system/vendor/laravel/framework/src/Illuminate/Container/BoundMethod.php(36): Database/Seeders/DatabaseSeeder->run()
#34 D:/New folder (20)/kpi-system/vendor/laravel/framework/src/Illuminate/Container/Util.php(43): Illuminate/Container/BoundMethod::{closure:Illuminate/Container/BoundMethod::call():35}()
#35 D:/New folder (20)/kpi-system/vendor/laravel/framework/src/Illuminate/Container/BoundMethod.php(95): Illuminate/Container/Util::unwrapIfClosure(Object(Closure))
#36 D:/New folder (20)/kpi-system/vendor/laravel/framework/src/Illuminate/Container/BoundMethod.php(35): Illuminate/Container/BoundMethod::callBoundMethod(Object(Illuminate/Foundation/Application), Array, Object(Closure))
#37 D:/New folder (20)/kpi-system/vendor/laravel/framework/src/Illuminate/Container/Container.php(696): Illuminate/Container/BoundMethod::call(Object(Illuminate/Foundation/Application), Array, Array, NULL)
#38 D:/New folder (20)/kpi-system/vendor/laravel/framework/src/Illuminate/Database/Seeder.php(188): Illuminate/Container/Container->call(Array, Array)
#39 D:/New folder (20)/kpi-system/vendor/laravel/framework/src/Illuminate/Database/Seeder.php(197): Illuminate/Database/Seeder->{closure:Illuminate/Database/Seeder::__invoke():187}()
#40 D:/New folder (20)/kpi-system/vendor/laravel/framework/src/Illuminate/Database/Console/Seeds/SeedCommand.php(70): Illuminate/Database/Seeder->__invoke()
#41 D:/New folder (20)/kpi-system/vendor/laravel/framework/src/Illuminate/Database/Eloquent/Concerns/GuardsAttributes.php(155): Illuminate/Database/Console/Seeds/SeedCommand->{closure:Illuminate/Database/Console/Seeds/SeedCommand::handle():69}()
#42 D:/New folder (20)/kpi-system/vendor/laravel/framework/src/Illuminate/Database/Console/Seeds/SeedCommand.php(69): Illuminate/Database/Eloquent/Model::unguarded(Object(Closure))
#43 D:/New folder (20)/kpi-system/vendor/laravel/framework/src/Illuminate/Container/BoundMethod.php(36): Illuminate/Database/Console/Seeds/SeedCommand->handle()
#44 D:/New folder (20)/kpi-system/vendor/laravel/framework/src/Illuminate/Container/Util.php(43): Illuminate/Container/BoundMethod::{closure:Illuminate/Container/BoundMethod::call():35}()
#45 D:/New folder (20)/kpi-system/vendor/laravel/framework/src/Illuminate/Container/BoundMethod.php(95): Illuminate/Container/Util::unwrapIfClosure(Object(Closure))
#46 D:/New folder (20)/kpi-system/vendor/laravel/framework/src/Illuminate/Container/BoundMethod.php(35): Illuminate/Container/BoundMethod::callBoundMethod(Object(Illuminate/Foundation/Application), Array, Object(Closure))
#47 D:/New folder (20)/kpi-system/vendor/laravel/framework/src/Illuminate/Container/Container.php(696): Illuminate/Container/BoundMethod::call(Object(Illuminate/Foundation/Application), Array, Array, NULL)
#48 D:/New folder (20)/kpi-system/vendor/laravel/framework/src/Illuminate/Console/Command.php(213): Illuminate/Container/Container->call(Array)
#49 D:/New folder (20)/kpi-system/vendor/symfony/console/Command/Command.php(341): Illuminate/Console/Command->execute(Object(Symfony/Component/Console/Input/ArgvInput), Object(Illuminate/Console/OutputStyle))
#50 D:/New folder (20)/kpi-system/vendor/laravel/framework/src/Illuminate/Console/Command.php(182): Symfony/Component/Console/Command/Command->run(Object(Symfony/Component/Console/Input/ArgvInput), Object(Illuminate/Console/OutputStyle))
#51 D:/New folder (20)/kpi-system/vendor/symfony/console/Application.php(1117): Illuminate/Console/Command->run(Object(Symfony/Component/Console/Input/ArgvInput), Object(Symfony/Component/Console/Output/ConsoleOutput))
#52 D:/New folder (20)/kpi-system/vendor/symfony/console/Application.php(356): Symfony/Component/Console/Application->doRunCommand(Object(Illuminate/Database/Console/Seeds/SeedCommand), Object(Symfony/Component/Console/Input/ArgvInput), Object(Symfony/Component/Console/Output/ConsoleOutput))
#53 D:/New folder (20)/kpi-system/vendor/symfony/console/Application.php(195): Symfony/Component/Console/Application->doRun(Object(Symfony/Component/Console/Input/ArgvInput), Object(Symfony/Component/Console/Output/ConsoleOutput))
#54 D:/New folder (20)/kpi-system/vendor/laravel/framework/src/Illuminate/Foundation/Console/Kernel.php(198): Symfony/Component/Console/Application->run(Object(Symfony/Component/Console/Input/ArgvInput), Object(Symfony/Component/Console/Output/ConsoleOutput))
#55 D:/New folder (20)/kpi-system/artisan(15): Illuminate/Foundation/Console/Kernel->handle(Object(Symfony/Component/Console/Input/ArgvInput), Object(Symfony/Component/Console/Output/ConsoleOutput))
#56 {main}
"} 
[2026-06-11 09:43:05] local.ERROR: Class "App\Http\Controllers\Controller" not found {"exception":"[object] (Error(code: 0): Class \"App\\Http\\Controllers\\Controller\" not found at D:/New folder (20)/kpi-system/app/Http/Controllers/AuthController.php:10)
[stacktrace]
#0 D:/New folder (20)/kpi-system/vendor/composer/ClassLoader.php(576): include()
#1 D:/New folder (20)/kpi-system/vendor/composer/ClassLoader.php(427): {closure:Composer/Autoload/ClassLoader::initializeIncludeClosure():575}('D://New folder (...')
#2 [internal function]: Composer/Autoload/ClassLoader->loadClass('App//Http//Contro...')
#3 D:/New folder (20)/kpi-system/vendor/laravel/framework/src/Illuminate/Routing/Route.php(1117): is_a('App//Http//Contro...', 'Illuminate//Rout...', true)
#4 D:/New folder (20)/kpi-system/vendor/laravel/framework/src/Illuminate/Routing/Route.php(1054): Illuminate/Routing/Route->controllerMiddleware()
#5 D:/New folder (20)/kpi-system/vendor/laravel/framework/src/Illuminate/Routing/Router.php(820): Illuminate/Routing/Route->gatherMiddleware()
#6 D:/New folder (20)/kpi-system/vendor/laravel/framework/src/Illuminate/Routing/Router.php(802): Illuminate/Routing/Router->gatherRouteMiddleware(Object(Illuminate/Routing/Route))
#7 D:/New folder (20)/kpi-system/vendor/laravel/framework/src/Illuminate/Routing/Router.php(786): Illuminate/Routing/Router->runRouteWithinStack(Object(Illuminate/Routing/Route), Object(Illuminate/Http/Request))
#8 D:/New folder (20)/kpi-system/vendor/laravel/framework/src/Illuminate/Routing/Router.php(750): Illuminate/Routing/Router->runRoute(Object(Illuminate/Http/Request), Object(Illuminate/Routing/Route))
#9 D:/New folder (20)/kpi-system/vendor/laravel/framework/src/Illuminate/Routing/Router.php(739): Illuminate/Routing/Router->dispatchToRoute(Object(Illuminate/Http/Request))
#10 D:/New folder (20)/kpi-system/vendor/laravel/framework/src/Illuminate/Foundation/Http/Kernel.php(201): Illuminate/Routing/Router->dispatch(Object(Illuminate/Http/Request))
#11 D:/New folder (20)/kpi-system/vendor/laravel/framework/src/Illuminate/Pipeline/Pipeline.php(170): Illuminate/Foundation/Http/Kernel->{closure:Illuminate/Foundation/Http/Kernel::dispatchToRouter():198}(Object(Illuminate/Http/Request))
#12 D:/New folder (20)/kpi-system/vendor/laravel/framework/src/Illuminate/Foundation/Http/Middleware/TransformsRequest.php(21): Illuminate/Pipeline/Pipeline->{closure:Illuminate/Pipeline/Pipeline::prepareDestination():168}(Object(Illuminate/Http/Request))
#13 D:/New folder (20)/kpi-system/vendor/laravel/framework/src/Illuminate/Foundation/Http/Middleware/ConvertEmptyStringsToNull.php(31): Illuminate/Foundation/Http/Middleware/TransformsRequest->handle(Object(Illuminate/Http/Request), Object(Closure))
#14 D:/New folder (20)/kpi-system/vendor/laravel/framework/src/Illuminate/Pipeline/Pipeline.php(209): Illuminate/Foundation/Http/Middleware/ConvertEmptyStringsToNull->handle(Object(Illuminate/Http/Request), Object(Closure))
#15 D:/New folder (20)/kpi-system/vendor/laravel/framework/src/Illuminate/Foundation/Http/Middleware/TransformsRequest.php(21): Illuminate/Pipeline/Pipeline->{closure:{closure:Illuminate/Pipeline/Pipeline::carry():184}:185}(Object(Illuminate/Http/Request))
#16 D:/New folder (20)/kpi-system/vendor/laravel/framework/src/Illuminate/Foundation/Http/Middleware/TrimStrings.php(51): Illuminate/Foundation/Http/Middleware/TransformsRequest->handle(Object(Illuminate/Http/Request), Object(Closure))
#17 D:/New folder (20)/kpi-system/vendor/laravel/framework/src/Illuminate/Pipeline/Pipeline.php(209): Illuminate/Foundation/Http/Middleware/TrimStrings->handle(Object(Illuminate/Http/Request), Object(Closure))
#18 D:/New folder (20)/kpi-system/vendor/laravel/framework/src/Illuminate/Http/Middleware/ValidatePostSize.php(27): Illuminate/Pipeline/Pipeline->{closure:{closure:Illuminate/Pipeline/Pipeline::carry():184}:185}(Object(Illuminate/Http/Request))
#19 D:/New folder (20)/kpi-system/vendor/laravel/framework/src/Illuminate/Pipeline/Pipeline.php(209): Illuminate/Http/Middleware/ValidatePostSize->handle(Object(Illuminate/Http/Request), Object(Closure))
#20 D:/New folder (20)/kpi-system/vendor/laravel/framework/src/Illuminate/Foundation/Http/Middleware/PreventRequestsDuringMaintenance.php(110): Illuminate/Pipeline/Pipeline->{closure:{closure:Illuminate/Pipeline/Pipeline::carry():184}:185}(Object(Illuminate/Http/Request))
#21 D:/New folder (20)/kpi-system/vendor/laravel/framework/src/Illuminate/Pipeline/Pipeline.php(209): Illuminate/Foundation/Http/Middleware/PreventRequestsDuringMaintenance->handle(Object(Illuminate/Http/Request), Object(Closure))
#22 D:/New folder (20)/kpi-system/vendor/laravel/framework/src/Illuminate/Http/Middleware/HandleCors.php(49): Illuminate/Pipeline/Pipeline->{closure:{closure:Illuminate/Pipeline/Pipeline::carry():184}:185}(Object(Illuminate/Http/Request))
#23 D:/New folder (20)/kpi-system/vendor/laravel/framework/src/Illuminate/Pipeline/Pipeline.php(209): Illuminate/Http/Middleware/HandleCors->handle(Object(Illuminate/Http/Request), Object(Closure))
#24 D:/New folder (20)/kpi-system/vendor/laravel/framework/src/Illuminate/Http/Middleware/TrustProxies.php(58): Illuminate/Pipeline/Pipeline->{closure:{closure:Illuminate/Pipeline/Pipeline::carry():184}:185}(Object(Illuminate/Http/Request))
#25 D:/New folder (20)/kpi-system/vendor/laravel/framework/src/Illuminate/Pipeline/Pipeline.php(209): Illuminate/Http/Middleware/TrustProxies->handle(Object(Illuminate/Http/Request), Object(Closure))
#26 D:/New folder (20)/kpi-system/vendor/laravel/framework/src/Illuminate/Foundation/Http/Middleware/InvokeDeferredCallbacks.php(22): Illuminate/Pipeline/Pipeline->{closure:{closure:Illuminate/Pipeline/Pipeline::carry():184}:185}(Object(Illuminate/Http/Request))
#27 D:/New folder (20)/kpi-system/vendor/laravel/framework/src/Illuminate/Pipeline/Pipeline.php(209): Illuminate/Foundation/Http/Middleware/InvokeDeferredCallbacks->handle(Object(Illuminate/Http/Request), Object(Closure))
#28 D:/New folder (20)/kpi-system/vendor/laravel/framework/src/Illuminate/Pipeline/Pipeline.php(127): Illuminate/Pipeline/Pipeline->{closure:{closure:Illuminate/Pipeline/Pipeline::carry():184}:185}(Object(Illuminate/Http/Request))
#29 D:/New folder (20)/kpi-system/vendor/laravel/framework/src/Illuminate/Foundation/Http/Kernel.php(176): Illuminate/Pipeline/Pipeline->then(Object(Closure))
#30 D:/New folder (20)/kpi-system/vendor/laravel/framework/src/Illuminate/Foundation/Http/Kernel.php(145): Illuminate/Foundation/Http/Kernel->sendRequestThroughRouter(Object(Illuminate/Http/Request))
#31 D:/New folder (20)/kpi-system/vendor/laravel/framework/src/Illuminate/Foundation/Application.php(1220): Illuminate/Foundation/Http/Kernel->handle(Object(Illuminate/Http/Request))
#32 D:/New folder (20)/kpi-system/public/index.php(17): Illuminate/Foundation/Application->handleRequest(Object(Illuminate/Http/Request))
#33 D:/New folder (20)/kpi-system/vendor/laravel/framework/src/Illuminate/Foundation/resources/server.php(23): require_once('D://New folder (...')
#34 {main}
"} 
[2026-06-11 09:51:03] local.ERROR: SQLSTATE[HY000] [1045] Access denied for user 'root'@'localhost' (using password: YES) (Connection: mysql, SQL: select exists (select 1 from information_schema.tables where table_schema = 'kpi_system' and table_name = 'migrations' and table_type in ('BASE TABLE', 'SYSTEM VERSIONED')) as `exists`) {"exception":"[object] (Illuminate\\Database\\QueryException(code: 1045): SQLSTATE[HY000] [1045] Access denied for user 'root'@'localhost' (using password: YES) (Connection: mysql, SQL: select exists (select 1 from information_schema.tables where table_schema = 'kpi_system' and table_name = 'migrations' and table_type in ('BASE TABLE', 'SYSTEM VERSIONED')) as `exists`) at D:/New folder (20)/kpi-system/vendor/laravel/framework/src/Illuminate/Database/Connection.php:825)
[stacktrace]
#0 D:/New folder (20)/kpi-system/vendor/laravel/framework/src/Illuminate/Database/Connection.php(779): Illuminate/Database/Connection->runQueryCallback('select exists (...', Array, Object(Closure))
#1 D:/New folder (20)/kpi-system/vendor/laravel/framework/src/Illuminate/Database/Connection.php(398): Illuminate/Database/Connection->run('select exists (...', Array, Object(Closure))
#2 D:/New folder (20)/kpi-system/vendor/laravel/framework/src/Illuminate/Database/Connection.php(344): Illuminate/Database/Connection->select('select exists (...', Array, true)
#3 D:/New folder (20)/kpi-system/vendor/laravel/framework/src/Illuminate/Database/Connection.php(361): Illuminate/Database/Connection->selectOne('select exists (...', Array, true)
#4 D:/New folder (20)/kpi-system/vendor/laravel/framework/src/Illuminate/Database/Schema/MySqlBuilder.php(45): Illuminate/Database/Connection->scalar('select exists (...')
#5 D:/New folder (20)/kpi-system/vendor/laravel/framework/src/Illuminate/Database/Migrations/DatabaseMigrationRepository.php(184): Illuminate/Database/Schema/MySqlBuilder->hasTable('migrations')
#6 D:/New folder (20)/kpi-system/vendor/laravel/framework/src/Illuminate/Database/Migrations/Migrator.php(742): Illuminate/Database/Migrations/DatabaseMigrationRepository->repositoryExists()
#7 D:/New folder (20)/kpi-system/vendor/laravel/framework/src/Illuminate/Database/Console/Migrations/MigrateCommand.php(165): Illuminate/Database/Migrations/Migrator->repositoryExists()
#8 D:/New folder (20)/kpi-system/vendor/laravel/framework/src/Illuminate/Support/helpers.php(338): Illuminate/Database/Console/Migrations/MigrateCommand->{closure:Illuminate/Database/Console/Migrations/MigrateCommand::repositoryExists():165}(1)
#9 D:/New folder (20)/kpi-system/vendor/laravel/framework/src/Illuminate/Database/Console/Migrations/MigrateCommand.php(165): retry(1, Object(Closure), 0, Object(Closure))
#10 D:/New folder (20)/kpi-system/vendor/laravel/framework/src/Illuminate/Database/Console/Migrations/MigrateCommand.php(141): Illuminate/Database/Console/Migrations/MigrateCommand->repositoryExists()
#11 D:/New folder (20)/kpi-system/vendor/laravel/framework/src/Illuminate/Database/Console/Migrations/MigrateCommand.php(111): Illuminate/Database/Console/Migrations/MigrateCommand->prepareDatabase()
#12 D:/New folder (20)/kpi-system/vendor/laravel/framework/src/Illuminate/Database/Migrations/Migrator.php(658): Illuminate/Database/Console/Migrations/MigrateCommand->{closure:Illuminate/Database/Console/Migrations/MigrateCommand::runMigrations():110}()
#13 D:/New folder (20)/kpi-system/vendor/laravel/framework/src/Illuminate/Database/Console/Migrations/MigrateCommand.php(110): Illuminate/Database/Migrations/Migrator->usingConnection(NULL, Object(Closure))
#14 D:/New folder (20)/kpi-system/vendor/laravel/framework/src/Illuminate/Database/Console/Migrations/MigrateCommand.php(89): Illuminate/Database/Console/Migrations/MigrateCommand->runMigrations()
#15 D:/New folder (20)/kpi-system/vendor/laravel/framework/src/Illuminate/Container/BoundMethod.php(36): Illuminate/Database/Console/Migrations/MigrateCommand->handle()
#16 D:/New folder (20)/kpi-system/vendor/laravel/framework/src/Illuminate/Container/Util.php(43): Illuminate/Container/BoundMethod::{closure:Illuminate/Container/BoundMethod::call():35}()
#17 D:/New folder (20)/kpi-system/vendor/laravel/framework/src/Illuminate/Container/BoundMethod.php(95): Illuminate/Container/Util::unwrapIfClosure(Object(Closure))
#18 D:/New folder (20)/kpi-system/vendor/laravel/framework/src/Illuminate/Container/BoundMethod.php(35): Illuminate/Container/BoundMethod::callBoundMethod(Object(Illuminate/Foundation/Application), Array, Object(Closure))
#19 D:/New folder (20)/kpi-system/vendor/laravel/framework/src/Illuminate/Container/Container.php(696): Illuminate/Container/BoundMethod::call(Object(Illuminate/Foundation/Application), Array, Array, NULL)
#20 D:/New folder (20)/kpi-system/vendor/laravel/framework/src/Illuminate/Console/Command.php(213): Illuminate/Container/Container->call(Array)
#21 D:/New folder (20)/kpi-system/vendor/symfony/console/Command/Command.php(341): Illuminate/Console/Command->execute(Object(Symfony/Component/Console/Input/ArgvInput), Object(Illuminate/Console/OutputStyle))
#22 D:/New folder (20)/kpi-system/vendor/laravel/framework/src/Illuminate/Console/Command.php(182): Symfony/Component/Console/Command/Command->run(Object(Symfony/Component/Console/Input/ArgvInput), Object(Illuminate/Console/OutputStyle))
#23 D:/New folder (20)/kpi-system/vendor/symfony/console/Application.php(1117): Illuminate/Console/Command->run(Object(Symfony/Component/Console/Input/ArgvInput), Object(Symfony/Component/Console/Output/ConsoleOutput))
#24 D:/New folder (20)/kpi-system/vendor/symfony/console/Application.php(356): Symfony/Component/Console/Application->doRunCommand(Object(Illuminate/Database/Console/Migrations/MigrateCommand), Object(Symfony/Component/Console/Input/ArgvInput), Object(Symfony/Component/Console/Output/ConsoleOutput))
#25 D:/New folder (20)/kpi-system/vendor/symfony/console/Application.php(195): Symfony/Component/Console/Application->doRun(Object(Symfony/Component/Console/Input/ArgvInput), Object(Symfony/Component/Console/Output/ConsoleOutput))
#26 D:/New folder (20)/kpi-system/vendor/laravel/framework/src/Illuminate/Foundation/Console/Kernel.php(198): Symfony/Component/Console/Application->run(Object(Symfony/Component/Console/Input/ArgvInput), Object(Symfony/Component/Console/Output/ConsoleOutput))
#27 D:/New folder (20)/kpi-system/artisan(15): Illuminate/Foundation/Console/Kernel->handle(Object(Symfony/Component/Console/Input/ArgvInput), Object(Symfony/Component/Console/Output/ConsoleOutput))
#28 {main}

[previous exception] [object] (PDOException(code: 1045): SQLSTATE[HY000] [1045] Access denied for user 'root'@'localhost' (using password: YES) at D:/New folder (20)/kpi-system/vendor/laravel/framework/src/Illuminate/Database/Connectors/Connector.php:67)
[stacktrace]
#0 D:/New folder (20)/kpi-system/vendor/laravel/framework/src/Illuminate/Database/Connectors/Connector.php(67): PDO::connect('mysql:host=127....', 'root', Object(SensitiveParameterValue), Array)
#1 D:/New folder (20)/kpi-system/vendor/laravel/framework/src/Illuminate/Database/Connectors/Connector.php(44): Illuminate/Database/Connectors/Connector->createPdoConnection('mysql:host=127....', 'root', Object(SensitiveParameterValue), Array)
#2 D:/New folder (20)/kpi-system/vendor/laravel/framework/src/Illuminate/Database/Connectors/MySqlConnector.php(24): Illuminate/Database/Connectors/Connector->createConnection('mysql:host=127....', Array, Array)
#3 D:/New folder (20)/kpi-system/vendor/laravel/framework/src/Illuminate/Database/Connectors/ConnectionFactory.php(185): Illuminate/Database/Connectors/MySqlConnector->connect(Array)
#4 [internal function]: Illuminate/Database/Connectors/ConnectionFactory->{closure:Illuminate/Database/Connectors/ConnectionFactory::createPdoResolverWithHosts():180}()
#5 D:/New folder (20)/kpi-system/vendor/laravel/framework/src/Illuminate/Database/Connection.php(1231): call_user_func(Object(Closure))
#6 D:/New folder (20)/kpi-system/vendor/laravel/framework/src/Illuminate/Database/Connection.php(1267): Illuminate/Database/Connection->getPdo()
#7 D:/New folder (20)/kpi-system/vendor/laravel/framework/src/Illuminate/Database/Connection.php(512): Illuminate/Database/Connection->getReadPdo()
#8 D:/New folder (20)/kpi-system/vendor/laravel/framework/src/Illuminate/Database/Connection.php(407): Illuminate/Database/Connection->getPdoForSelect(true)
#9 D:/New folder (20)/kpi-system/vendor/laravel/framework/src/Illuminate/Database/Connection.php(812): Illuminate/Database/Connection->{closure:Illuminate/Database/Connection::select():398}('select exists (...', Array)
#10 D:/New folder (20)/kpi-system/vendor/laravel/framework/src/Illuminate/Database/Connection.php(779): Illuminate/Database/Connection->runQueryCallback('select exists (...', Array, Object(Closure))
#11 D:/New folder (20)/kpi-system/vendor/laravel/framework/src/Illuminate/Database/Connection.php(398): Illuminate/Database/Connection->run('select exists (...', Array, Object(Closure))
#12 D:/New folder (20)/kpi-system/vendor/laravel/framework/src/Illuminate/Database/Connection.php(344): Illuminate/Database/Connection->select('select exists (...', Array, true)
#13 D:/New folder (20)/kpi-system/vendor/laravel/framework/src/Illuminate/Database/Connection.php(361): Illuminate/Database/Connection->selectOne('select exists (...', Array, true)
#14 D:/New folder (20)/kpi-system/vendor/laravel/framework/src/Illuminate/Database/Schema/MySqlBuilder.php(45): Illuminate/Database/Connection->scalar('select exists (...')
#15 D:/New folder (20)/kpi-system/vendor/laravel/framework/src/Illuminate/Database/Migrations/DatabaseMigrationRepository.php(184): Illuminate/Database/Schema/MySqlBuilder->hasTable('migrations')
#16 D:/New folder (20)/kpi-system/vendor/laravel/framework/src/Illuminate/Database/Migrations/Migrator.php(742): Illuminate/Database/Migrations/DatabaseMigrationRepository->repositoryExists()
#17 D:/New folder (20)/kpi-system/vendor/laravel/framework/src/Illuminate/Database/Console/Migrations/MigrateCommand.php(165): Illuminate/Database/Migrations/Migrator->repositoryExists()
#18 D:/New folder (20)/kpi-system/vendor/laravel/framework/src/Illuminate/Support/helpers.php(338): Illuminate/Database/Console/Migrations/MigrateCommand->{closure:Illuminate/Database/Console/Migrations/MigrateCommand::repositoryExists():165}(1)
#19 D:/New folder (20)/kpi-system/vendor/laravel/framework/src/Illuminate/Database/Console/Migrations/MigrateCommand.php(165): retry(1, Object(Closure), 0, Object(Closure))
#20 D:/New folder (20)/kpi-system/vendor/laravel/framework/src/Illuminate/Database/Console/Migrations/MigrateCommand.php(141): Illuminate/Database/Console/Migrations/MigrateCommand->repositoryExists()
#21 D:/New folder (20)/kpi-system/vendor/laravel/framework/src/Illuminate/Database/Console/Migrations/MigrateCommand.php(111): Illuminate/Database/Console/Migrations/MigrateCommand->prepareDatabase()
#22 D:/New folder (20)/kpi-system/vendor/laravel/framework/src/Illuminate/Database/Migrations/Migrator.php(658): Illuminate/Database/Console/Migrations/MigrateCommand->{closure:Illuminate/Database/Console/Migrations/MigrateCommand::runMigrations():110}()
#23 D:/New folder (20)/kpi-system/vendor/laravel/framework/src/Illuminate/Database/Console/Migrations/MigrateCommand.php(110): Illuminate/Database/Migrations/Migrator->usingConnection(NULL, Object(Closure))
#24 D:/New folder (20)/kpi-system/vendor/laravel/framework/src/Illuminate/Database/Console/Migrations/MigrateCommand.php(89): Illuminate/Database/Console/Migrations/MigrateCommand->runMigrations()
#25 D:/New folder (20)/kpi-system/vendor/laravel/framework/src/Illuminate/Container/BoundMethod.php(36): Illuminate/Database/Console/Migrations/MigrateCommand->handle()
#26 D:/New folder (20)/kpi-system/vendor/laravel/framework/src/Illuminate/Container/Util.php(43): Illuminate/Container/BoundMethod::{closure:Illuminate/Container/BoundMethod::call():35}()
#27 D:/New folder (20)/kpi-system/vendor/laravel/framework/src/Illuminate/Container/BoundMethod.php(95): Illuminate/Container/Util::unwrapIfClosure(Object(Closure))
#28 D:/New folder (20)/kpi-system/vendor/laravel/framework/src/Illuminate/Container/BoundMethod.php(35): Illuminate/Container/BoundMethod::callBoundMethod(Object(Illuminate/Foundation/Application), Array, Object(Closure))
#29 D:/New folder (20)/kpi-system/vendor/laravel/framework/src/Illuminate/Container/Container.php(696): Illuminate/Container/BoundMethod::call(Object(Illuminate/Foundation/Application), Array, Array, NULL)
#30 D:/New folder (20)/kpi-system/vendor/laravel/framework/src/Illuminate/Console/Command.php(213): Illuminate/Container/Container->call(Array)
#31 D:/New folder (20)/kpi-system/vendor/symfony/console/Command/Command.php(341): Illuminate/Console/Command->execute(Object(Symfony/Component/Console/Input/ArgvInput), Object(Illuminate/Console/OutputStyle))
#32 D:/New folder (20)/kpi-system/vendor/laravel/framework/src/Illuminate/Console/Command.php(182): Symfony/Component/Console/Command/Command->run(Object(Symfony/Component/Console/Input/ArgvInput), Object(Illuminate/Console/OutputStyle))
#33 D:/New folder (20)/kpi-system/vendor/symfony/console/Application.php(1117): Illuminate/Console/Command->run(Object(Symfony/Component/Console/Input/ArgvInput), Object(Symfony/Component/Console/Output/ConsoleOutput))
#34 D:/New folder (20)/kpi-system/vendor/symfony/console/Application.php(356): Symfony/Component/Console/Application->doRunCommand(Object(Illuminate/Database/Console/Migrations/MigrateCommand), Object(Symfony/Component/Console/Input/ArgvInput), Object(Symfony/Component/Console/Output/ConsoleOutput))
#35 D:/New folder (20)/kpi-system/vendor/symfony/console/Application.php(195): Symfony/Component/Console/Application->doRun(Object(Symfony/Component/Console/Input/ArgvInput), Object(Symfony/Component/Console/Output/ConsoleOutput))
#36 D:/New folder (20)/kpi-system/vendor/laravel/framework/src/Illuminate/Foundation/Console/Kernel.php(198): Symfony/Component/Console/Application->run(Object(Symfony/Component/Console/Input/ArgvInput), Object(Symfony/Component/Console/Output/ConsoleOutput))
#37 D:/New folder (20)/kpi-system/artisan(15): Illuminate/Foundation/Console/Kernel->handle(Object(Symfony/Component/Console/Input/ArgvInput), Object(Symfony/Component/Console/Output/ConsoleOutput))
#38 {main}
"} 
[2026-06-11 09:51:10] local.ERROR: SQLSTATE[HY000] [1045] Access denied for user 'root'@'localhost' (using password: YES) (Connection: mysql, SQL: select exists (select 1 from information_schema.tables where table_schema = 'kpi_system' and table_name = 'migrations' and table_type in ('BASE TABLE', 'SYSTEM VERSIONED')) as `exists`) {"exception":"[object] (Illuminate\\Database\\QueryException(code: 1045): SQLSTATE[HY000] [1045] Access denied for user 'root'@'localhost' (using password: YES) (Connection: mysql, SQL: select exists (select 1 from information_schema.tables where table_schema = 'kpi_system' and table_name = 'migrations' and table_type in ('BASE TABLE', 'SYSTEM VERSIONED')) as `exists`) at D:/New folder (20)/kpi-system/vendor/laravel/framework/src/Illuminate/Database/Connection.php:825)
[stacktrace]
#0 D:/New folder (20)/kpi-system/vendor/laravel/framework/src/Illuminate/Database/Connection.php(779): Illuminate/Database/Connection->runQueryCallback('select exists (...', Array, Object(Closure))
#1 D:/New folder (20)/kpi-system/vendor/laravel/framework/src/Illuminate/Database/Connection.php(398): Illuminate/Database/Connection->run('select exists (...', Array, Object(Closure))
#2 D:/New folder (20)/kpi-system/vendor/laravel/framework/src/Illuminate/Database/Connection.php(344): Illuminate/Database/Connection->select('select exists (...', Array, true)
#3 D:/New folder (20)/kpi-system/vendor/laravel/framework/src/Illuminate/Database/Connection.php(361): Illuminate/Database/Connection->selectOne('select exists (...', Array, true)
#4 D:/New folder (20)/kpi-system/vendor/laravel/framework/src/Illuminate/Database/Schema/MySqlBuilder.php(45): Illuminate/Database/Connection->scalar('select exists (...')
#5 D:/New folder (20)/kpi-system/vendor/laravel/framework/src/Illuminate/Database/Migrations/DatabaseMigrationRepository.php(184): Illuminate/Database/Schema/MySqlBuilder->hasTable('migrations')
#6 D:/New folder (20)/kpi-system/vendor/laravel/framework/src/Illuminate/Database/Migrations/Migrator.php(742): Illuminate/Database/Migrations/DatabaseMigrationRepository->repositoryExists()
#7 D:/New folder (20)/kpi-system/vendor/laravel/framework/src/Illuminate/Database/Console/Migrations/MigrateCommand.php(165): Illuminate/Database/Migrations/Migrator->repositoryExists()
#8 D:/New folder (20)/kpi-system/vendor/laravel/framework/src/Illuminate/Support/helpers.php(338): Illuminate/Database/Console/Migrations/MigrateCommand->{closure:Illuminate/Database/Console/Migrations/MigrateCommand::repositoryExists():165}(1)
#9 D:/New folder (20)/kpi-system/vendor/laravel/framework/src/Illuminate/Database/Console/Migrations/MigrateCommand.php(165): retry(1, Object(Closure), 0, Object(Closure))
#10 D:/New folder (20)/kpi-system/vendor/laravel/framework/src/Illuminate/Database/Console/Migrations/MigrateCommand.php(141): Illuminate/Database/Console/Migrations/MigrateCommand->repositoryExists()
#11 D:/New folder (20)/kpi-system/vendor/laravel/framework/src/Illuminate/Database/Console/Migrations/MigrateCommand.php(111): Illuminate/Database/Console/Migrations/MigrateCommand->prepareDatabase()
#12 D:/New folder (20)/kpi-system/vendor/laravel/framework/src/Illuminate/Database/Migrations/Migrator.php(658): Illuminate/Database/Console/Migrations/MigrateCommand->{closure:Illuminate/Database/Console/Migrations/MigrateCommand::runMigrations():110}()
#13 D:/New folder (20)/kpi-system/vendor/laravel/framework/src/Illuminate/Database/Console/Migrations/MigrateCommand.php(110): Illuminate/Database/Migrations/Migrator->usingConnection(NULL, Object(Closure))
#14 D:/New folder (20)/kpi-system/vendor/laravel/framework/src/Illuminate/Database/Console/Migrations/MigrateCommand.php(89): Illuminate/Database/Console/Migrations/MigrateCommand->runMigrations()
#15 D:/New folder (20)/kpi-system/vendor/laravel/framework/src/Illuminate/Container/BoundMethod.php(36): Illuminate/Database/Console/Migrations/MigrateCommand->handle()
#16 D:/New folder (20)/kpi-system/vendor/laravel/framework/src/Illuminate/Container/Util.php(43): Illuminate/Container/BoundMethod::{closure:Illuminate/Container/BoundMethod::call():35}()
#17 D:/New folder (20)/kpi-system/vendor/laravel/framework/src/Illuminate/Container/BoundMethod.php(95): Illuminate/Container/Util::unwrapIfClosure(Object(Closure))
#18 D:/New folder (20)/kpi-system/vendor/laravel/framework/src/Illuminate/Container/BoundMethod.php(35): Illuminate/Container/BoundMethod::callBoundMethod(Object(Illuminate/Foundation/Application), Array, Object(Closure))
#19 D:/New folder (20)/kpi-system/vendor/laravel/framework/src/Illuminate/Container/Container.php(696): Illuminate/Container/BoundMethod::call(Object(Illuminate/Foundation/Application), Array, Array, NULL)
#20 D:/New folder (20)/kpi-system/vendor/laravel/framework/src/Illuminate/Console/Command.php(213): Illuminate/Container/Container->call(Array)
#21 D:/New folder (20)/kpi-system/vendor/symfony/console/Command/Command.php(341): Illuminate/Console/Command->execute(Object(Symfony/Component/Console/Input/ArgvInput), Object(Illuminate/Console/OutputStyle))
#22 D:/New folder (20)/kpi-system/vendor/laravel/framework/src/Illuminate/Console/Command.php(182): Symfony/Component/Console/Command/Command->run(Object(Symfony/Component/Console/Input/ArgvInput), Object(Illuminate/Console/OutputStyle))
#23 D:/New folder (20)/kpi-system/vendor/symfony/console/Application.php(1117): Illuminate/Console/Command->run(Object(Symfony/Component/Console/Input/ArgvInput), Object(Symfony/Component/Console/Output/ConsoleOutput))
#24 D:/New folder (20)/kpi-system/vendor/symfony/console/Application.php(356): Symfony/Component/Console/Application->doRunCommand(Object(Illuminate/Database/Console/Migrations/MigrateCommand), Object(Symfony/Component/Console/Input/ArgvInput), Object(Symfony/Component/Console/Output/ConsoleOutput))
#25 D:/New folder (20)/kpi-system/vendor/symfony/console/Application.php(195): Symfony/Component/Console/Application->doRun(Object(Symfony/Component/Console/Input/ArgvInput), Object(Symfony/Component/Console/Output/ConsoleOutput))
#26 D:/New folder (20)/kpi-system/vendor/laravel/framework/src/Illuminate/Foundation/Console/Kernel.php(198): Symfony/Component/Console/Application->run(Object(Symfony/Component/Console/Input/ArgvInput), Object(Symfony/Component/Console/Output/ConsoleOutput))
#27 D:/New folder (20)/kpi-system/artisan(15): Illuminate/Foundation/Console/Kernel->handle(Object(Symfony/Component/Console/Input/ArgvInput), Object(Symfony/Component/Console/Output/ConsoleOutput))
#28 {main}

[previous exception] [object] (PDOException(code: 1045): SQLSTATE[HY000] [1045] Access denied for user 'root'@'localhost' (using password: YES) at D:/New folder (20)/kpi-system/vendor/laravel/framework/src/Illuminate/Database/Connectors/Connector.php:67)
[stacktrace]
#0 D:/New folder (20)/kpi-system/vendor/laravel/framework/src/Illuminate/Database/Connectors/Connector.php(67): PDO::connect('mysql:host=127....', 'root', Object(SensitiveParameterValue), Array)
#1 D:/New folder (20)/kpi-system/vendor/laravel/framework/src/Illuminate/Database/Connectors/Connector.php(44): Illuminate/Database/Connectors/Connector->createPdoConnection('mysql:host=127....', 'root', Object(SensitiveParameterValue), Array)
#2 D:/New folder (20)/kpi-system/vendor/laravel/framework/src/Illuminate/Database/Connectors/MySqlConnector.php(24): Illuminate/Database/Connectors/Connector->createConnection('mysql:host=127....', Array, Array)
#3 D:/New folder (20)/kpi-system/vendor/laravel/framework/src/Illuminate/Database/Connectors/ConnectionFactory.php(185): Illuminate/Database/Connectors/MySqlConnector->connect(Array)
#4 [internal function]: Illuminate/Database/Connectors/ConnectionFactory->{closure:Illuminate/Database/Connectors/ConnectionFactory::createPdoResolverWithHosts():180}()
#5 D:/New folder (20)/kpi-system/vendor/laravel/framework/src/Illuminate/Database/Connection.php(1231): call_user_func(Object(Closure))
#6 D:/New folder (20)/kpi-system/vendor/laravel/framework/src/Illuminate/Database/Connection.php(1267): Illuminate/Database/Connection->getPdo()
#7 D:/New folder (20)/kpi-system/vendor/laravel/framework/src/Illuminate/Database/Connection.php(512): Illuminate/Database/Connection->getReadPdo()
#8 D:/New folder (20)/kpi-system/vendor/laravel/framework/src/Illuminate/Database/Connection.php(407): Illuminate/Database/Connection->getPdoForSelect(true)
#9 D:/New folder (20)/kpi-system/vendor/laravel/framework/src/Illuminate/Database/Connection.php(812): Illuminate/Database/Connection->{closure:Illuminate/Database/Connection::select():398}('select exists (...', Array)
#10 D:/New folder (20)/kpi-system/vendor/laravel/framework/src/Illuminate/Database/Connection.php(779): Illuminate/Database/Connection->runQueryCallback('select exists (...', Array, Object(Closure))
#11 D:/New folder (20)/kpi-system/vendor/laravel/framework/src/Illuminate/Database/Connection.php(398): Illuminate/Database/Connection->run('select exists (...', Array, Object(Closure))
#12 D:/New folder (20)/kpi-system/vendor/laravel/framework/src/Illuminate/Database/Connection.php(344): Illuminate/Database/Connection->select('select exists (...', Array, true)
#13 D:/New folder (20)/kpi-system/vendor/laravel/framework/src/Illuminate/Database/Connection.php(361): Illuminate/Database/Connection->selectOne('select exists (...', Array, true)
#14 D:/New folder (20)/kpi-system/vendor/laravel/framework/src/Illuminate/Database/Schema/MySqlBuilder.php(45): Illuminate/Database/Connection->scalar('select exists (...')
#15 D:/New folder (20)/kpi-system/vendor/laravel/framework/src/Illuminate/Database/Migrations/DatabaseMigrationRepository.php(184): Illuminate/Database/Schema/MySqlBuilder->hasTable('migrations')
#16 D:/New folder (20)/kpi-system/vendor/laravel/framework/src/Illuminate/Database/Migrations/Migrator.php(742): Illuminate/Database/Migrations/DatabaseMigrationRepository->repositoryExists()
#17 D:/New folder (20)/kpi-system/vendor/laravel/framework/src/Illuminate/Database/Console/Migrations/MigrateCommand.php(165): Illuminate/Database/Migrations/Migrator->repositoryExists()
#18 D:/New folder (20)/kpi-system/vendor/laravel/framework/src/Illuminate/Support/helpers.php(338): Illuminate/Database/Console/Migrations/MigrateCommand->{closure:Illuminate/Database/Console/Migrations/MigrateCommand::repositoryExists():165}(1)
#19 D:/New folder (20)/kpi-system/vendor/laravel/framework/src/Illuminate/Database/Console/Migrations/MigrateCommand.php(165): retry(1, Object(Closure), 0, Object(Closure))
#20 D:/New folder (20)/kpi-system/vendor/laravel/framework/src/Illuminate/Database/Console/Migrations/MigrateCommand.php(141): Illuminate/Database/Console/Migrations/MigrateCommand->repositoryExists()
#21 D:/New folder (20)/kpi-system/vendor/laravel/framework/src/Illuminate/Database/Console/Migrations/MigrateCommand.php(111): Illuminate/Database/Console/Migrations/MigrateCommand->prepareDatabase()
#22 D:/New folder (20)/kpi-system/vendor/laravel/framework/src/Illuminate/Database/Migrations/Migrator.php(658): Illuminate/Database/Console/Migrations/MigrateCommand->{closure:Illuminate/Database/Console/Migrations/MigrateCommand::runMigrations():110}()
#23 D:/New folder (20)/kpi-system/vendor/laravel/framework/src/Illuminate/Database/Console/Migrations/MigrateCommand.php(110): Illuminate/Database/Migrations/Migrator->usingConnection(NULL, Object(Closure))
#24 D:/New folder (20)/kpi-system/vendor/laravel/framework/src/Illuminate/Database/Console/Migrations/MigrateCommand.php(89): Illuminate/Database/Console/Migrations/MigrateCommand->runMigrations()
#25 D:/New folder (20)/kpi-system/vendor/laravel/framework/src/Illuminate/Container/BoundMethod.php(36): Illuminate/Database/Console/Migrations/MigrateCommand->handle()
#26 D:/New folder (20)/kpi-system/vendor/laravel/framework/src/Illuminate/Container/Util.php(43): Illuminate/Container/BoundMethod::{closure:Illuminate/Container/BoundMethod::call():35}()
#27 D:/New folder (20)/kpi-system/vendor/laravel/framework/src/Illuminate/Container/BoundMethod.php(95): Illuminate/Container/Util::unwrapIfClosure(Object(Closure))
#28 D:/New folder (20)/kpi-system/vendor/laravel/framework/src/Illuminate/Container/BoundMethod.php(35): Illuminate/Container/BoundMethod::callBoundMethod(Object(Illuminate/Foundation/Application), Array, Object(Closure))
#29 D:/New folder (20)/kpi-system/vendor/laravel/framework/src/Illuminate/Container/Container.php(696): Illuminate/Container/BoundMethod::call(Object(Illuminate/Foundation/Application), Array, Array, NULL)
#30 D:/New folder (20)/kpi-system/vendor/laravel/framework/src/Illuminate/Console/Command.php(213): Illuminate/Container/Container->call(Array)
#31 D:/New folder (20)/kpi-system/vendor/symfony/console/Command/Command.php(341): Illuminate/Console/Command->execute(Object(Symfony/Component/Console/Input/ArgvInput), Object(Illuminate/Console/OutputStyle))
#32 D:/New folder (20)/kpi-system/vendor/laravel/framework/src/Illuminate/Console/Command.php(182): Symfony/Component/Console/Command/Command->run(Object(Symfony/Component/Console/Input/ArgvInput), Object(Illuminate/Console/OutputStyle))
#33 D:/New folder (20)/kpi-system/vendor/symfony/console/Application.php(1117): Illuminate/Console/Command->run(Object(Symfony/Component/Console/Input/ArgvInput), Object(Symfony/Component/Console/Output/ConsoleOutput))
#34 D:/New folder (20)/kpi-system/vendor/symfony/console/Application.php(356): Symfony/Component/Console/Application->doRunCommand(Object(Illuminate/Database/Console/Migrations/MigrateCommand), Object(Symfony/Component/Console/Input/ArgvInput), Object(Symfony/Component/Console/Output/ConsoleOutput))
#35 D:/New folder (20)/kpi-system/vendor/symfony/console/Application.php(195): Symfony/Component/Console/Application->doRun(Object(Symfony/Component/Console/Input/ArgvInput), Object(Symfony/Component/Console/Output/ConsoleOutput))
#36 D:/New folder (20)/kpi-system/vendor/laravel/framework/src/Illuminate/Foundation/Console/Kernel.php(198): Symfony/Component/Console/Application->run(Object(Symfony/Component/Console/Input/ArgvInput), Object(Symfony/Component/Console/Output/ConsoleOutput))
#37 D:/New folder (20)/kpi-system/artisan(15): Illuminate/Foundation/Console/Kernel->handle(Object(Symfony/Component/Console/Input/ArgvInput), Object(Symfony/Component/Console/Output/ConsoleOutput))
#38 {main}
"} 
[2026-06-11 09:51:34] local.ERROR: SQLSTATE[HY000] [1045] Access denied for user 'root'@'localhost' (using password: YES) (Connection: mysql, SQL: select * from `users` where `email` = email123@gmail.com limit 1) {"exception":"[object] (Illuminate\\Database\\QueryException(code: 1045): SQLSTATE[HY000] [1045] Access denied for user 'root'@'localhost' (using password: YES) (Connection: mysql, SQL: select * from `users` where `email` = email123@gmail.com limit 1) at D:/New folder (20)/kpi-system/vendor/laravel/framework/src/Illuminate/Database/Connection.php:825)
[stacktrace]
#0 D:/New folder (20)/kpi-system/vendor/laravel/framework/src/Illuminate/Database/Connection.php(779): Illuminate/Database/Connection->runQueryCallback('select * from `...', Array, Object(Closure))
#1 D:/New folder (20)/kpi-system/vendor/laravel/framework/src/Illuminate/Database/Connection.php(398): Illuminate/Database/Connection->run('select * from `...', Array, Object(Closure))
#2 D:/New folder (20)/kpi-system/vendor/laravel/framework/src/Illuminate/Database/Query/Builder.php(3106): Illuminate/Database/Connection->select('select * from `...', Array, true)
#3 D:/New folder (20)/kpi-system/vendor/laravel/framework/src/Illuminate/Database/Query/Builder.php(3091): Illuminate/Database/Query/Builder->runSelect()
#4 D:/New folder (20)/kpi-system/vendor/laravel/framework/src/Illuminate/Database/Query/Builder.php(3676): Illuminate/Database/Query/Builder->{closure:Illuminate/Database/Query/Builder::get():3090}()
#5 D:/New folder (20)/kpi-system/vendor/laravel/framework/src/Illuminate/Database/Query/Builder.php(3090): Illuminate/Database/Query/Builder->onceWithColumns(Array, Object(Closure))
#6 D:/New folder (20)/kpi-system/vendor/laravel/framework/src/Illuminate/Database/Eloquent/Builder.php(811): Illuminate/Database/Query/Builder->get(Array)
#7 D:/New folder (20)/kpi-system/vendor/laravel/framework/src/Illuminate/Database/Eloquent/Builder.php(793): Illuminate/Database/Eloquent/Builder->getModels(Array)
#8 D:/New folder (20)/kpi-system/vendor/laravel/framework/src/Illuminate/Database/Concerns/BuildsQueries.php(343): Illuminate/Database/Eloquent/Builder->get(Array)
#9 D:/New folder (20)/kpi-system/vendor/laravel/framework/src/Illuminate/Auth/EloquentUserProvider.php(139): Illuminate/Database/Eloquent/Builder->first()
#10 D:/New folder (20)/kpi-system/vendor/laravel/framework/src/Illuminate/Auth/SessionGuard.php(415): Illuminate/Auth/EloquentUserProvider->retrieveByCredentials(Object(SensitiveParameterValue))
#11 D:/New folder (20)/kpi-system/vendor/laravel/framework/src/Illuminate/Support/Timebox.php(34): Illuminate/Auth/SessionGuard->{closure:Illuminate/Auth/SessionGuard::attempt():412}(Object(Illuminate/Support/Timebox))
#12 D:/New folder (20)/kpi-system/vendor/laravel/framework/src/Illuminate/Auth/SessionGuard.php(412): Illuminate/Support/Timebox->call(Object(Closure), 200000)
#13 D:/New folder (20)/kpi-system/vendor/laravel/framework/src/Illuminate/Auth/AuthManager.php(340): Illuminate/Auth/SessionGuard->attempt(Array, false)
#14 D:/New folder (20)/kpi-system/vendor/laravel/framework/src/Illuminate/Support/Facades/Facade.php(361): Illuminate/Auth/AuthManager->__call('attempt', Array)
#15 D:/New folder (20)/kpi-system/app/Http/Controllers/AuthController.php(29): Illuminate/Support/Facades/Facade::__callStatic('attempt', Array)
#16 D:/New folder (20)/kpi-system/vendor/laravel/framework/src/Illuminate/Routing/ControllerDispatcher.php(47): App/Http/Controllers/AuthController->login(Object(Illuminate/Http/Request))
#17 D:/New folder (20)/kpi-system/vendor/laravel/framework/src/Illuminate/Routing/Route.php(266): Illuminate/Routing/ControllerDispatcher->dispatch(Object(Illuminate/Routing/Route), Object(App/Http/Controllers/AuthController), 'login')
#18 D:/New folder (20)/kpi-system/vendor/laravel/framework/src/Illuminate/Routing/Route.php(212): Illuminate/Routing/Route->runController()
#19 D:/New folder (20)/kpi-system/vendor/laravel/framework/src/Illuminate/Routing/Router.php(808): Illuminate/Routing/Route->run()
#20 D:/New folder (20)/kpi-system/vendor/laravel/framework/src/Illuminate/Pipeline/Pipeline.php(170): Illuminate/Routing/Router->{closure:Illuminate/Routing/Router::runRouteWithinStack():807}(Object(Illuminate/Http/Request))
#21 D:/New folder (20)/kpi-system/vendor/laravel/framework/src/Illuminate/Routing/Middleware/SubstituteBindings.php(51): Illuminate/Pipeline/Pipeline->{closure:Illuminate/Pipeline/Pipeline::prepareDestination():168}(Object(Illuminate/Http/Request))
#22 D:/New folder (20)/kpi-system/vendor/laravel/framework/src/Illuminate/Pipeline/Pipeline.php(209): Illuminate/Routing/Middleware/SubstituteBindings->handle(Object(Illuminate/Http/Request), Object(Closure))
#23 D:/New folder (20)/kpi-system/vendor/laravel/framework/src/Illuminate/Foundation/Http/Middleware/VerifyCsrfToken.php(88): Illuminate/Pipeline/Pipeline->{closure:{closure:Illuminate/Pipeline/Pipeline::carry():184}:185}(Object(Illuminate/Http/Request))
#24 D:/New folder (20)/kpi-system/vendor/laravel/framework/src/Illuminate/Pipeline/Pipeline.php(209): Illuminate/Foundation/Http/Middleware/VerifyCsrfToken->handle(Object(Illuminate/Http/Request), Object(Closure))
#25 D:/New folder (20)/kpi-system/vendor/laravel/framework/src/Illuminate/View/Middleware/ShareErrorsFromSession.php(49): Illuminate/Pipeline/Pipeline->{closure:{closure:Illuminate/Pipeline/Pipeline::carry():184}:185}(Object(Illuminate/Http/Request))
#26 D:/New folder (20)/kpi-system/vendor/laravel/framework/src/Illuminate/Pipeline/Pipeline.php(209): Illuminate/View/Middleware/ShareErrorsFromSession->handle(Object(Illuminate/Http/Request), Object(Closure))
#27 D:/New folder (20)/kpi-system/vendor/laravel/framework/src/Illuminate/Session/Middleware/StartSession.php(121): Illuminate/Pipeline/Pipeline->{closure:{closure:Illuminate/Pipeline/Pipeline::carry():184}:185}(Object(Illuminate/Http/Request))
#28 D:/New folder (20)/kpi-system/vendor/laravel/framework/src/Illuminate/Session/Middleware/StartSession.php(64): Illuminate/Session/Middleware/StartSession->handleStatefulRequest(Object(Illuminate/Http/Request), Object(Illuminate/Session/Store), Object(Closure))
#29 D:/New folder (20)/kpi-system/vendor/laravel/framework/src/Illuminate/Pipeline/Pipeline.php(209): Illuminate/Session/Middleware/StartSession->handle(Object(Illuminate/Http/Request), Object(Closure))
#30 D:/New folder (20)/kpi-system/vendor/laravel/framework/src/Illuminate/Cookie/Middleware/AddQueuedCookiesToResponse.php(37): Illuminate/Pipeline/Pipeline->{closure:{closure:Illuminate/Pipeline/Pipeline::carry():184}:185}(Object(Illuminate/Http/Request))
#31 D:/New folder (20)/kpi-system/vendor/laravel/framework/src/Illuminate/Pipeline/Pipeline.php(209): Illuminate/Cookie/Middleware/AddQueuedCookiesToResponse->handle(Object(Illuminate/Http/Request), Object(Closure))
#32 D:/New folder (20)/kpi-system/vendor/laravel/framework/src/Illuminate/Cookie/Middleware/EncryptCookies.php(75): Illuminate/Pipeline/Pipeline->{closure:{closure:Illuminate/Pipeline/Pipeline::carry():184}:185}(Object(Illuminate/Http/Request))
#33 D:/New folder (20)/kpi-system/vendor/laravel/framework/src/Illuminate/Pipeline/Pipeline.php(209): Illuminate/Cookie/Middleware/EncryptCookies->handle(Object(Illuminate/Http/Request), Object(Closure))
#34 D:/New folder (20)/kpi-system/vendor/laravel/framework/src/Illuminate/Pipeline/Pipeline.php(127): Illuminate/Pipeline/Pipeline->{closure:{closure:Illuminate/Pipeline/Pipeline::carry():184}:185}(Object(Illuminate/Http/Request))
#35 D:/New folder (20)/kpi-system/vendor/laravel/framework/src/Illuminate/Routing/Router.php(807): Illuminate/Pipeline/Pipeline->then(Object(Closure))
#36 D:/New folder (20)/kpi-system/vendor/laravel/framework/src/Illuminate/Routing/Router.php(786): Illuminate/Routing/Router->runRouteWithinStack(Object(Illuminate/Routing/Route), Object(Illuminate/Http/Request))
#37 D:/New folder (20)/kpi-system/vendor/laravel/framework/src/Illuminate/Routing/Router.php(750): Illuminate/Routing/Router->runRoute(Object(Illuminate/Http/Request), Object(Illuminate/Routing/Route))
#38 D:/New folder (20)/kpi-system/vendor/laravel/framework/src/Illuminate/Routing/Router.php(739): Illuminate/Routing/Router->dispatchToRoute(Object(Illuminate/Http/Request))
#39 D:/New folder (20)/kpi-system/vendor/laravel/framework/src/Illuminate/Foundation/Http/Kernel.php(201): Illuminate/Routing/Router->dispatch(Object(Illuminate/Http/Request))
#40 D:/New folder (20)/kpi-system/vendor/laravel/framework/src/Illuminate/Pipeline/Pipeline.php(170): Illuminate/Foundation/Http/Kernel->{closure:Illuminate/Foundation/Http/Kernel::dispatchToRouter():198}(Object(Illuminate/Http/Request))
#41 D:/New folder (20)/kpi-system/vendor/laravel/framework/src/Illuminate/Foundation/Http/Middleware/TransformsRequest.php(21): Illuminate/Pipeline/Pipeline->{closure:Illuminate/Pipeline/Pipeline::prepareDestination():168}(Object(Illuminate/Http/Request))
#42 D:/New folder (20)/kpi-system/vendor/laravel/framework/src/Illuminate/Foundation/Http/Middleware/ConvertEmptyStringsToNull.php(31): Illuminate/Foundation/Http/Middleware/TransformsRequest->handle(Object(Illuminate/Http/Request), Object(Closure))
#43 D:/New folder (20)/kpi-system/vendor/laravel/framework/src/Illuminate/Pipeline/Pipeline.php(209): Illuminate/Foundation/Http/Middleware/ConvertEmptyStringsToNull->handle(Object(Illuminate/Http/Request), Object(Closure))
#44 D:/New folder (20)/kpi-system/vendor/laravel/framework/src/Illuminate/Foundation/Http/Middleware/TransformsRequest.php(21): Illuminate/Pipeline/Pipeline->{closure:{closure:Illuminate/Pipeline/Pipeline::carry():184}:185}(Object(Illuminate/Http/Request))
#45 D:/New folder (20)/kpi-system/vendor/laravel/framework/src/Illuminate/Foundation/Http/Middleware/TrimStrings.php(51): Illuminate/Foundation/Http/Middleware/TransformsRequest->handle(Object(Illuminate/Http/Request), Object(Closure))
#46 D:/New folder (20)/kpi-system/vendor/laravel/framework/src/Illuminate/Pipeline/Pipeline.php(209): Illuminate/Foundation/Http/Middleware/TrimStrings->handle(Object(Illuminate/Http/Request), Object(Closure))
#47 D:/New folder (20)/kpi-system/vendor/laravel/framework/src/Illuminate/Http/Middleware/ValidatePostSize.php(27): Illuminate/Pipeline/Pipeline->{closure:{closure:Illuminate/Pipeline/Pipeline::carry():184}:185}(Object(Illuminate/Http/Request))
#48 D:/New folder (20)/kpi-system/vendor/laravel/framework/src/Illuminate/Pipeline/Pipeline.php(209): Illuminate/Http/Middleware/ValidatePostSize->handle(Object(Illuminate/Http/Request), Object(Closure))
#49 D:/New folder (20)/kpi-system/vendor/laravel/framework/src/Illuminate/Foundation/Http/Middleware/PreventRequestsDuringMaintenance.php(110): Illuminate/Pipeline/Pipeline->{closure:{closure:Illuminate/Pipeline/Pipeline::carry():184}:185}(Object(Illuminate/Http/Request))
#50 D:/New folder (20)/kpi-system/vendor/laravel/framework/src/Illuminate/Pipeline/Pipeline.php(209): Illuminate/Foundation/Http/Middleware/PreventRequestsDuringMaintenance->handle(Object(Illuminate/Http/Request), Object(Closure))
#51 D:/New folder (20)/kpi-system/vendor/laravel/framework/src/Illuminate/Http/Middleware/HandleCors.php(49): Illuminate/Pipeline/Pipeline->{closure:{closure:Illuminate/Pipeline/Pipeline::carry():184}:185}(Object(Illuminate/Http/Request))
#52 D:/New folder (20)/kpi-system/vendor/laravel/framework/src/Illuminate/Pipeline/Pipeline.php(209): Illuminate/Http/Middleware/HandleCors->handle(Object(Illuminate/Http/Request), Object(Closure))
#53 D:/New folder (20)/kpi-system/vendor/laravel/framework/src/Illuminate/Http/Middleware/TrustProxies.php(58): Illuminate/Pipeline/Pipeline->{closure:{closure:Illuminate/Pipeline/Pipeline::carry():184}:185}(Object(Illuminate/Http/Request))
#54 D:/New folder (20)/kpi-system/vendor/laravel/framework/src/Illuminate/Pipeline/Pipeline.php(209): Illuminate/Http/Middleware/TrustProxies->handle(Object(Illuminate/Http/Request), Object(Closure))
#55 D:/New folder (20)/kpi-system/vendor/laravel/framework/src/Illuminate/Foundation/Http/Middleware/InvokeDeferredCallbacks.php(22): Illuminate/Pipeline/Pipeline->{closure:{closure:Illuminate/Pipeline/Pipeline::carry():184}:185}(Object(Illuminate/Http/Request))
#56 D:/New folder (20)/kpi-system/vendor/laravel/framework/src/Illuminate/Pipeline/Pipeline.php(209): Illuminate/Foundation/Http/Middleware/InvokeDeferredCallbacks->handle(Object(Illuminate/Http/Request), Object(Closure))
#57 D:/New folder (20)/kpi-system/vendor/laravel/framework/src/Illuminate/Pipeline/Pipeline.php(127): Illuminate/Pipeline/Pipeline->{closure:{closure:Illuminate/Pipeline/Pipeline::carry():184}:185}(Object(Illuminate/Http/Request))
#58 D:/New folder (20)/kpi-system/vendor/laravel/framework/src/Illuminate/Foundation/Http/Kernel.php(176): Illuminate/Pipeline/Pipeline->then(Object(Closure))
#59 D:/New folder (20)/kpi-system/vendor/laravel/framework/src/Illuminate/Foundation/Http/Kernel.php(145): Illuminate/Foundation/Http/Kernel->sendRequestThroughRouter(Object(Illuminate/Http/Request))
#60 D:/New folder (20)/kpi-system/vendor/laravel/framework/src/Illuminate/Foundation/Application.php(1220): Illuminate/Foundation/Http/Kernel->handle(Object(Illuminate/Http/Request))
#61 D:/New folder (20)/kpi-system/public/index.php(17): Illuminate/Foundation/Application->handleRequest(Object(Illuminate/Http/Request))
#62 D:/New folder (20)/kpi-system/vendor/laravel/framework/src/Illuminate/Foundation/resources/server.php(23): require_once('D://New folder (...')
#63 {main}

[previous exception] [object] (PDOException(code: 1045): SQLSTATE[HY000] [1045] Access denied for user 'root'@'localhost' (using password: YES) at D:/New folder (20)/kpi-system/vendor/laravel/framework/src/Illuminate/Database/Connectors/Connector.php:67)
[stacktrace]
#0 D:/New folder (20)/kpi-system/vendor/laravel/framework/src/Illuminate/Database/Connectors/Connector.php(67): PDO::connect('mysql:host=127....', 'root', Object(SensitiveParameterValue), Array)
#1 D:/New folder (20)/kpi-system/vendor/laravel/framework/src/Illuminate/Database/Connectors/Connector.php(44): Illuminate/Database/Connectors/Connector->createPdoConnection('mysql:host=127....', 'root', Object(SensitiveParameterValue), Array)
#2 D:/New folder (20)/kpi-system/vendor/laravel/framework/src/Illuminate/Database/Connectors/MySqlConnector.php(24): Illuminate/Database/Connectors/Connector->createConnection('mysql:host=127....', Array, Array)
#3 D:/New folder (20)/kpi-system/vendor/laravel/framework/src/Illuminate/Database/Connectors/ConnectionFactory.php(185): Illuminate/Database/Connectors/MySqlConnector->connect(Array)
#4 [internal function]: Illuminate/Database/Connectors/ConnectionFactory->{closure:Illuminate/Database/Connectors/ConnectionFactory::createPdoResolverWithHosts():180}()
#5 D:/New folder (20)/kpi-system/vendor/laravel/framework/src/Illuminate/Database/Connection.php(1231): call_user_func(Object(Closure))
#6 D:/New folder (20)/kpi-system/vendor/laravel/framework/src/Illuminate/Database/Connection.php(1267): Illuminate/Database/Connection->getPdo()
#7 D:/New folder (20)/kpi-system/vendor/laravel/framework/src/Illuminate/Database/Connection.php(512): Illuminate/Database/Connection->getReadPdo()
#8 D:/New folder (20)/kpi-system/vendor/laravel/framework/src/Illuminate/Database/Connection.php(407): Illuminate/Database/Connection->getPdoForSelect(true)
#9 D:/New folder (20)/kpi-system/vendor/laravel/framework/src/Illuminate/Database/Connection.php(812): Illuminate/Database/Connection->{closure:Illuminate/Database/Connection::select():398}('select * from `...', Array)
#10 D:/New folder (20)/kpi-system/vendor/laravel/framework/src/Illuminate/Database/Connection.php(779): Illuminate/Database/Connection->runQueryCallback('select * from `...', Array, Object(Closure))
#11 D:/New folder (20)/kpi-system/vendor/laravel/framework/src/Illuminate/Database/Connection.php(398): Illuminate/Database/Connection->run('select * from `...', Array, Object(Closure))
#12 D:/New folder (20)/kpi-system/vendor/laravel/framework/src/Illuminate/Database/Query/Builder.php(3106): Illuminate/Database/Connection->select('select * from `...', Array, true)
#13 D:/New folder (20)/kpi-system/vendor/laravel/framework/src/Illuminate/Database/Query/Builder.php(3091): Illuminate/Database/Query/Builder->runSelect()
#14 D:/New folder (20)/kpi-system/vendor/laravel/framework/src/Illuminate/Database/Query/Builder.php(3676): Illuminate/Database/Query/Builder->{closure:Illuminate/Database/Query/Builder::get():3090}()
#15 D:/New folder (20)/kpi-system/vendor/laravel/framework/src/Illuminate/Database/Query/Builder.php(3090): Illuminate/Database/Query/Builder->onceWithColumns(Array, Object(Closure))
#16 D:/New folder (20)/kpi-system/vendor/laravel/framework/src/Illuminate/Database/Eloquent/Builder.php(811): Illuminate/Database/Query/Builder->get(Array)
#17 D:/New folder (20)/kpi-system/vendor/laravel/framework/src/Illuminate/Database/Eloquent/Builder.php(793): Illuminate/Database/Eloquent/Builder->getModels(Array)
#18 D:/New folder (20)/kpi-system/vendor/laravel/framework/src/Illuminate/Database/Concerns/BuildsQueries.php(343): Illuminate/Database/Eloquent/Builder->get(Array)
#19 D:/New folder (20)/kpi-system/vendor/laravel/framework/src/Illuminate/Auth/EloquentUserProvider.php(139): Illuminate/Database/Eloquent/Builder->first()
#20 D:/New folder (20)/kpi-system/vendor/laravel/framework/src/Illuminate/Auth/SessionGuard.php(415): Illuminate/Auth/EloquentUserProvider->retrieveByCredentials(Object(SensitiveParameterValue))
#21 D:/New folder (20)/kpi-system/vendor/laravel/framework/src/Illuminate/Support/Timebox.php(34): Illuminate/Auth/SessionGuard->{closure:Illuminate/Auth/SessionGuard::attempt():412}(Object(Illuminate/Support/Timebox))
#22 D:/New folder (20)/kpi-system/vendor/laravel/framework/src/Illuminate/Auth/SessionGuard.php(412): Illuminate/Support/Timebox->call(Object(Closure), 200000)
#23 D:/New folder (20)/kpi-system/vendor/laravel/framework/src/Illuminate/Auth/AuthManager.php(340): Illuminate/Auth/SessionGuard->attempt(Array, false)
#24 D:/New folder (20)/kpi-system/vendor/laravel/framework/src/Illuminate/Support/Facades/Facade.php(361): Illuminate/Auth/AuthManager->__call('attempt', Array)
#25 D:/New folder (20)/kpi-system/app/Http/Controllers/AuthController.php(29): Illuminate/Support/Facades/Facade::__callStatic('attempt', Array)
#26 D:/New folder (20)/kpi-system/vendor/laravel/framework/src/Illuminate/Routing/ControllerDispatcher.php(47): App/Http/Controllers/AuthController->login(Object(Illuminate/Http/Request))
#27 D:/New folder (20)/kpi-system/vendor/laravel/framework/src/Illuminate/Routing/Route.php(266): Illuminate/Routing/ControllerDispatcher->dispatch(Object(Illuminate/Routing/Route), Object(App/Http/Controllers/AuthController), 'login')
#28 D:/New folder (20)/kpi-system/vendor/laravel/framework/src/Illuminate/Routing/Route.php(212): Illuminate/Routing/Route->runController()
#29 D:/New folder (20)/kpi-system/vendor/laravel/framework/src/Illuminate/Routing/Router.php(808): Illuminate/Routing/Route->run()
#30 D:/New folder (20)/kpi-system/vendor/laravel/framework/src/Illuminate/Pipeline/Pipeline.php(170): Illuminate/Routing/Router->{closure:Illuminate/Routing/Router::runRouteWithinStack():807}(Object(Illuminate/Http/Request))
#31 D:/New folder (20)/kpi-system/vendor/laravel/framework/src/Illuminate/Routing/Middleware/SubstituteBindings.php(51): Illuminate/Pipeline/Pipeline->{closure:Illuminate/Pipeline/Pipeline::prepareDestination():168}(Object(Illuminate/Http/Request))
#32 D:/New folder (20)/kpi-system/vendor/laravel/framework/src/Illuminate/Pipeline/Pipeline.php(209): Illuminate/Routing/Middleware/SubstituteBindings->handle(Object(Illuminate/Http/Request), Object(Closure))
#33 D:/New folder (20)/kpi-system/vendor/laravel/framework/src/Illuminate/Foundation/Http/Middleware/VerifyCsrfToken.php(88): Illuminate/Pipeline/Pipeline->{closure:{closure:Illuminate/Pipeline/Pipeline::carry():184}:185}(Object(Illuminate/Http/Request))
#34 D:/New folder (20)/kpi-system/vendor/laravel/framework/src/Illuminate/Pipeline/Pipeline.php(209): Illuminate/Foundation/Http/Middleware/VerifyCsrfToken->handle(Object(Illuminate/Http/Request), Object(Closure))
#35 D:/New folder (20)/kpi-system/vendor/laravel/framework/src/Illuminate/View/Middleware/ShareErrorsFromSession.php(49): Illuminate/Pipeline/Pipeline->{closure:{closure:Illuminate/Pipeline/Pipeline::carry():184}:185}(Object(Illuminate/Http/Request))
#36 D:/New folder (20)/kpi-system/vendor/laravel/framework/src/Illuminate/Pipeline/Pipeline.php(209): Illuminate/View/Middleware/ShareErrorsFromSession->handle(Object(Illuminate/Http/Request), Object(Closure))
#37 D:/New folder (20)/kpi-system/vendor/laravel/framework/src/Illuminate/Session/Middleware/StartSession.php(121): Illuminate/Pipeline/Pipeline->{closure:{closure:Illuminate/Pipeline/Pipeline::carry():184}:185}(Object(Illuminate/Http/Request))
#38 D:/New folder (20)/kpi-system/vendor/laravel/framework/src/Illuminate/Session/Middleware/StartSession.php(64): Illuminate/Session/Middleware/StartSession->handleStatefulRequest(Object(Illuminate/Http/Request), Object(Illuminate/Session/Store), Object(Closure))
#39 D:/New folder (20)/kpi-system/vendor/laravel/framework/src/Illuminate/Pipeline/Pipeline.php(209): Illuminate/Session/Middleware/StartSession->handle(Object(Illuminate/Http/Request), Object(Closure))
#40 D:/New folder (20)/kpi-system/vendor/laravel/framework/src/Illuminate/Cookie/Middleware/AddQueuedCookiesToResponse.php(37): Illuminate/Pipeline/Pipeline->{closure:{closure:Illuminate/Pipeline/Pipeline::carry():184}:185}(Object(Illuminate/Http/Request))
#41 D:/New folder (20)/kpi-system/vendor/laravel/framework/src/Illuminate/Pipeline/Pipeline.php(209): Illuminate/Cookie/Middleware/AddQueuedCookiesToResponse->handle(Object(Illuminate/Http/Request), Object(Closure))
#42 D:/New folder (20)/kpi-system/vendor/laravel/framework/src/Illuminate/Cookie/Middleware/EncryptCookies.php(75): Illuminate/Pipeline/Pipeline->{closure:{closure:Illuminate/Pipeline/Pipeline::carry():184}:185}(Object(Illuminate/Http/Request))
#43 D:/New folder (20)/kpi-system/vendor/laravel/framework/src/Illuminate/Pipeline/Pipeline.php(209): Illuminate/Cookie/Middleware/EncryptCookies->handle(Object(Illuminate/Http/Request), Object(Closure))
#44 D:/New folder (20)/kpi-system/vendor/laravel/framework/src/Illuminate/Pipeline/Pipeline.php(127): Illuminate/Pipeline/Pipeline->{closure:{closure:Illuminate/Pipeline/Pipeline::carry():184}:185}(Object(Illuminate/Http/Request))
#45 D:/New folder (20)/kpi-system/vendor/laravel/framework/src/Illuminate/Routing/Router.php(807): Illuminate/Pipeline/Pipeline->then(Object(Closure))
#46 D:/New folder (20)/kpi-system/vendor/laravel/framework/src/Illuminate/Routing/Router.php(786): Illuminate/Routing/Router->runRouteWithinStack(Object(Illuminate/Routing/Route), Object(Illuminate/Http/Request))
#47 D:/New folder (20)/kpi-system/vendor/laravel/framework/src/Illuminate/Routing/Router.php(750): Illuminate/Routing/Router->runRoute(Object(Illuminate/Http/Request), Object(Illuminate/Routing/Route))
#48 D:/New folder (20)/kpi-system/vendor/laravel/framework/src/Illuminate/Routing/Router.php(739): Illuminate/Routing/Router->dispatchToRoute(Object(Illuminate/Http/Request))
#49 D:/New folder (20)/kpi-system/vendor/laravel/framework/src/Illuminate/Foundation/Http/Kernel.php(201): Illuminate/Routing/Router->dispatch(Object(Illuminate/Http/Request))
#50 D:/New folder (20)/kpi-system/vendor/laravel/framework/src/Illuminate/Pipeline/Pipeline.php(170): Illuminate/Foundation/Http/Kernel->{closure:Illuminate/Foundation/Http/Kernel::dispatchToRouter():198}(Object(Illuminate/Http/Request))
#51 D:/New folder (20)/kpi-system/vendor/laravel/framework/src/Illuminate/Foundation/Http/Middleware/TransformsRequest.php(21): Illuminate/Pipeline/Pipeline->{closure:Illuminate/Pipeline/Pipeline::prepareDestination():168}(Object(Illuminate/Http/Request))
#52 D:/New folder (20)/kpi-system/vendor/laravel/framework/src/Illuminate/Foundation/Http/Middleware/ConvertEmptyStringsToNull.php(31): Illuminate/Foundation/Http/Middleware/TransformsRequest->handle(Object(Illuminate/Http/Request), Object(Closure))
#53 D:/New folder (20)/kpi-system/vendor/laravel/framework/src/Illuminate/Pipeline/Pipeline.php(209): Illuminate/Foundation/Http/Middleware/ConvertEmptyStringsToNull->handle(Object(Illuminate/Http/Request), Object(Closure))
#54 D:/New folder (20)/kpi-system/vendor/laravel/framework/src/Illuminate/Foundation/Http/Middleware/TransformsRequest.php(21): Illuminate/Pipeline/Pipeline->{closure:{closure:Illuminate/Pipeline/Pipeline::carry():184}:185}(Object(Illuminate/Http/Request))
#55 D:/New folder (20)/kpi-system/vendor/laravel/framework/src/Illuminate/Foundation/Http/Middleware/TrimStrings.php(51): Illuminate/Foundation/Http/Middleware/TransformsRequest->handle(Object(Illuminate/Http/Request), Object(Closure))
#56 D:/New folder (20)/kpi-system/vendor/laravel/framework/src/Illuminate/Pipeline/Pipeline.php(209): Illuminate/Foundation/Http/Middleware/TrimStrings->handle(Object(Illuminate/Http/Request), Object(Closure))
#57 D:/New folder (20)/kpi-system/vendor/laravel/framework/src/Illuminate/Http/Middleware/ValidatePostSize.php(27): Illuminate/Pipeline/Pipeline->{closure:{closure:Illuminate/Pipeline/Pipeline::carry():184}:185}(Object(Illuminate/Http/Request))
#58 D:/New folder (20)/kpi-system/vendor/laravel/framework/src/Illuminate/Pipeline/Pipeline.php(209): Illuminate/Http/Middleware/ValidatePostSize->handle(Object(Illuminate/Http/Request), Object(Closure))
#59 D:/New folder (20)/kpi-system/vendor/laravel/framework/src/Illuminate/Foundation/Http/Middleware/PreventRequestsDuringMaintenance.php(110): Illuminate/Pipeline/Pipeline->{closure:{closure:Illuminate/Pipeline/Pipeline::carry():184}:185}(Object(Illuminate/Http/Request))
#60 D:/New folder (20)/kpi-system/vendor/laravel/framework/src/Illuminate/Pipeline/Pipeline.php(209): Illuminate/Foundation/Http/Middleware/PreventRequestsDuringMaintenance->handle(Object(Illuminate/Http/Request), Object(Closure))
#61 D:/New folder (20)/kpi-system/vendor/laravel/framework/src/Illuminate/Http/Middleware/HandleCors.php(49): Illuminate/Pipeline/Pipeline->{closure:{closure:Illuminate/Pipeline/Pipeline::carry():184}:185}(Object(Illuminate/Http/Request))
#62 D:/New folder (20)/kpi-system/vendor/laravel/framework/src/Illuminate/Pipeline/Pipeline.php(209): Illuminate/Http/Middleware/HandleCors->handle(Object(Illuminate/Http/Request), Object(Closure))
#63 D:/New folder (20)/kpi-system/vendor/laravel/framework/src/Illuminate/Http/Middleware/TrustProxies.php(58): Illuminate/Pipeline/Pipeline->{closure:{closure:Illuminate/Pipeline/Pipeline::carry():184}:185}(Object(Illuminate/Http/Request))
#64 D:/New folder (20)/kpi-system/vendor/laravel/framework/src/Illuminate/Pipeline/Pipeline.php(209): Illuminate/Http/Middleware/TrustProxies->handle(Object(Illuminate/Http/Request), Object(Closure))
#65 D:/New folder (20)/kpi-system/vendor/laravel/framework/src/Illuminate/Foundation/Http/Middleware/InvokeDeferredCallbacks.php(22): Illuminate/Pipeline/Pipeline->{closure:{closure:Illuminate/Pipeline/Pipeline::carry():184}:185}(Object(Illuminate/Http/Request))
#66 D:/New folder (20)/kpi-system/vendor/laravel/framework/src/Illuminate/Pipeline/Pipeline.php(209): Illuminate/Foundation/Http/Middleware/InvokeDeferredCallbacks->handle(Object(Illuminate/Http/Request), Object(Closure))
#67 D:/New folder (20)/kpi-system/vendor/laravel/framework/src/Illuminate/Pipeline/Pipeline.php(127): Illuminate/Pipeline/Pipeline->{closure:{closure:Illuminate/Pipeline/Pipeline::carry():184}:185}(Object(Illuminate/Http/Request))
#68 D:/New folder (20)/kpi-system/vendor/laravel/framework/src/Illuminate/Foundation/Http/Kernel.php(176): Illuminate/Pipeline/Pipeline->then(Object(Closure))
#69 D:/New folder (20)/kpi-system/vendor/laravel/framework/src/Illuminate/Foundation/Http/Kernel.php(145): Illuminate/Foundation/Http/Kernel->sendRequestThroughRouter(Object(Illuminate/Http/Request))
#70 D:/New folder (20)/kpi-system/vendor/laravel/framework/src/Illuminate/Foundation/Application.php(1220): Illuminate/Foundation/Http/Kernel->handle(Object(Illuminate/Http/Request))
#71 D:/New folder (20)/kpi-system/public/index.php(17): Illuminate/Foundation/Application->handleRequest(Object(Illuminate/Http/Request))
#72 D:/New folder (20)/kpi-system/vendor/laravel/framework/src/Illuminate/Foundation/resources/server.php(23): require_once('D://New folder (...')
#73 {main}
"} 
[2026-06-11 09:51:49] local.ERROR: SQLSTATE[HY000] [1045] Access denied for user 'root'@'localhost' (using password: YES) (Connection: mysql, SQL: select * from `users` where `email` = email123@gmail.com limit 1) {"exception":"[object] (Illuminate\\Database\\QueryException(code: 1045): SQLSTATE[HY000] [1045] Access denied for user 'root'@'localhost' (using password: YES) (Connection: mysql, SQL: select * from `users` where `email` = email123@gmail.com limit 1) at D:/New folder (20)/kpi-system/vendor/laravel/framework/src/Illuminate/Database/Connection.php:825)
[stacktrace]
#0 D:/New folder (20)/kpi-system/vendor/laravel/framework/src/Illuminate/Database/Connection.php(779): Illuminate/Database/Connection->runQueryCallback('select * from `...', Array, Object(Closure))
#1 D:/New folder (20)/kpi-system/vendor/laravel/framework/src/Illuminate/Database/Connection.php(398): Illuminate/Database/Connection->run('select * from `...', Array, Object(Closure))
#2 D:/New folder (20)/kpi-system/vendor/laravel/framework/src/Illuminate/Database/Query/Builder.php(3106): Illuminate/Database/Connection->select('select * from `...', Array, true)
#3 D:/New folder (20)/kpi-system/vendor/laravel/framework/src/Illuminate/Database/Query/Builder.php(3091): Illuminate/Database/Query/Builder->runSelect()
#4 D:/New folder (20)/kpi-system/vendor/laravel/framework/src/Illuminate/Database/Query/Builder.php(3676): Illuminate/Database/Query/Builder->{closure:Illuminate/Database/Query/Builder::get():3090}()
#5 D:/New folder (20)/kpi-system/vendor/laravel/framework/src/Illuminate/Database/Query/Builder.php(3090): Illuminate/Database/Query/Builder->onceWithColumns(Array, Object(Closure))
#6 D:/New folder (20)/kpi-system/vendor/laravel/framework/src/Illuminate/Database/Eloquent/Builder.php(811): Illuminate/Database/Query/Builder->get(Array)
#7 D:/New folder (20)/kpi-system/vendor/laravel/framework/src/Illuminate/Database/Eloquent/Builder.php(793): Illuminate/Database/Eloquent/Builder->getModels(Array)
#8 D:/New folder (20)/kpi-system/vendor/laravel/framework/src/Illuminate/Database/Concerns/BuildsQueries.php(343): Illuminate/Database/Eloquent/Builder->get(Array)
#9 D:/New folder (20)/kpi-system/vendor/laravel/framework/src/Illuminate/Auth/EloquentUserProvider.php(139): Illuminate/Database/Eloquent/Builder->first()
#10 D:/New folder (20)/kpi-system/vendor/laravel/framework/src/Illuminate/Auth/SessionGuard.php(415): Illuminate/Auth/EloquentUserProvider->retrieveByCredentials(Object(SensitiveParameterValue))
#11 D:/New folder (20)/kpi-system/vendor/laravel/framework/src/Illuminate/Support/Timebox.php(34): Illuminate/Auth/SessionGuard->{closure:Illuminate/Auth/SessionGuard::attempt():412}(Object(Illuminate/Support/Timebox))
#12 D:/New folder (20)/kpi-system/vendor/laravel/framework/src/Illuminate/Auth/SessionGuard.php(412): Illuminate/Support/Timebox->call(Object(Closure), 200000)
#13 D:/New folder (20)/kpi-system/vendor/laravel/framework/src/Illuminate/Auth/AuthManager.php(340): Illuminate/Auth/SessionGuard->attempt(Array, false)
#14 D:/New folder (20)/kpi-system/vendor/laravel/framework/src/Illuminate/Support/Facades/Facade.php(361): Illuminate/Auth/AuthManager->__call('attempt', Array)
#15 D:/New folder (20)/kpi-system/app/Http/Controllers/AuthController.php(29): Illuminate/Support/Facades/Facade::__callStatic('attempt', Array)
#16 D:/New folder (20)/kpi-system/vendor/laravel/framework/src/Illuminate/Routing/ControllerDispatcher.php(47): App/Http/Controllers/AuthController->login(Object(Illuminate/Http/Request))
#17 D:/New folder (20)/kpi-system/vendor/laravel/framework/src/Illuminate/Routing/Route.php(266): Illuminate/Routing/ControllerDispatcher->dispatch(Object(Illuminate/Routing/Route), Object(App/Http/Controllers/AuthController), 'login')
#18 D:/New folder (20)/kpi-system/vendor/laravel/framework/src/Illuminate/Routing/Route.php(212): Illuminate/Routing/Route->runController()
#19 D:/New folder (20)/kpi-system/vendor/laravel/framework/src/Illuminate/Routing/Router.php(808): Illuminate/Routing/Route->run()
#20 D:/New folder (20)/kpi-system/vendor/laravel/framework/src/Illuminate/Pipeline/Pipeline.php(170): Illuminate/Routing/Router->{closure:Illuminate/Routing/Router::runRouteWithinStack():807}(Object(Illuminate/Http/Request))
#21 D:/New folder (20)/kpi-system/vendor/laravel/framework/src/Illuminate/Routing/Middleware/SubstituteBindings.php(51): Illuminate/Pipeline/Pipeline->{closure:Illuminate/Pipeline/Pipeline::prepareDestination():168}(Object(Illuminate/Http/Request))
#22 D:/New folder (20)/kpi-system/vendor/laravel/framework/src/Illuminate/Pipeline/Pipeline.php(209): Illuminate/Routing/Middleware/SubstituteBindings->handle(Object(Illuminate/Http/Request), Object(Closure))
#23 D:/New folder (20)/kpi-system/vendor/laravel/framework/src/Illuminate/Foundation/Http/Middleware/VerifyCsrfToken.php(88): Illuminate/Pipeline/Pipeline->{closure:{closure:Illuminate/Pipeline/Pipeline::carry():184}:185}(Object(Illuminate/Http/Request))
#24 D:/New folder (20)/kpi-system/vendor/laravel/framework/src/Illuminate/Pipeline/Pipeline.php(209): Illuminate/Foundation/Http/Middleware/VerifyCsrfToken->handle(Object(Illuminate/Http/Request), Object(Closure))
#25 D:/New folder (20)/kpi-system/vendor/laravel/framework/src/Illuminate/View/Middleware/ShareErrorsFromSession.php(49): Illuminate/Pipeline/Pipeline->{closure:{closure:Illuminate/Pipeline/Pipeline::carry():184}:185}(Object(Illuminate/Http/Request))
#26 D:/New folder (20)/kpi-system/vendor/laravel/framework/src/Illuminate/Pipeline/Pipeline.php(209): Illuminate/View/Middleware/ShareErrorsFromSession->handle(Object(Illuminate/Http/Request), Object(Closure))
#27 D:/New folder (20)/kpi-system/vendor/laravel/framework/src/Illuminate/Session/Middleware/StartSession.php(121): Illuminate/Pipeline/Pipeline->{closure:{closure:Illuminate/Pipeline/Pipeline::carry():184}:185}(Object(Illuminate/Http/Request))
#28 D:/New folder (20)/kpi-system/vendor/laravel/framework/src/Illuminate/Session/Middleware/StartSession.php(64): Illuminate/Session/Middleware/StartSession->handleStatefulRequest(Object(Illuminate/Http/Request), Object(Illuminate/Session/Store), Object(Closure))
#29 D:/New folder (20)/kpi-system/vendor/laravel/framework/src/Illuminate/Pipeline/Pipeline.php(209): Illuminate/Session/Middleware/StartSession->handle(Object(Illuminate/Http/Request), Object(Closure))
#30 D:/New folder (20)/kpi-system/vendor/laravel/framework/src/Illuminate/Cookie/Middleware/AddQueuedCookiesToResponse.php(37): Illuminate/Pipeline/Pipeline->{closure:{closure:Illuminate/Pipeline/Pipeline::carry():184}:185}(Object(Illuminate/Http/Request))
#31 D:/New folder (20)/kpi-system/vendor/laravel/framework/src/Illuminate/Pipeline/Pipeline.php(209): Illuminate/Cookie/Middleware/AddQueuedCookiesToResponse->handle(Object(Illuminate/Http/Request), Object(Closure))
#32 D:/New folder (20)/kpi-system/vendor/laravel/framework/src/Illuminate/Cookie/Middleware/EncryptCookies.php(75): Illuminate/Pipeline/Pipeline->{closure:{closure:Illuminate/Pipeline/Pipeline::carry():184}:185}(Object(Illuminate/Http/Request))
#33 D:/New folder (20)/kpi-system/vendor/laravel/framework/src/Illuminate/Pipeline/Pipeline.php(209): Illuminate/Cookie/Middleware/EncryptCookies->handle(Object(Illuminate/Http/Request), Object(Closure))
#34 D:/New folder (20)/kpi-system/vendor/laravel/framework/src/Illuminate/Pipeline/Pipeline.php(127): Illuminate/Pipeline/Pipeline->{closure:{closure:Illuminate/Pipeline/Pipeline::carry():184}:185}(Object(Illuminate/Http/Request))
#35 D:/New folder (20)/kpi-system/vendor/laravel/framework/src/Illuminate/Routing/Router.php(807): Illuminate/Pipeline/Pipeline->then(Object(Closure))
#36 D:/New folder (20)/kpi-system/vendor/laravel/framework/src/Illuminate/Routing/Router.php(786): Illuminate/Routing/Router->runRouteWithinStack(Object(Illuminate/Routing/Route), Object(Illuminate/Http/Request))
#37 D:/New folder (20)/kpi-system/vendor/laravel/framework/src/Illuminate/Routing/Router.php(750): Illuminate/Routing/Router->runRoute(Object(Illuminate/Http/Request), Object(Illuminate/Routing/Route))
#38 D:/New folder (20)/kpi-system/vendor/laravel/framework/src/Illuminate/Routing/Router.php(739): Illuminate/Routing/Router->dispatchToRoute(Object(Illuminate/Http/Request))
#39 D:/New folder (20)/kpi-system/vendor/laravel/framework/src/Illuminate/Foundation/Http/Kernel.php(201): Illuminate/Routing/Router->dispatch(Object(Illuminate/Http/Request))
#40 D:/New folder (20)/kpi-system/vendor/laravel/framework/src/Illuminate/Pipeline/Pipeline.php(170): Illuminate/Foundation/Http/Kernel->{closure:Illuminate/Foundation/Http/Kernel::dispatchToRouter():198}(Object(Illuminate/Http/Request))
#41 D:/New folder (20)/kpi-system/vendor/laravel/framework/src/Illuminate/Foundation/Http/Middleware/TransformsRequest.php(21): Illuminate/Pipeline/Pipeline->{closure:Illuminate/Pipeline/Pipeline::prepareDestination():168}(Object(Illuminate/Http/Request))
#42 D:/New folder (20)/kpi-system/vendor/laravel/framework/src/Illuminate/Foundation/Http/Middleware/ConvertEmptyStringsToNull.php(31): Illuminate/Foundation/Http/Middleware/TransformsRequest->handle(Object(Illuminate/Http/Request), Object(Closure))
#43 D:/New folder (20)/kpi-system/vendor/laravel/framework/src/Illuminate/Pipeline/Pipeline.php(209): Illuminate/Foundation/Http/Middleware/ConvertEmptyStringsToNull->handle(Object(Illuminate/Http/Request), Object(Closure))
#44 D:/New folder (20)/kpi-system/vendor/laravel/framework/src/Illuminate/Foundation/Http/Middleware/TransformsRequest.php(21): Illuminate/Pipeline/Pipeline->{closure:{closure:Illuminate/Pipeline/Pipeline::carry():184}:185}(Object(Illuminate/Http/Request))
#45 D:/New folder (20)/kpi-system/vendor/laravel/framework/src/Illuminate/Foundation/Http/Middleware/TrimStrings.php(51): Illuminate/Foundation/Http/Middleware/TransformsRequest->handle(Object(Illuminate/Http/Request), Object(Closure))
#46 D:/New folder (20)/kpi-system/vendor/laravel/framework/src/Illuminate/Pipeline/Pipeline.php(209): Illuminate/Foundation/Http/Middleware/TrimStrings->handle(Object(Illuminate/Http/Request), Object(Closure))
#47 D:/New folder (20)/kpi-system/vendor/laravel/framework/src/Illuminate/Http/Middleware/ValidatePostSize.php(27): Illuminate/Pipeline/Pipeline->{closure:{closure:Illuminate/Pipeline/Pipeline::carry():184}:185}(Object(Illuminate/Http/Request))
#48 D:/New folder (20)/kpi-system/vendor/laravel/framework/src/Illuminate/Pipeline/Pipeline.php(209): Illuminate/Http/Middleware/ValidatePostSize->handle(Object(Illuminate/Http/Request), Object(Closure))
#49 D:/New folder (20)/kpi-system/vendor/laravel/framework/src/Illuminate/Foundation/Http/Middleware/PreventRequestsDuringMaintenance.php(110): Illuminate/Pipeline/Pipeline->{closure:{closure:Illuminate/Pipeline/Pipeline::carry():184}:185}(Object(Illuminate/Http/Request))
#50 D:/New folder (20)/kpi-system/vendor/laravel/framework/src/Illuminate/Pipeline/Pipeline.php(209): Illuminate/Foundation/Http/Middleware/PreventRequestsDuringMaintenance->handle(Object(Illuminate/Http/Request), Object(Closure))
#51 D:/New folder (20)/kpi-system/vendor/laravel/framework/src/Illuminate/Http/Middleware/HandleCors.php(49): Illuminate/Pipeline/Pipeline->{closure:{closure:Illuminate/Pipeline/Pipeline::carry():184}:185}(Object(Illuminate/Http/Request))
#52 D:/New folder (20)/kpi-system/vendor/laravel/framework/src/Illuminate/Pipeline/Pipeline.php(209): Illuminate/Http/Middleware/HandleCors->handle(Object(Illuminate/Http/Request), Object(Closure))
#53 D:/New folder (20)/kpi-system/vendor/laravel/framework/src/Illuminate/Http/Middleware/TrustProxies.php(58): Illuminate/Pipeline/Pipeline->{closure:{closure:Illuminate/Pipeline/Pipeline::carry():184}:185}(Object(Illuminate/Http/Request))
#54 D:/New folder (20)/kpi-system/vendor/laravel/framework/src/Illuminate/Pipeline/Pipeline.php(209): Illuminate/Http/Middleware/TrustProxies->handle(Object(Illuminate/Http/Request), Object(Closure))
#55 D:/New folder (20)/kpi-system/vendor/laravel/framework/src/Illuminate/Foundation/Http/Middleware/InvokeDeferredCallbacks.php(22): Illuminate/Pipeline/Pipeline->{closure:{closure:Illuminate/Pipeline/Pipeline::carry():184}:185}(Object(Illuminate/Http/Request))
#56 D:/New folder (20)/kpi-system/vendor/laravel/framework/src/Illuminate/Pipeline/Pipeline.php(209): Illuminate/Foundation/Http/Middleware/InvokeDeferredCallbacks->handle(Object(Illuminate/Http/Request), Object(Closure))
#57 D:/New folder (20)/kpi-system/vendor/laravel/framework/src/Illuminate/Pipeline/Pipeline.php(127): Illuminate/Pipeline/Pipeline->{closure:{closure:Illuminate/Pipeline/Pipeline::carry():184}:185}(Object(Illuminate/Http/Request))
#58 D:/New folder (20)/kpi-system/vendor/laravel/framework/src/Illuminate/Foundation/Http/Kernel.php(176): Illuminate/Pipeline/Pipeline->then(Object(Closure))
#59 D:/New folder (20)/kpi-system/vendor/laravel/framework/src/Illuminate/Foundation/Http/Kernel.php(145): Illuminate/Foundation/Http/Kernel->sendRequestThroughRouter(Object(Illuminate/Http/Request))
#60 D:/New folder (20)/kpi-system/vendor/laravel/framework/src/Illuminate/Foundation/Application.php(1220): Illuminate/Foundation/Http/Kernel->handle(Object(Illuminate/Http/Request))
#61 D:/New folder (20)/kpi-system/public/index.php(17): Illuminate/Foundation/Application->handleRequest(Object(Illuminate/Http/Request))
#62 D:/New folder (20)/kpi-system/vendor/laravel/framework/src/Illuminate/Foundation/resources/server.php(23): require_once('D://New folder (...')
#63 {main}

[previous exception] [object] (PDOException(code: 1045): SQLSTATE[HY000] [1045] Access denied for user 'root'@'localhost' (using password: YES) at D:/New folder (20)/kpi-system/vendor/laravel/framework/src/Illuminate/Database/Connectors/Connector.php:67)
[stacktrace]
#0 D:/New folder (20)/kpi-system/vendor/laravel/framework/src/Illuminate/Database/Connectors/Connector.php(67): PDO::connect('mysql:host=127....', 'root', Object(SensitiveParameterValue), Array)
#1 D:/New folder (20)/kpi-system/vendor/laravel/framework/src/Illuminate/Database/Connectors/Connector.php(44): Illuminate/Database/Connectors/Connector->createPdoConnection('mysql:host=127....', 'root', Object(SensitiveParameterValue), Array)
#2 D:/New folder (20)/kpi-system/vendor/laravel/framework/src/Illuminate/Database/Connectors/MySqlConnector.php(24): Illuminate/Database/Connectors/Connector->createConnection('mysql:host=127....', Array, Array)
#3 D:/New folder (20)/kpi-system/vendor/laravel/framework/src/Illuminate/Database/Connectors/ConnectionFactory.php(185): Illuminate/Database/Connectors/MySqlConnector->connect(Array)
#4 [internal function]: Illuminate/Database/Connectors/ConnectionFactory->{closure:Illuminate/Database/Connectors/ConnectionFactory::createPdoResolverWithHosts():180}()
#5 D:/New folder (20)/kpi-system/vendor/laravel/framework/src/Illuminate/Database/Connection.php(1231): call_user_func(Object(Closure))
#6 D:/New folder (20)/kpi-system/vendor/laravel/framework/src/Illuminate/Database/Connection.php(1267): Illuminate/Database/Connection->getPdo()
#7 D:/New folder (20)/kpi-system/vendor/laravel/framework/src/Illuminate/Database/Connection.php(512): Illuminate/Database/Connection->getReadPdo()
#8 D:/New folder (20)/kpi-system/vendor/laravel/framework/src/Illuminate/Database/Connection.php(407): Illuminate/Database/Connection->getPdoForSelect(true)
#9 D:/New folder (20)/kpi-system/vendor/laravel/framework/src/Illuminate/Database/Connection.php(812): Illuminate/Database/Connection->{closure:Illuminate/Database/Connection::select():398}('select * from `...', Array)
#10 D:/New folder (20)/kpi-system/vendor/laravel/framework/src/Illuminate/Database/Connection.php(779): Illuminate/Database/Connection->runQueryCallback('select * from `...', Array, Object(Closure))
#11 D:/New folder (20)/kpi-system/vendor/laravel/framework/src/Illuminate/Database/Connection.php(398): Illuminate/Database/Connection->run('select * from `...', Array, Object(Closure))
#12 D:/New folder (20)/kpi-system/vendor/laravel/framework/src/Illuminate/Database/Query/Builder.php(3106): Illuminate/Database/Connection->select('select * from `...', Array, true)
#13 D:/New folder (20)/kpi-system/vendor/laravel/framework/src/Illuminate/Database/Query/Builder.php(3091): Illuminate/Database/Query/Builder->runSelect()
#14 D:/New folder (20)/kpi-system/vendor/laravel/framework/src/Illuminate/Database/Query/Builder.php(3676): Illuminate/Database/Query/Builder->{closure:Illuminate/Database/Query/Builder::get():3090}()
#15 D:/New folder (20)/kpi-system/vendor/laravel/framework/src/Illuminate/Database/Query/Builder.php(3090): Illuminate/Database/Query/Builder->onceWithColumns(Array, Object(Closure))
#16 D:/New folder (20)/kpi-system/vendor/laravel/framework/src/Illuminate/Database/Eloquent/Builder.php(811): Illuminate/Database/Query/Builder->get(Array)
#17 D:/New folder (20)/kpi-system/vendor/laravel/framework/src/Illuminate/Database/Eloquent/Builder.php(793): Illuminate/Database/Eloquent/Builder->getModels(Array)
#18 D:/New folder (20)/kpi-system/vendor/laravel/framework/src/Illuminate/Database/Concerns/BuildsQueries.php(343): Illuminate/Database/Eloquent/Builder->get(Array)
#19 D:/New folder (20)/kpi-system/vendor/laravel/framework/src/Illuminate/Auth/EloquentUserProvider.php(139): Illuminate/Database/Eloquent/Builder->first()
#20 D:/New folder (20)/kpi-system/vendor/laravel/framework/src/Illuminate/Auth/SessionGuard.php(415): Illuminate/Auth/EloquentUserProvider->retrieveByCredentials(Object(SensitiveParameterValue))
#21 D:/New folder (20)/kpi-system/vendor/laravel/framework/src/Illuminate/Support/Timebox.php(34): Illuminate/Auth/SessionGuard->{closure:Illuminate/Auth/SessionGuard::attempt():412}(Object(Illuminate/Support/Timebox))
#22 D:/New folder (20)/kpi-system/vendor/laravel/framework/src/Illuminate/Auth/SessionGuard.php(412): Illuminate/Support/Timebox->call(Object(Closure), 200000)
#23 D:/New folder (20)/kpi-system/vendor/laravel/framework/src/Illuminate/Auth/AuthManager.php(340): Illuminate/Auth/SessionGuard->attempt(Array, false)
#24 D:/New folder (20)/kpi-system/vendor/laravel/framework/src/Illuminate/Support/Facades/Facade.php(361): Illuminate/Auth/AuthManager->__call('attempt', Array)
#25 D:/New folder (20)/kpi-system/app/Http/Controllers/AuthController.php(29): Illuminate/Support/Facades/Facade::__callStatic('attempt', Array)
#26 D:/New folder (20)/kpi-system/vendor/laravel/framework/src/Illuminate/Routing/ControllerDispatcher.php(47): App/Http/Controllers/AuthController->login(Object(Illuminate/Http/Request))
#27 D:/New folder (20)/kpi-system/vendor/laravel/framework/src/Illuminate/Routing/Route.php(266): Illuminate/Routing/ControllerDispatcher->dispatch(Object(Illuminate/Routing/Route), Object(App/Http/Controllers/AuthController), 'login')
#28 D:/New folder (20)/kpi-system/vendor/laravel/framework/src/Illuminate/Routing/Route.php(212): Illuminate/Routing/Route->runController()
#29 D:/New folder (20)/kpi-system/vendor/laravel/framework/src/Illuminate/Routing/Router.php(808): Illuminate/Routing/Route->run()
#30 D:/New folder (20)/kpi-system/vendor/laravel/framework/src/Illuminate/Pipeline/Pipeline.php(170): Illuminate/Routing/Router->{closure:Illuminate/Routing/Router::runRouteWithinStack():807}(Object(Illuminate/Http/Request))
#31 D:/New folder (20)/kpi-system/vendor/laravel/framework/src/Illuminate/Routing/Middleware/SubstituteBindings.php(51): Illuminate/Pipeline/Pipeline->{closure:Illuminate/Pipeline/Pipeline::prepareDestination():168}(Object(Illuminate/Http/Request))
#32 D:/New folder (20)/kpi-system/vendor/laravel/framework/src/Illuminate/Pipeline/Pipeline.php(209): Illuminate/Routing/Middleware/SubstituteBindings->handle(Object(Illuminate/Http/Request), Object(Closure))
#33 D:/New folder (20)/kpi-system/vendor/laravel/framework/src/Illuminate/Foundation/Http/Middleware/VerifyCsrfToken.php(88): Illuminate/Pipeline/Pipeline->{closure:{closure:Illuminate/Pipeline/Pipeline::carry():184}:185}(Object(Illuminate/Http/Request))
#34 D:/New folder (20)/kpi-system/vendor/laravel/framework/src/Illuminate/Pipeline/Pipeline.php(209): Illuminate/Foundation/Http/Middleware/VerifyCsrfToken->handle(Object(Illuminate/Http/Request), Object(Closure))
#35 D:/New folder (20)/kpi-system/vendor/laravel/framework/src/Illuminate/View/Middleware/ShareErrorsFromSession.php(49): Illuminate/Pipeline/Pipeline->{closure:{closure:Illuminate/Pipeline/Pipeline::carry():184}:185}(Object(Illuminate/Http/Request))
#36 D:/New folder (20)/kpi-system/vendor/laravel/framework/src/Illuminate/Pipeline/Pipeline.php(209): Illuminate/View/Middleware/ShareErrorsFromSession->handle(Object(Illuminate/Http/Request), Object(Closure))
#37 D:/New folder (20)/kpi-system/vendor/laravel/framework/src/Illuminate/Session/Middleware/StartSession.php(121): Illuminate/Pipeline/Pipeline->{closure:{closure:Illuminate/Pipeline/Pipeline::carry():184}:185}(Object(Illuminate/Http/Request))
#38 D:/New folder (20)/kpi-system/vendor/laravel/framework/src/Illuminate/Session/Middleware/StartSession.php(64): Illuminate/Session/Middleware/StartSession->handleStatefulRequest(Object(Illuminate/Http/Request), Object(Illuminate/Session/Store), Object(Closure))
#39 D:/New folder (20)/kpi-system/vendor/laravel/framework/src/Illuminate/Pipeline/Pipeline.php(209): Illuminate/Session/Middleware/StartSession->handle(Object(Illuminate/Http/Request), Object(Closure))
#40 D:/New folder (20)/kpi-system/vendor/laravel/framework/src/Illuminate/Cookie/Middleware/AddQueuedCookiesToResponse.php(37): Illuminate/Pipeline/Pipeline->{closure:{closure:Illuminate/Pipeline/Pipeline::carry():184}:185}(Object(Illuminate/Http/Request))
#41 D:/New folder (20)/kpi-system/vendor/laravel/framework/src/Illuminate/Pipeline/Pipeline.php(209): Illuminate/Cookie/Middleware/AddQueuedCookiesToResponse->handle(Object(Illuminate/Http/Request), Object(Closure))
#42 D:/New folder (20)/kpi-system/vendor/laravel/framework/src/Illuminate/Cookie/Middleware/EncryptCookies.php(75): Illuminate/Pipeline/Pipeline->{closure:{closure:Illuminate/Pipeline/Pipeline::carry():184}:185}(Object(Illuminate/Http/Request))
#43 D:/New folder (20)/kpi-system/vendor/laravel/framework/src/Illuminate/Pipeline/Pipeline.php(209): Illuminate/Cookie/Middleware/EncryptCookies->handle(Object(Illuminate/Http/Request), Object(Closure))
#44 D:/New folder (20)/kpi-system/vendor/laravel/framework/src/Illuminate/Pipeline/Pipeline.php(127): Illuminate/Pipeline/Pipeline->{closure:{closure:Illuminate/Pipeline/Pipeline::carry():184}:185}(Object(Illuminate/Http/Request))
#45 D:/New folder (20)/kpi-system/vendor/laravel/framework/src/Illuminate/Routing/Router.php(807): Illuminate/Pipeline/Pipeline->then(Object(Closure))
#46 D:/New folder (20)/kpi-system/vendor/laravel/framework/src/Illuminate/Routing/Router.php(786): Illuminate/Routing/Router->runRouteWithinStack(Object(Illuminate/Routing/Route), Object(Illuminate/Http/Request))
#47 D:/New folder (20)/kpi-system/vendor/laravel/framework/src/Illuminate/Routing/Router.php(750): Illuminate/Routing/Router->runRoute(Object(Illuminate/Http/Request), Object(Illuminate/Routing/Route))
#48 D:/New folder (20)/kpi-system/vendor/laravel/framework/src/Illuminate/Routing/Router.php(739): Illuminate/Routing/Router->dispatchToRoute(Object(Illuminate/Http/Request))
#49 D:/New folder (20)/kpi-system/vendor/laravel/framework/src/Illuminate/Foundation/Http/Kernel.php(201): Illuminate/Routing/Router->dispatch(Object(Illuminate/Http/Request))
#50 D:/New folder (20)/kpi-system/vendor/laravel/framework/src/Illuminate/Pipeline/Pipeline.php(170): Illuminate/Foundation/Http/Kernel->{closure:Illuminate/Foundation/Http/Kernel::dispatchToRouter():198}(Object(Illuminate/Http/Request))
#51 D:/New folder (20)/kpi-system/vendor/laravel/framework/src/Illuminate/Foundation/Http/Middleware/TransformsRequest.php(21): Illuminate/Pipeline/Pipeline->{closure:Illuminate/Pipeline/Pipeline::prepareDestination():168}(Object(Illuminate/Http/Request))
#52 D:/New folder (20)/kpi-system/vendor/laravel/framework/src/Illuminate/Foundation/Http/Middleware/ConvertEmptyStringsToNull.php(31): Illuminate/Foundation/Http/Middleware/TransformsRequest->handle(Object(Illuminate/Http/Request), Object(Closure))
#53 D:/New folder (20)/kpi-system/vendor/laravel/framework/src/Illuminate/Pipeline/Pipeline.php(209): Illuminate/Foundation/Http/Middleware/ConvertEmptyStringsToNull->handle(Object(Illuminate/Http/Request), Object(Closure))
#54 D:/New folder (20)/kpi-system/vendor/laravel/framework/src/Illuminate/Foundation/Http/Middleware/TransformsRequest.php(21): Illuminate/Pipeline/Pipeline->{closure:{closure:Illuminate/Pipeline/Pipeline::carry():184}:185}(Object(Illuminate/Http/Request))
#55 D:/New folder (20)/kpi-system/vendor/laravel/framework/src/Illuminate/Foundation/Http/Middleware/TrimStrings.php(51): Illuminate/Foundation/Http/Middleware/TransformsRequest->handle(Object(Illuminate/Http/Request), Object(Closure))
#56 D:/New folder (20)/kpi-system/vendor/laravel/framework/src/Illuminate/Pipeline/Pipeline.php(209): Illuminate/Foundation/Http/Middleware/TrimStrings->handle(Object(Illuminate/Http/Request), Object(Closure))
#57 D:/New folder (20)/kpi-system/vendor/laravel/framework/src/Illuminate/Http/Middleware/ValidatePostSize.php(27): Illuminate/Pipeline/Pipeline->{closure:{closure:Illuminate/Pipeline/Pipeline::carry():184}:185}(Object(Illuminate/Http/Request))
#58 D:/New folder (20)/kpi-system/vendor/laravel/framework/src/Illuminate/Pipeline/Pipeline.php(209): Illuminate/Http/Middleware/ValidatePostSize->handle(Object(Illuminate/Http/Request), Object(Closure))
#59 D:/New folder (20)/kpi-system/vendor/laravel/framework/src/Illuminate/Foundation/Http/Middleware/PreventRequestsDuringMaintenance.php(110): Illuminate/Pipeline/Pipeline->{closure:{closure:Illuminate/Pipeline/Pipeline::carry():184}:185}(Object(Illuminate/Http/Request))
#60 D:/New folder (20)/kpi-system/vendor/laravel/framework/src/Illuminate/Pipeline/Pipeline.php(209): Illuminate/Foundation/Http/Middleware/PreventRequestsDuringMaintenance->handle(Object(Illuminate/Http/Request), Object(Closure))
#61 D:/New folder (20)/kpi-system/vendor/laravel/framework/src/Illuminate/Http/Middleware/HandleCors.php(49): Illuminate/Pipeline/Pipeline->{closure:{closure:Illuminate/Pipeline/Pipeline::carry():184}:185}(Object(Illuminate/Http/Request))
#62 D:/New folder (20)/kpi-system/vendor/laravel/framework/src/Illuminate/Pipeline/Pipeline.php(209): Illuminate/Http/Middleware/HandleCors->handle(Object(Illuminate/Http/Request), Object(Closure))
#63 D:/New folder (20)/kpi-system/vendor/laravel/framework/src/Illuminate/Http/Middleware/TrustProxies.php(58): Illuminate/Pipeline/Pipeline->{closure:{closure:Illuminate/Pipeline/Pipeline::carry():184}:185}(Object(Illuminate/Http/Request))
#64 D:/New folder (20)/kpi-system/vendor/laravel/framework/src/Illuminate/Pipeline/Pipeline.php(209): Illuminate/Http/Middleware/TrustProxies->handle(Object(Illuminate/Http/Request), Object(Closure))
#65 D:/New folder (20)/kpi-system/vendor/laravel/framework/src/Illuminate/Foundation/Http/Middleware/InvokeDeferredCallbacks.php(22): Illuminate/Pipeline/Pipeline->{closure:{closure:Illuminate/Pipeline/Pipeline::carry():184}:185}(Object(Illuminate/Http/Request))
#66 D:/New folder (20)/kpi-system/vendor/laravel/framework/src/Illuminate/Pipeline/Pipeline.php(209): Illuminate/Foundation/Http/Middleware/InvokeDeferredCallbacks->handle(Object(Illuminate/Http/Request), Object(Closure))
#67 D:/New folder (20)/kpi-system/vendor/laravel/framework/src/Illuminate/Pipeline/Pipeline.php(127): Illuminate/Pipeline/Pipeline->{closure:{closure:Illuminate/Pipeline/Pipeline::carry():184}:185}(Object(Illuminate/Http/Request))
#68 D:/New folder (20)/kpi-system/vendor/laravel/framework/src/Illuminate/Foundation/Http/Kernel.php(176): Illuminate/Pipeline/Pipeline->then(Object(Closure))
#69 D:/New folder (20)/kpi-system/vendor/laravel/framework/src/Illuminate/Foundation/Http/Kernel.php(145): Illuminate/Foundation/Http/Kernel->sendRequestThroughRouter(Object(Illuminate/Http/Request))
#70 D:/New folder (20)/kpi-system/vendor/laravel/framework/src/Illuminate/Foundation/Application.php(1220): Illuminate/Foundation/Http/Kernel->handle(Object(Illuminate/Http/Request))
#71 D:/New folder (20)/kpi-system/public/index.php(17): Illuminate/Foundation/Application->handleRequest(Object(Illuminate/Http/Request))
#72 D:/New folder (20)/kpi-system/vendor/laravel/framework/src/Illuminate/Foundation/resources/server.php(23): require_once('D://New folder (...')
#73 {main}
"} 
[2026-06-11 10:00:43] local.ERROR: SQLSTATE[HY000] [1045] Access denied for user 'root'@'localhost' (using password: NO) (Connection: mysql, SQL: select * from `users` where `email` = email123@gmail.com limit 1) {"exception":"[object] (Illuminate\\Database\\QueryException(code: 1045): SQLSTATE[HY000] [1045] Access denied for user 'root'@'localhost' (using password: NO) (Connection: mysql, SQL: select * from `users` where `email` = email123@gmail.com limit 1) at D:/New folder (20)/kpi-system/vendor/laravel/framework/src/Illuminate/Database/Connection.php:825)
[stacktrace]
#0 D:/New folder (20)/kpi-system/vendor/laravel/framework/src/Illuminate/Database/Connection.php(779): Illuminate/Database/Connection->runQueryCallback('select * from `...', Array, Object(Closure))
#1 D:/New folder (20)/kpi-system/vendor/laravel/framework/src/Illuminate/Database/Connection.php(398): Illuminate/Database/Connection->run('select * from `...', Array, Object(Closure))
#2 D:/New folder (20)/kpi-system/vendor/laravel/framework/src/Illuminate/Database/Query/Builder.php(3106): Illuminate/Database/Connection->select('select * from `...', Array, true)
#3 D:/New folder (20)/kpi-system/vendor/laravel/framework/src/Illuminate/Database/Query/Builder.php(3091): Illuminate/Database/Query/Builder->runSelect()
#4 D:/New folder (20)/kpi-system/vendor/laravel/framework/src/Illuminate/Database/Query/Builder.php(3676): Illuminate/Database/Query/Builder->{closure:Illuminate/Database/Query/Builder::get():3090}()
#5 D:/New folder (20)/kpi-system/vendor/laravel/framework/src/Illuminate/Database/Query/Builder.php(3090): Illuminate/Database/Query/Builder->onceWithColumns(Array, Object(Closure))
#6 D:/New folder (20)/kpi-system/vendor/laravel/framework/src/Illuminate/Database/Eloquent/Builder.php(811): Illuminate/Database/Query/Builder->get(Array)
#7 D:/New folder (20)/kpi-system/vendor/laravel/framework/src/Illuminate/Database/Eloquent/Builder.php(793): Illuminate/Database/Eloquent/Builder->getModels(Array)
#8 D:/New folder (20)/kpi-system/vendor/laravel/framework/src/Illuminate/Database/Concerns/BuildsQueries.php(343): Illuminate/Database/Eloquent/Builder->get(Array)
#9 D:/New folder (20)/kpi-system/vendor/laravel/framework/src/Illuminate/Auth/EloquentUserProvider.php(139): Illuminate/Database/Eloquent/Builder->first()
#10 D:/New folder (20)/kpi-system/vendor/laravel/framework/src/Illuminate/Auth/SessionGuard.php(415): Illuminate/Auth/EloquentUserProvider->retrieveByCredentials(Object(SensitiveParameterValue))
#11 D:/New folder (20)/kpi-system/vendor/laravel/framework/src/Illuminate/Support/Timebox.php(34): Illuminate/Auth/SessionGuard->{closure:Illuminate/Auth/SessionGuard::attempt():412}(Object(Illuminate/Support/Timebox))
#12 D:/New folder (20)/kpi-system/vendor/laravel/framework/src/Illuminate/Auth/SessionGuard.php(412): Illuminate/Support/Timebox->call(Object(Closure), 200000)
#13 D:/New folder (20)/kpi-system/vendor/laravel/framework/src/Illuminate/Auth/AuthManager.php(340): Illuminate/Auth/SessionGuard->attempt(Array, false)
#14 D:/New folder (20)/kpi-system/vendor/laravel/framework/src/Illuminate/Support/Facades/Facade.php(361): Illuminate/Auth/AuthManager->__call('attempt', Array)
#15 D:/New folder (20)/kpi-system/app/Http/Controllers/AuthController.php(29): Illuminate/Support/Facades/Facade::__callStatic('attempt', Array)
#16 D:/New folder (20)/kpi-system/vendor/laravel/framework/src/Illuminate/Routing/ControllerDispatcher.php(47): App/Http/Controllers/AuthController->login(Object(Illuminate/Http/Request))
#17 D:/New folder (20)/kpi-system/vendor/laravel/framework/src/Illuminate/Routing/Route.php(266): Illuminate/Routing/ControllerDispatcher->dispatch(Object(Illuminate/Routing/Route), Object(App/Http/Controllers/AuthController), 'login')
#18 D:/New folder (20)/kpi-system/vendor/laravel/framework/src/Illuminate/Routing/Route.php(212): Illuminate/Routing/Route->runController()
#19 D:/New folder (20)/kpi-system/vendor/laravel/framework/src/Illuminate/Routing/Router.php(808): Illuminate/Routing/Route->run()
#20 D:/New folder (20)/kpi-system/vendor/laravel/framework/src/Illuminate/Pipeline/Pipeline.php(170): Illuminate/Routing/Router->{closure:Illuminate/Routing/Router::runRouteWithinStack():807}(Object(Illuminate/Http/Request))
#21 D:/New folder (20)/kpi-system/vendor/laravel/framework/src/Illuminate/Routing/Middleware/SubstituteBindings.php(51): Illuminate/Pipeline/Pipeline->{closure:Illuminate/Pipeline/Pipeline::prepareDestination():168}(Object(Illuminate/Http/Request))
#22 D:/New folder (20)/kpi-system/vendor/laravel/framework/src/Illuminate/Pipeline/Pipeline.php(209): Illuminate/Routing/Middleware/SubstituteBindings->handle(Object(Illuminate/Http/Request), Object(Closure))
#23 D:/New folder (20)/kpi-system/vendor/laravel/framework/src/Illuminate/Foundation/Http/Middleware/VerifyCsrfToken.php(88): Illuminate/Pipeline/Pipeline->{closure:{closure:Illuminate/Pipeline/Pipeline::carry():184}:185}(Object(Illuminate/Http/Request))
#24 D:/New folder (20)/kpi-system/vendor/laravel/framework/src/Illuminate/Pipeline/Pipeline.php(209): Illuminate/Foundation/Http/Middleware/VerifyCsrfToken->handle(Object(Illuminate/Http/Request), Object(Closure))
#25 D:/New folder (20)/kpi-system/vendor/laravel/framework/src/Illuminate/View/Middleware/ShareErrorsFromSession.php(49): Illuminate/Pipeline/Pipeline->{closure:{closure:Illuminate/Pipeline/Pipeline::carry():184}:185}(Object(Illuminate/Http/Request))
#26 D:/New folder (20)/kpi-system/vendor/laravel/framework/src/Illuminate/Pipeline/Pipeline.php(209): Illuminate/View/Middleware/ShareErrorsFromSession->handle(Object(Illuminate/Http/Request), Object(Closure))
#27 D:/New folder (20)/kpi-system/vendor/laravel/framework/src/Illuminate/Session/Middleware/StartSession.php(121): Illuminate/Pipeline/Pipeline->{closure:{closure:Illuminate/Pipeline/Pipeline::carry():184}:185}(Object(Illuminate/Http/Request))
#28 D:/New folder (20)/kpi-system/vendor/laravel/framework/src/Illuminate/Session/Middleware/StartSession.php(64): Illuminate/Session/Middleware/StartSession->handleStatefulRequest(Object(Illuminate/Http/Request), Object(Illuminate/Session/Store), Object(Closure))
#29 D:/New folder (20)/kpi-system/vendor/laravel/framework/src/Illuminate/Pipeline/Pipeline.php(209): Illuminate/Session/Middleware/StartSession->handle(Object(Illuminate/Http/Request), Object(Closure))
#30 D:/New folder (20)/kpi-system/vendor/laravel/framework/src/Illuminate/Cookie/Middleware/AddQueuedCookiesToResponse.php(37): Illuminate/Pipeline/Pipeline->{closure:{closure:Illuminate/Pipeline/Pipeline::carry():184}:185}(Object(Illuminate/Http/Request))
#31 D:/New folder (20)/kpi-system/vendor/laravel/framework/src/Illuminate/Pipeline/Pipeline.php(209): Illuminate/Cookie/Middleware/AddQueuedCookiesToResponse->handle(Object(Illuminate/Http/Request), Object(Closure))
#32 D:/New folder (20)/kpi-system/vendor/laravel/framework/src/Illuminate/Cookie/Middleware/EncryptCookies.php(75): Illuminate/Pipeline/Pipeline->{closure:{closure:Illuminate/Pipeline/Pipeline::carry():184}:185}(Object(Illuminate/Http/Request))
#33 D:/New folder (20)/kpi-system/vendor/laravel/framework/src/Illuminate/Pipeline/Pipeline.php(209): Illuminate/Cookie/Middleware/EncryptCookies->handle(Object(Illuminate/Http/Request), Object(Closure))
#34 D:/New folder (20)/kpi-system/vendor/laravel/framework/src/Illuminate/Pipeline/Pipeline.php(127): Illuminate/Pipeline/Pipeline->{closure:{closure:Illuminate/Pipeline/Pipeline::carry():184}:185}(Object(Illuminate/Http/Request))
#35 D:/New folder (20)/kpi-system/vendor/laravel/framework/src/Illuminate/Routing/Router.php(807): Illuminate/Pipeline/Pipeline->then(Object(Closure))
#36 D:/New folder (20)/kpi-system/vendor/laravel/framework/src/Illuminate/Routing/Router.php(786): Illuminate/Routing/Router->runRouteWithinStack(Object(Illuminate/Routing/Route), Object(Illuminate/Http/Request))
#37 D:/New folder (20)/kpi-system/vendor/laravel/framework/src/Illuminate/Routing/Router.php(750): Illuminate/Routing/Router->runRoute(Object(Illuminate/Http/Request), Object(Illuminate/Routing/Route))
#38 D:/New folder (20)/kpi-system/vendor/laravel/framework/src/Illuminate/Routing/Router.php(739): Illuminate/Routing/Router->dispatchToRoute(Object(Illuminate/Http/Request))
#39 D:/New folder (20)/kpi-system/vendor/laravel/framework/src/Illuminate/Foundation/Http/Kernel.php(201): Illuminate/Routing/Router->dispatch(Object(Illuminate/Http/Request))
#40 D:/New folder (20)/kpi-system/vendor/laravel/framework/src/Illuminate/Pipeline/Pipeline.php(170): Illuminate/Foundation/Http/Kernel->{closure:Illuminate/Foundation/Http/Kernel::dispatchToRouter():198}(Object(Illuminate/Http/Request))
#41 D:/New folder (20)/kpi-system/vendor/laravel/framework/src/Illuminate/Foundation/Http/Middleware/TransformsRequest.php(21): Illuminate/Pipeline/Pipeline->{closure:Illuminate/Pipeline/Pipeline::prepareDestination():168}(Object(Illuminate/Http/Request))
#42 D:/New folder (20)/kpi-system/vendor/laravel/framework/src/Illuminate/Foundation/Http/Middleware/ConvertEmptyStringsToNull.php(31): Illuminate/Foundation/Http/Middleware/TransformsRequest->handle(Object(Illuminate/Http/Request), Object(Closure))
#43 D:/New folder (20)/kpi-system/vendor/laravel/framework/src/Illuminate/Pipeline/Pipeline.php(209): Illuminate/Foundation/Http/Middleware/ConvertEmptyStringsToNull->handle(Object(Illuminate/Http/Request), Object(Closure))
#44 D:/New folder (20)/kpi-system/vendor/laravel/framework/src/Illuminate/Foundation/Http/Middleware/TransformsRequest.php(21): Illuminate/Pipeline/Pipeline->{closure:{closure:Illuminate/Pipeline/Pipeline::carry():184}:185}(Object(Illuminate/Http/Request))
#45 D:/New folder (20)/kpi-system/vendor/laravel/framework/src/Illuminate/Foundation/Http/Middleware/TrimStrings.php(51): Illuminate/Foundation/Http/Middleware/TransformsRequest->handle(Object(Illuminate/Http/Request), Object(Closure))
#46 D:/New folder (20)/kpi-system/vendor/laravel/framework/src/Illuminate/Pipeline/Pipeline.php(209): Illuminate/Foundation/Http/Middleware/TrimStrings->handle(Object(Illuminate/Http/Request), Object(Closure))
#47 D:/New folder (20)/kpi-system/vendor/laravel/framework/src/Illuminate/Http/Middleware/ValidatePostSize.php(27): Illuminate/Pipeline/Pipeline->{closure:{closure:Illuminate/Pipeline/Pipeline::carry():184}:185}(Object(Illuminate/Http/Request))
#48 D:/New folder (20)/kpi-system/vendor/laravel/framework/src/Illuminate/Pipeline/Pipeline.php(209): Illuminate/Http/Middleware/ValidatePostSize->handle(Object(Illuminate/Http/Request), Object(Closure))
#49 D:/New folder (20)/kpi-system/vendor/laravel/framework/src/Illuminate/Foundation/Http/Middleware/PreventRequestsDuringMaintenance.php(110): Illuminate/Pipeline/Pipeline->{closure:{closure:Illuminate/Pipeline/Pipeline::carry():184}:185}(Object(Illuminate/Http/Request))
#50 D:/New folder (20)/kpi-system/vendor/laravel/framework/src/Illuminate/Pipeline/Pipeline.php(209): Illuminate/Foundation/Http/Middleware/PreventRequestsDuringMaintenance->handle(Object(Illuminate/Http/Request), Object(Closure))
#51 D:/New folder (20)/kpi-system/vendor/laravel/framework/src/Illuminate/Http/Middleware/HandleCors.php(49): Illuminate/Pipeline/Pipeline->{closure:{closure:Illuminate/Pipeline/Pipeline::carry():184}:185}(Object(Illuminate/Http/Request))
#52 D:/New folder (20)/kpi-system/vendor/laravel/framework/src/Illuminate/Pipeline/Pipeline.php(209): Illuminate/Http/Middleware/HandleCors->handle(Object(Illuminate/Http/Request), Object(Closure))
#53 D:/New folder (20)/kpi-system/vendor/laravel/framework/src/Illuminate/Http/Middleware/TrustProxies.php(58): Illuminate/Pipeline/Pipeline->{closure:{closure:Illuminate/Pipeline/Pipeline::carry():184}:185}(Object(Illuminate/Http/Request))
#54 D:/New folder (20)/kpi-system/vendor/laravel/framework/src/Illuminate/Pipeline/Pipeline.php(209): Illuminate/Http/Middleware/TrustProxies->handle(Object(Illuminate/Http/Request), Object(Closure))
#55 D:/New folder (20)/kpi-system/vendor/laravel/framework/src/Illuminate/Foundation/Http/Middleware/InvokeDeferredCallbacks.php(22): Illuminate/Pipeline/Pipeline->{closure:{closure:Illuminate/Pipeline/Pipeline::carry():184}:185}(Object(Illuminate/Http/Request))
#56 D:/New folder (20)/kpi-system/vendor/laravel/framework/src/Illuminate/Pipeline/Pipeline.php(209): Illuminate/Foundation/Http/Middleware/InvokeDeferredCallbacks->handle(Object(Illuminate/Http/Request), Object(Closure))
#57 D:/New folder (20)/kpi-system/vendor/laravel/framework/src/Illuminate/Pipeline/Pipeline.php(127): Illuminate/Pipeline/Pipeline->{closure:{closure:Illuminate/Pipeline/Pipeline::carry():184}:185}(Object(Illuminate/Http/Request))
#58 D:/New folder (20)/kpi-system/vendor/laravel/framework/src/Illuminate/Foundation/Http/Kernel.php(176): Illuminate/Pipeline/Pipeline->then(Object(Closure))
#59 D:/New folder (20)/kpi-system/vendor/laravel/framework/src/Illuminate/Foundation/Http/Kernel.php(145): Illuminate/Foundation/Http/Kernel->sendRequestThroughRouter(Object(Illuminate/Http/Request))
#60 D:/New folder (20)/kpi-system/vendor/laravel/framework/src/Illuminate/Foundation/Application.php(1220): Illuminate/Foundation/Http/Kernel->handle(Object(Illuminate/Http/Request))
#61 D:/New folder (20)/kpi-system/public/index.php(17): Illuminate/Foundation/Application->handleRequest(Object(Illuminate/Http/Request))
#62 D:/New folder (20)/kpi-system/vendor/laravel/framework/src/Illuminate/Foundation/resources/server.php(23): require_once('D://New folder (...')
#63 {main}

[previous exception] [object] (PDOException(code: 1045): SQLSTATE[HY000] [1045] Access denied for user 'root'@'localhost' (using password: NO) at D:/New folder (20)/kpi-system/vendor/laravel/framework/src/Illuminate/Database/Connectors/Connector.php:67)
[stacktrace]
#0 D:/New folder (20)/kpi-system/vendor/laravel/framework/src/Illuminate/Database/Connectors/Connector.php(67): PDO::connect('mysql:host=127....', 'root', Object(SensitiveParameterValue), Array)
#1 D:/New folder (20)/kpi-system/vendor/laravel/framework/src/Illuminate/Database/Connectors/Connector.php(44): Illuminate/Database/Connectors/Connector->createPdoConnection('mysql:host=127....', 'root', Object(SensitiveParameterValue), Array)
#2 D:/New folder (20)/kpi-system/vendor/laravel/framework/src/Illuminate/Database/Connectors/MySqlConnector.php(24): Illuminate/Database/Connectors/Connector->createConnection('mysql:host=127....', Array, Array)
#3 D:/New folder (20)/kpi-system/vendor/laravel/framework/src/Illuminate/Database/Connectors/ConnectionFactory.php(185): Illuminate/Database/Connectors/MySqlConnector->connect(Array)
#4 [internal function]: Illuminate/Database/Connectors/ConnectionFactory->{closure:Illuminate/Database/Connectors/ConnectionFactory::createPdoResolverWithHosts():180}()
#5 D:/New folder (20)/kpi-system/vendor/laravel/framework/src/Illuminate/Database/Connection.php(1231): call_user_func(Object(Closure))
#6 D:/New folder (20)/kpi-system/vendor/laravel/framework/src/Illuminate/Database/Connection.php(1267): Illuminate/Database/Connection->getPdo()
#7 D:/New folder (20)/kpi-system/vendor/laravel/framework/src/Illuminate/Database/Connection.php(512): Illuminate/Database/Connection->getReadPdo()
#8 D:/New folder (20)/kpi-system/vendor/laravel/framework/src/Illuminate/Database/Connection.php(407): Illuminate/Database/Connection->getPdoForSelect(true)
#9 D:/New folder (20)/kpi-system/vendor/laravel/framework/src/Illuminate/Database/Connection.php(812): Illuminate/Database/Connection->{closure:Illuminate/Database/Connection::select():398}('select * from `...', Array)
#10 D:/New folder (20)/kpi-system/vendor/laravel/framework/src/Illuminate/Database/Connection.php(779): Illuminate/Database/Connection->runQueryCallback('select * from `...', Array, Object(Closure))
#11 D:/New folder (20)/kpi-system/vendor/laravel/framework/src/Illuminate/Database/Connection.php(398): Illuminate/Database/Connection->run('select * from `...', Array, Object(Closure))
#12 D:/New folder (20)/kpi-system/vendor/laravel/framework/src/Illuminate/Database/Query/Builder.php(3106): Illuminate/Database/Connection->select('select * from `...', Array, true)
#13 D:/New folder (20)/kpi-system/vendor/laravel/framework/src/Illuminate/Database/Query/Builder.php(3091): Illuminate/Database/Query/Builder->runSelect()
#14 D:/New folder (20)/kpi-system/vendor/laravel/framework/src/Illuminate/Database/Query/Builder.php(3676): Illuminate/Database/Query/Builder->{closure:Illuminate/Database/Query/Builder::get():3090}()
#15 D:/New folder (20)/kpi-system/vendor/laravel/framework/src/Illuminate/Database/Query/Builder.php(3090): Illuminate/Database/Query/Builder->onceWithColumns(Array, Object(Closure))
#16 D:/New folder (20)/kpi-system/vendor/laravel/framework/src/Illuminate/Database/Eloquent/Builder.php(811): Illuminate/Database/Query/Builder->get(Array)
#17 D:/New folder (20)/kpi-system/vendor/laravel/framework/src/Illuminate/Database/Eloquent/Builder.php(793): Illuminate/Database/Eloquent/Builder->getModels(Array)
#18 D:/New folder (20)/kpi-system/vendor/laravel/framework/src/Illuminate/Database/Concerns/BuildsQueries.php(343): Illuminate/Database/Eloquent/Builder->get(Array)
#19 D:/New folder (20)/kpi-system/vendor/laravel/framework/src/Illuminate/Auth/EloquentUserProvider.php(139): Illuminate/Database/Eloquent/Builder->first()
#20 D:/New folder (20)/kpi-system/vendor/laravel/framework/src/Illuminate/Auth/SessionGuard.php(415): Illuminate/Auth/EloquentUserProvider->retrieveByCredentials(Object(SensitiveParameterValue))
#21 D:/New folder (20)/kpi-system/vendor/laravel/framework/src/Illuminate/Support/Timebox.php(34): Illuminate/Auth/SessionGuard->{closure:Illuminate/Auth/SessionGuard::attempt():412}(Object(Illuminate/Support/Timebox))
#22 D:/New folder (20)/kpi-system/vendor/laravel/framework/src/Illuminate/Auth/SessionGuard.php(412): Illuminate/Support/Timebox->call(Object(Closure), 200000)
#23 D:/New folder (20)/kpi-system/vendor/laravel/framework/src/Illuminate/Auth/AuthManager.php(340): Illuminate/Auth/SessionGuard->attempt(Array, false)
#24 D:/New folder (20)/kpi-system/vendor/laravel/framework/src/Illuminate/Support/Facades/Facade.php(361): Illuminate/Auth/AuthManager->__call('attempt', Array)
#25 D:/New folder (20)/kpi-system/app/Http/Controllers/AuthController.php(29): Illuminate/Support/Facades/Facade::__callStatic('attempt', Array)
#26 D:/New folder (20)/kpi-system/vendor/laravel/framework/src/Illuminate/Routing/ControllerDispatcher.php(47): App/Http/Controllers/AuthController->login(Object(Illuminate/Http/Request))
#27 D:/New folder (20)/kpi-system/vendor/laravel/framework/src/Illuminate/Routing/Route.php(266): Illuminate/Routing/ControllerDispatcher->dispatch(Object(Illuminate/Routing/Route), Object(App/Http/Controllers/AuthController), 'login')
#28 D:/New folder (20)/kpi-system/vendor/laravel/framework/src/Illuminate/Routing/Route.php(212): Illuminate/Routing/Route->runController()
#29 D:/New folder (20)/kpi-system/vendor/laravel/framework/src/Illuminate/Routing/Router.php(808): Illuminate/Routing/Route->run()
#30 D:/New folder (20)/kpi-system/vendor/laravel/framework/src/Illuminate/Pipeline/Pipeline.php(170): Illuminate/Routing/Router->{closure:Illuminate/Routing/Router::runRouteWithinStack():807}(Object(Illuminate/Http/Request))
#31 D:/New folder (20)/kpi-system/vendor/laravel/framework/src/Illuminate/Routing/Middleware/SubstituteBindings.php(51): Illuminate/Pipeline/Pipeline->{closure:Illuminate/Pipeline/Pipeline::prepareDestination():168}(Object(Illuminate/Http/Request))
#32 D:/New folder (20)/kpi-system/vendor/laravel/framework/src/Illuminate/Pipeline/Pipeline.php(209): Illuminate/Routing/Middleware/SubstituteBindings->handle(Object(Illuminate/Http/Request), Object(Closure))
#33 D:/New folder (20)/kpi-system/vendor/laravel/framework/src/Illuminate/Foundation/Http/Middleware/VerifyCsrfToken.php(88): Illuminate/Pipeline/Pipeline->{closure:{closure:Illuminate/Pipeline/Pipeline::carry():184}:185}(Object(Illuminate/Http/Request))
#34 D:/New folder (20)/kpi-system/vendor/laravel/framework/src/Illuminate/Pipeline/Pipeline.php(209): Illuminate/Foundation/Http/Middleware/VerifyCsrfToken->handle(Object(Illuminate/Http/Request), Object(Closure))
#35 D:/New folder (20)/kpi-system/vendor/laravel/framework/src/Illuminate/View/Middleware/ShareErrorsFromSession.php(49): Illuminate/Pipeline/Pipeline->{closure:{closure:Illuminate/Pipeline/Pipeline::carry():184}:185}(Object(Illuminate/Http/Request))
#36 D:/New folder (20)/kpi-system/vendor/laravel/framework/src/Illuminate/Pipeline/Pipeline.php(209): Illuminate/View/Middleware/ShareErrorsFromSession->handle(Object(Illuminate/Http/Request), Object(Closure))
#37 D:/New folder (20)/kpi-system/vendor/laravel/framework/src/Illuminate/Session/Middleware/StartSession.php(121): Illuminate/Pipeline/Pipeline->{closure:{closure:Illuminate/Pipeline/Pipeline::carry():184}:185}(Object(Illuminate/Http/Request))
#38 D:/New folder (20)/kpi-system/vendor/laravel/framework/src/Illuminate/Session/Middleware/StartSession.php(64): Illuminate/Session/Middleware/StartSession->handleStatefulRequest(Object(Illuminate/Http/Request), Object(Illuminate/Session/Store), Object(Closure))
#39 D:/New folder (20)/kpi-system/vendor/laravel/framework/src/Illuminate/Pipeline/Pipeline.php(209): Illuminate/Session/Middleware/StartSession->handle(Object(Illuminate/Http/Request), Object(Closure))
#40 D:/New folder (20)/kpi-system/vendor/laravel/framework/src/Illuminate/Cookie/Middleware/AddQueuedCookiesToResponse.php(37): Illuminate/Pipeline/Pipeline->{closure:{closure:Illuminate/Pipeline/Pipeline::carry():184}:185}(Object(Illuminate/Http/Request))
#41 D:/New folder (20)/kpi-system/vendor/laravel/framework/src/Illuminate/Pipeline/Pipeline.php(209): Illuminate/Cookie/Middleware/AddQueuedCookiesToResponse->handle(Object(Illuminate/Http/Request), Object(Closure))
#42 D:/New folder (20)/kpi-system/vendor/laravel/framework/src/Illuminate/Cookie/Middleware/EncryptCookies.php(75): Illuminate/Pipeline/Pipeline->{closure:{closure:Illuminate/Pipeline/Pipeline::carry():184}:185}(Object(Illuminate/Http/Request))
#43 D:/New folder (20)/kpi-system/vendor/laravel/framework/src/Illuminate/Pipeline/Pipeline.php(209): Illuminate/Cookie/Middleware/EncryptCookies->handle(Object(Illuminate/Http/Request), Object(Closure))
#44 D:/New folder (20)/kpi-system/vendor/laravel/framework/src/Illuminate/Pipeline/Pipeline.php(127): Illuminate/Pipeline/Pipeline->{closure:{closure:Illuminate/Pipeline/Pipeline::carry():184}:185}(Object(Illuminate/Http/Request))
#45 D:/New folder (20)/kpi-system/vendor/laravel/framework/src/Illuminate/Routing/Router.php(807): Illuminate/Pipeline/Pipeline->then(Object(Closure))
#46 D:/New folder (20)/kpi-system/vendor/laravel/framework/src/Illuminate/Routing/Router.php(786): Illuminate/Routing/Router->runRouteWithinStack(Object(Illuminate/Routing/Route), Object(Illuminate/Http/Request))
#47 D:/New folder (20)/kpi-system/vendor/laravel/framework/src/Illuminate/Routing/Router.php(750): Illuminate/Routing/Router->runRoute(Object(Illuminate/Http/Request), Object(Illuminate/Routing/Route))
#48 D:/New folder (20)/kpi-system/vendor/laravel/framework/src/Illuminate/Routing/Router.php(739): Illuminate/Routing/Router->dispatchToRoute(Object(Illuminate/Http/Request))
#49 D:/New folder (20)/kpi-system/vendor/laravel/framework/src/Illuminate/Foundation/Http/Kernel.php(201): Illuminate/Routing/Router->dispatch(Object(Illuminate/Http/Request))
#50 D:/New folder (20)/kpi-system/vendor/laravel/framework/src/Illuminate/Pipeline/Pipeline.php(170): Illuminate/Foundation/Http/Kernel->{closure:Illuminate/Foundation/Http/Kernel::dispatchToRouter():198}(Object(Illuminate/Http/Request))
#51 D:/New folder (20)/kpi-system/vendor/laravel/framework/src/Illuminate/Foundation/Http/Middleware/TransformsRequest.php(21): Illuminate/Pipeline/Pipeline->{closure:Illuminate/Pipeline/Pipeline::prepareDestination():168}(Object(Illuminate/Http/Request))
#52 D:/New folder (20)/kpi-system/vendor/laravel/framework/src/Illuminate/Foundation/Http/Middleware/ConvertEmptyStringsToNull.php(31): Illuminate/Foundation/Http/Middleware/TransformsRequest->handle(Object(Illuminate/Http/Request), Object(Closure))
#53 D:/New folder (20)/kpi-system/vendor/laravel/framework/src/Illuminate/Pipeline/Pipeline.php(209): Illuminate/Foundation/Http/Middleware/ConvertEmptyStringsToNull->handle(Object(Illuminate/Http/Request), Object(Closure))
#54 D:/New folder (20)/kpi-system/vendor/laravel/framework/src/Illuminate/Foundation/Http/Middleware/TransformsRequest.php(21): Illuminate/Pipeline/Pipeline->{closure:{closure:Illuminate/Pipeline/Pipeline::carry():184}:185}(Object(Illuminate/Http/Request))
#55 D:/New folder (20)/kpi-system/vendor/laravel/framework/src/Illuminate/Foundation/Http/Middleware/TrimStrings.php(51): Illuminate/Foundation/Http/Middleware/TransformsRequest->handle(Object(Illuminate/Http/Request), Object(Closure))
#56 D:/New folder (20)/kpi-system/vendor/laravel/framework/src/Illuminate/Pipeline/Pipeline.php(209): Illuminate/Foundation/Http/Middleware/TrimStrings->handle(Object(Illuminate/Http/Request), Object(Closure))
#57 D:/New folder (20)/kpi-system/vendor/laravel/framework/src/Illuminate/Http/Middleware/ValidatePostSize.php(27): Illuminate/Pipeline/Pipeline->{closure:{closure:Illuminate/Pipeline/Pipeline::carry():184}:185}(Object(Illuminate/Http/Request))
#58 D:/New folder (20)/kpi-system/vendor/laravel/framework/src/Illuminate/Pipeline/Pipeline.php(209): Illuminate/Http/Middleware/ValidatePostSize->handle(Object(Illuminate/Http/Request), Object(Closure))
#59 D:/New folder (20)/kpi-system/vendor/laravel/framework/src/Illuminate/Foundation/Http/Middleware/PreventRequestsDuringMaintenance.php(110): Illuminate/Pipeline/Pipeline->{closure:{closure:Illuminate/Pipeline/Pipeline::carry():184}:185}(Object(Illuminate/Http/Request))
#60 D:/New folder (20)/kpi-system/vendor/laravel/framework/src/Illuminate/Pipeline/Pipeline.php(209): Illuminate/Foundation/Http/Middleware/PreventRequestsDuringMaintenance->handle(Object(Illuminate/Http/Request), Object(Closure))
#61 D:/New folder (20)/kpi-system/vendor/laravel/framework/src/Illuminate/Http/Middleware/HandleCors.php(49): Illuminate/Pipeline/Pipeline->{closure:{closure:Illuminate/Pipeline/Pipeline::carry():184}:185}(Object(Illuminate/Http/Request))
#62 D:/New folder (20)/kpi-system/vendor/laravel/framework/src/Illuminate/Pipeline/Pipeline.php(209): Illuminate/Http/Middleware/HandleCors->handle(Object(Illuminate/Http/Request), Object(Closure))
#63 D:/New folder (20)/kpi-system/vendor/laravel/framework/src/Illuminate/Http/Middleware/TrustProxies.php(58): Illuminate/Pipeline/Pipeline->{closure:{closure:Illuminate/Pipeline/Pipeline::carry():184}:185}(Object(Illuminate/Http/Request))
#64 D:/New folder (20)/kpi-system/vendor/laravel/framework/src/Illuminate/Pipeline/Pipeline.php(209): Illuminate/Http/Middleware/TrustProxies->handle(Object(Illuminate/Http/Request), Object(Closure))
#65 D:/New folder (20)/kpi-system/vendor/laravel/framework/src/Illuminate/Foundation/Http/Middleware/InvokeDeferredCallbacks.php(22): Illuminate/Pipeline/Pipeline->{closure:{closure:Illuminate/Pipeline/Pipeline::carry():184}:185}(Object(Illuminate/Http/Request))
#66 D:/New folder (20)/kpi-system/vendor/laravel/framework/src/Illuminate/Pipeline/Pipeline.php(209): Illuminate/Foundation/Http/Middleware/InvokeDeferredCallbacks->handle(Object(Illuminate/Http/Request), Object(Closure))
#67 D:/New folder (20)/kpi-system/vendor/laravel/framework/src/Illuminate/Pipeline/Pipeline.php(127): Illuminate/Pipeline/Pipeline->{closure:{closure:Illuminate/Pipeline/Pipeline::carry():184}:185}(Object(Illuminate/Http/Request))
#68 D:/New folder (20)/kpi-system/vendor/laravel/framework/src/Illuminate/Foundation/Http/Kernel.php(176): Illuminate/Pipeline/Pipeline->then(Object(Closure))
#69 D:/New folder (20)/kpi-system/vendor/laravel/framework/src/Illuminate/Foundation/Http/Kernel.php(145): Illuminate/Foundation/Http/Kernel->sendRequestThroughRouter(Object(Illuminate/Http/Request))
#70 D:/New folder (20)/kpi-system/vendor/laravel/framework/src/Illuminate/Foundation/Application.php(1220): Illuminate/Foundation/Http/Kernel->handle(Object(Illuminate/Http/Request))
#71 D:/New folder (20)/kpi-system/public/index.php(17): Illuminate/Foundation/Application->handleRequest(Object(Illuminate/Http/Request))
#72 D:/New folder (20)/kpi-system/vendor/laravel/framework/src/Illuminate/Foundation/resources/server.php(23): require_once('D://New folder (...')
#73 {main}
"} 
[2026-06-11 10:05:01] local.ERROR: SQLSTATE[HY000] [1045] Access denied for user 'root'@'localhost' (using password: NO) (Connection: mysql, SQL: select * from `users` where `email` = email123@gmail.com limit 1) {"exception":"[object] (Illuminate\\Database\\QueryException(code: 1045): SQLSTATE[HY000] [1045] Access denied for user 'root'@'localhost' (using password: NO) (Connection: mysql, SQL: select * from `users` where `email` = email123@gmail.com limit 1) at D:/New folder (20)/kpi-system/vendor/laravel/framework/src/Illuminate/Database/Connection.php:825)
[stacktrace]
#0 D:/New folder (20)/kpi-system/vendor/laravel/framework/src/Illuminate/Database/Connection.php(779): Illuminate/Database/Connection->runQueryCallback('select * from `...', Array, Object(Closure))
#1 D:/New folder (20)/kpi-system/vendor/laravel/framework/src/Illuminate/Database/Connection.php(398): Illuminate/Database/Connection->run('select * from `...', Array, Object(Closure))
#2 D:/New folder (20)/kpi-system/vendor/laravel/framework/src/Illuminate/Database/Query/Builder.php(3106): Illuminate/Database/Connection->select('select * from `...', Array, true)
#3 D:/New folder (20)/kpi-system/vendor/laravel/framework/src/Illuminate/Database/Query/Builder.php(3091): Illuminate/Database/Query/Builder->runSelect()
#4 D:/New folder (20)/kpi-system/vendor/laravel/framework/src/Illuminate/Database/Query/Builder.php(3676): Illuminate/Database/Query/Builder->{closure:Illuminate/Database/Query/Builder::get():3090}()
#5 D:/New folder (20)/kpi-system/vendor/laravel/framework/src/Illuminate/Database/Query/Builder.php(3090): Illuminate/Database/Query/Builder->onceWithColumns(Array, Object(Closure))
#6 D:/New folder (20)/kpi-system/vendor/laravel/framework/src/Illuminate/Database/Eloquent/Builder.php(811): Illuminate/Database/Query/Builder->get(Array)
#7 D:/New folder (20)/kpi-system/vendor/laravel/framework/src/Illuminate/Database/Eloquent/Builder.php(793): Illuminate/Database/Eloquent/Builder->getModels(Array)
#8 D:/New folder (20)/kpi-system/vendor/laravel/framework/src/Illuminate/Database/Concerns/BuildsQueries.php(343): Illuminate/Database/Eloquent/Builder->get(Array)
#9 D:/New folder (20)/kpi-system/vendor/laravel/framework/src/Illuminate/Auth/EloquentUserProvider.php(139): Illuminate/Database/Eloquent/Builder->first()
#10 D:/New folder (20)/kpi-system/vendor/laravel/framework/src/Illuminate/Auth/SessionGuard.php(415): Illuminate/Auth/EloquentUserProvider->retrieveByCredentials(Object(SensitiveParameterValue))
#11 D:/New folder (20)/kpi-system/vendor/laravel/framework/src/Illuminate/Support/Timebox.php(34): Illuminate/Auth/SessionGuard->{closure:Illuminate/Auth/SessionGuard::attempt():412}(Object(Illuminate/Support/Timebox))
#12 D:/New folder (20)/kpi-system/vendor/laravel/framework/src/Illuminate/Auth/SessionGuard.php(412): Illuminate/Support/Timebox->call(Object(Closure), 200000)
#13 D:/New folder (20)/kpi-system/vendor/laravel/framework/src/Illuminate/Auth/AuthManager.php(340): Illuminate/Auth/SessionGuard->attempt(Array, false)
#14 D:/New folder (20)/kpi-system/vendor/laravel/framework/src/Illuminate/Support/Facades/Facade.php(361): Illuminate/Auth/AuthManager->__call('attempt', Array)
#15 D:/New folder (20)/kpi-system/app/Http/Controllers/AuthController.php(29): Illuminate/Support/Facades/Facade::__callStatic('attempt', Array)
#16 D:/New folder (20)/kpi-system/vendor/laravel/framework/src/Illuminate/Routing/ControllerDispatcher.php(47): App/Http/Controllers/AuthController->login(Object(Illuminate/Http/Request))
#17 D:/New folder (20)/kpi-system/vendor/laravel/framework/src/Illuminate/Routing/Route.php(266): Illuminate/Routing/ControllerDispatcher->dispatch(Object(Illuminate/Routing/Route), Object(App/Http/Controllers/AuthController), 'login')
#18 D:/New folder (20)/kpi-system/vendor/laravel/framework/src/Illuminate/Routing/Route.php(212): Illuminate/Routing/Route->runController()
#19 D:/New folder (20)/kpi-system/vendor/laravel/framework/src/Illuminate/Routing/Router.php(808): Illuminate/Routing/Route->run()
#20 D:/New folder (20)/kpi-system/vendor/laravel/framework/src/Illuminate/Pipeline/Pipeline.php(170): Illuminate/Routing/Router->{closure:Illuminate/Routing/Router::runRouteWithinStack():807}(Object(Illuminate/Http/Request))
#21 D:/New folder (20)/kpi-system/vendor/laravel/framework/src/Illuminate/Routing/Middleware/SubstituteBindings.php(51): Illuminate/Pipeline/Pipeline->{closure:Illuminate/Pipeline/Pipeline::prepareDestination():168}(Object(Illuminate/Http/Request))
#22 D:/New folder (20)/kpi-system/vendor/laravel/framework/src/Illuminate/Pipeline/Pipeline.php(209): Illuminate/Routing/Middleware/SubstituteBindings->handle(Object(Illuminate/Http/Request), Object(Closure))
#23 D:/New folder (20)/kpi-system/vendor/laravel/framework/src/Illuminate/Foundation/Http/Middleware/VerifyCsrfToken.php(88): Illuminate/Pipeline/Pipeline->{closure:{closure:Illuminate/Pipeline/Pipeline::carry():184}:185}(Object(Illuminate/Http/Request))
#24 D:/New folder (20)/kpi-system/vendor/laravel/framework/src/Illuminate/Pipeline/Pipeline.php(209): Illuminate/Foundation/Http/Middleware/VerifyCsrfToken->handle(Object(Illuminate/Http/Request), Object(Closure))
#25 D:/New folder (20)/kpi-system/vendor/laravel/framework/src/Illuminate/View/Middleware/ShareErrorsFromSession.php(49): Illuminate/Pipeline/Pipeline->{closure:{closure:Illuminate/Pipeline/Pipeline::carry():184}:185}(Object(Illuminate/Http/Request))
#26 D:/New folder (20)/kpi-system/vendor/laravel/framework/src/Illuminate/Pipeline/Pipeline.php(209): Illuminate/View/Middleware/ShareErrorsFromSession->handle(Object(Illuminate/Http/Request), Object(Closure))
#27 D:/New folder (20)/kpi-system/vendor/laravel/framework/src/Illuminate/Session/Middleware/StartSession.php(121): Illuminate/Pipeline/Pipeline->{closure:{closure:Illuminate/Pipeline/Pipeline::carry():184}:185}(Object(Illuminate/Http/Request))
#28 D:/New folder (20)/kpi-system/vendor/laravel/framework/src/Illuminate/Session/Middleware/StartSession.php(64): Illuminate/Session/Middleware/StartSession->handleStatefulRequest(Object(Illuminate/Http/Request), Object(Illuminate/Session/Store), Object(Closure))
#29 D:/New folder (20)/kpi-system/vendor/laravel/framework/src/Illuminate/Pipeline/Pipeline.php(209): Illuminate/Session/Middleware/StartSession->handle(Object(Illuminate/Http/Request), Object(Closure))
#30 D:/New folder (20)/kpi-system/vendor/laravel/framework/src/Illuminate/Cookie/Middleware/AddQueuedCookiesToResponse.php(37): Illuminate/Pipeline/Pipeline->{closure:{closure:Illuminate/Pipeline/Pipeline::carry():184}:185}(Object(Illuminate/Http/Request))
#31 D:/New folder (20)/kpi-system/vendor/laravel/framework/src/Illuminate/Pipeline/Pipeline.php(209): Illuminate/Cookie/Middleware/AddQueuedCookiesToResponse->handle(Object(Illuminate/Http/Request), Object(Closure))
#32 D:/New folder (20)/kpi-system/vendor/laravel/framework/src/Illuminate/Cookie/Middleware/EncryptCookies.php(75): Illuminate/Pipeline/Pipeline->{closure:{closure:Illuminate/Pipeline/Pipeline::carry():184}:185}(Object(Illuminate/Http/Request))
#33 D:/New folder (20)/kpi-system/vendor/laravel/framework/src/Illuminate/Pipeline/Pipeline.php(209): Illuminate/Cookie/Middleware/EncryptCookies->handle(Object(Illuminate/Http/Request), Object(Closure))
#34 D:/New folder (20)/kpi-system/vendor/laravel/framework/src/Illuminate/Pipeline/Pipeline.php(127): Illuminate/Pipeline/Pipeline->{closure:{closure:Illuminate/Pipeline/Pipeline::carry():184}:185}(Object(Illuminate/Http/Request))
#35 D:/New folder (20)/kpi-system/vendor/laravel/framework/src/Illuminate/Routing/Router.php(807): Illuminate/Pipeline/Pipeline->then(Object(Closure))
#36 D:/New folder (20)/kpi-system/vendor/laravel/framework/src/Illuminate/Routing/Router.php(786): Illuminate/Routing/Router->runRouteWithinStack(Object(Illuminate/Routing/Route), Object(Illuminate/Http/Request))
#37 D:/New folder (20)/kpi-system/vendor/laravel/framework/src/Illuminate/Routing/Router.php(750): Illuminate/Routing/Router->runRoute(Object(Illuminate/Http/Request), Object(Illuminate/Routing/Route))
#38 D:/New folder (20)/kpi-system/vendor/laravel/framework/src/Illuminate/Routing/Router.php(739): Illuminate/Routing/Router->dispatchToRoute(Object(Illuminate/Http/Request))
#39 D:/New folder (20)/kpi-system/vendor/laravel/framework/src/Illuminate/Foundation/Http/Kernel.php(201): Illuminate/Routing/Router->dispatch(Object(Illuminate/Http/Request))
#40 D:/New folder (20)/kpi-system/vendor/laravel/framework/src/Illuminate/Pipeline/Pipeline.php(170): Illuminate/Foundation/Http/Kernel->{closure:Illuminate/Foundation/Http/Kernel::dispatchToRouter():198}(Object(Illuminate/Http/Request))
#41 D:/New folder (20)/kpi-system/vendor/laravel/framework/src/Illuminate/Foundation/Http/Middleware/TransformsRequest.php(21): Illuminate/Pipeline/Pipeline->{closure:Illuminate/Pipeline/Pipeline::prepareDestination():168}(Object(Illuminate/Http/Request))
#42 D:/New folder (20)/kpi-system/vendor/laravel/framework/src/Illuminate/Foundation/Http/Middleware/ConvertEmptyStringsToNull.php(31): Illuminate/Foundation/Http/Middleware/TransformsRequest->handle(Object(Illuminate/Http/Request), Object(Closure))
#43 D:/New folder (20)/kpi-system/vendor/laravel/framework/src/Illuminate/Pipeline/Pipeline.php(209): Illuminate/Foundation/Http/Middleware/ConvertEmptyStringsToNull->handle(Object(Illuminate/Http/Request), Object(Closure))
#44 D:/New folder (20)/kpi-system/vendor/laravel/framework/src/Illuminate/Foundation/Http/Middleware/TransformsRequest.php(21): Illuminate/Pipeline/Pipeline->{closure:{closure:Illuminate/Pipeline/Pipeline::carry():184}:185}(Object(Illuminate/Http/Request))
#45 D:/New folder (20)/kpi-system/vendor/laravel/framework/src/Illuminate/Foundation/Http/Middleware/TrimStrings.php(51): Illuminate/Foundation/Http/Middleware/TransformsRequest->handle(Object(Illuminate/Http/Request), Object(Closure))
#46 D:/New folder (20)/kpi-system/vendor/laravel/framework/src/Illuminate/Pipeline/Pipeline.php(209): Illuminate/Foundation/Http/Middleware/TrimStrings->handle(Object(Illuminate/Http/Request), Object(Closure))
#47 D:/New folder (20)/kpi-system/vendor/laravel/framework/src/Illuminate/Http/Middleware/ValidatePostSize.php(27): Illuminate/Pipeline/Pipeline->{closure:{closure:Illuminate/Pipeline/Pipeline::carry():184}:185}(Object(Illuminate/Http/Request))
#48 D:/New folder (20)/kpi-system/vendor/laravel/framework/src/Illuminate/Pipeline/Pipeline.php(209): Illuminate/Http/Middleware/ValidatePostSize->handle(Object(Illuminate/Http/Request), Object(Closure))
#49 D:/New folder (20)/kpi-system/vendor/laravel/framework/src/Illuminate/Foundation/Http/Middleware/PreventRequestsDuringMaintenance.php(110): Illuminate/Pipeline/Pipeline->{closure:{closure:Illuminate/Pipeline/Pipeline::carry():184}:185}(Object(Illuminate/Http/Request))
#50 D:/New folder (20)/kpi-system/vendor/laravel/framework/src/Illuminate/Pipeline/Pipeline.php(209): Illuminate/Foundation/Http/Middleware/PreventRequestsDuringMaintenance->handle(Object(Illuminate/Http/Request), Object(Closure))
#51 D:/New folder (20)/kpi-system/vendor/laravel/framework/src/Illuminate/Http/Middleware/HandleCors.php(49): Illuminate/Pipeline/Pipeline->{closure:{closure:Illuminate/Pipeline/Pipeline::carry():184}:185}(Object(Illuminate/Http/Request))
#52 D:/New folder (20)/kpi-system/vendor/laravel/framework/src/Illuminate/Pipeline/Pipeline.php(209): Illuminate/Http/Middleware/HandleCors->handle(Object(Illuminate/Http/Request), Object(Closure))
#53 D:/New folder (20)/kpi-system/vendor/laravel/framework/src/Illuminate/Http/Middleware/TrustProxies.php(58): Illuminate/Pipeline/Pipeline->{closure:{closure:Illuminate/Pipeline/Pipeline::carry():184}:185}(Object(Illuminate/Http/Request))
#54 D:/New folder (20)/kpi-system/vendor/laravel/framework/src/Illuminate/Pipeline/Pipeline.php(209): Illuminate/Http/Middleware/TrustProxies->handle(Object(Illuminate/Http/Request), Object(Closure))
#55 D:/New folder (20)/kpi-system/vendor/laravel/framework/src/Illuminate/Foundation/Http/Middleware/InvokeDeferredCallbacks.php(22): Illuminate/Pipeline/Pipeline->{closure:{closure:Illuminate/Pipeline/Pipeline::carry():184}:185}(Object(Illuminate/Http/Request))
#56 D:/New folder (20)/kpi-system/vendor/laravel/framework/src/Illuminate/Pipeline/Pipeline.php(209): Illuminate/Foundation/Http/Middleware/InvokeDeferredCallbacks->handle(Object(Illuminate/Http/Request), Object(Closure))
#57 D:/New folder (20)/kpi-system/vendor/laravel/framework/src/Illuminate/Pipeline/Pipeline.php(127): Illuminate/Pipeline/Pipeline->{closure:{closure:Illuminate/Pipeline/Pipeline::carry():184}:185}(Object(Illuminate/Http/Request))
#58 D:/New folder (20)/kpi-system/vendor/laravel/framework/src/Illuminate/Foundation/Http/Kernel.php(176): Illuminate/Pipeline/Pipeline->then(Object(Closure))
#59 D:/New folder (20)/kpi-system/vendor/laravel/framework/src/Illuminate/Foundation/Http/Kernel.php(145): Illuminate/Foundation/Http/Kernel->sendRequestThroughRouter(Object(Illuminate/Http/Request))
#60 D:/New folder (20)/kpi-system/vendor/laravel/framework/src/Illuminate/Foundation/Application.php(1220): Illuminate/Foundation/Http/Kernel->handle(Object(Illuminate/Http/Request))
#61 D:/New folder (20)/kpi-system/public/index.php(17): Illuminate/Foundation/Application->handleRequest(Object(Illuminate/Http/Request))
#62 D:/New folder (20)/kpi-system/vendor/laravel/framework/src/Illuminate/Foundation/resources/server.php(23): require_once('D://New folder (...')
#63 {main}

[previous exception] [object] (PDOException(code: 1045): SQLSTATE[HY000] [1045] Access denied for user 'root'@'localhost' (using password: NO) at D:/New folder (20)/kpi-system/vendor/laravel/framework/src/Illuminate/Database/Connectors/Connector.php:67)
[stacktrace]
#0 D:/New folder (20)/kpi-system/vendor/laravel/framework/src/Illuminate/Database/Connectors/Connector.php(67): PDO::connect('mysql:host=127....', 'root', Object(SensitiveParameterValue), Array)
#1 D:/New folder (20)/kpi-system/vendor/laravel/framework/src/Illuminate/Database/Connectors/Connector.php(44): Illuminate/Database/Connectors/Connector->createPdoConnection('mysql:host=127....', 'root', Object(SensitiveParameterValue), Array)
#2 D:/New folder (20)/kpi-system/vendor/laravel/framework/src/Illuminate/Database/Connectors/MySqlConnector.php(24): Illuminate/Database/Connectors/Connector->createConnection('mysql:host=127....', Array, Array)
#3 D:/New folder (20)/kpi-system/vendor/laravel/framework/src/Illuminate/Database/Connectors/ConnectionFactory.php(185): Illuminate/Database/Connectors/MySqlConnector->connect(Array)
#4 [internal function]: Illuminate/Database/Connectors/ConnectionFactory->{closure:Illuminate/Database/Connectors/ConnectionFactory::createPdoResolverWithHosts():180}()
#5 D:/New folder (20)/kpi-system/vendor/laravel/framework/src/Illuminate/Database/Connection.php(1231): call_user_func(Object(Closure))
#6 D:/New folder (20)/kpi-system/vendor/laravel/framework/src/Illuminate/Database/Connection.php(1267): Illuminate/Database/Connection->getPdo()
#7 D:/New folder (20)/kpi-system/vendor/laravel/framework/src/Illuminate/Database/Connection.php(512): Illuminate/Database/Connection->getReadPdo()
#8 D:/New folder (20)/kpi-system/vendor/laravel/framework/src/Illuminate/Database/Connection.php(407): Illuminate/Database/Connection->getPdoForSelect(true)
#9 D:/New folder (20)/kpi-system/vendor/laravel/framework/src/Illuminate/Database/Connection.php(812): Illuminate/Database/Connection->{closure:Illuminate/Database/Connection::select():398}('select * from `...', Array)
#10 D:/New folder (20)/kpi-system/vendor/laravel/framework/src/Illuminate/Database/Connection.php(779): Illuminate/Database/Connection->runQueryCallback('select * from `...', Array, Object(Closure))
#11 D:/New folder (20)/kpi-system/vendor/laravel/framework/src/Illuminate/Database/Connection.php(398): Illuminate/Database/Connection->run('select * from `...', Array, Object(Closure))
#12 D:/New folder (20)/kpi-system/vendor/laravel/framework/src/Illuminate/Database/Query/Builder.php(3106): Illuminate/Database/Connection->select('select * from `...', Array, true)
#13 D:/New folder (20)/kpi-system/vendor/laravel/framework/src/Illuminate/Database/Query/Builder.php(3091): Illuminate/Database/Query/Builder->runSelect()
#14 D:/New folder (20)/kpi-system/vendor/laravel/framework/src/Illuminate/Database/Query/Builder.php(3676): Illuminate/Database/Query/Builder->{closure:Illuminate/Database/Query/Builder::get():3090}()
#15 D:/New folder (20)/kpi-system/vendor/laravel/framework/src/Illuminate/Database/Query/Builder.php(3090): Illuminate/Database/Query/Builder->onceWithColumns(Array, Object(Closure))
#16 D:/New folder (20)/kpi-system/vendor/laravel/framework/src/Illuminate/Database/Eloquent/Builder.php(811): Illuminate/Database/Query/Builder->get(Array)
#17 D:/New folder (20)/kpi-system/vendor/laravel/framework/src/Illuminate/Database/Eloquent/Builder.php(793): Illuminate/Database/Eloquent/Builder->getModels(Array)
#18 D:/New folder (20)/kpi-system/vendor/laravel/framework/src/Illuminate/Database/Concerns/BuildsQueries.php(343): Illuminate/Database/Eloquent/Builder->get(Array)
#19 D:/New folder (20)/kpi-system/vendor/laravel/framework/src/Illuminate/Auth/EloquentUserProvider.php(139): Illuminate/Database/Eloquent/Builder->first()
#20 D:/New folder (20)/kpi-system/vendor/laravel/framework/src/Illuminate/Auth/SessionGuard.php(415): Illuminate/Auth/EloquentUserProvider->retrieveByCredentials(Object(SensitiveParameterValue))
#21 D:/New folder (20)/kpi-system/vendor/laravel/framework/src/Illuminate/Support/Timebox.php(34): Illuminate/Auth/SessionGuard->{closure:Illuminate/Auth/SessionGuard::attempt():412}(Object(Illuminate/Support/Timebox))
#22 D:/New folder (20)/kpi-system/vendor/laravel/framework/src/Illuminate/Auth/SessionGuard.php(412): Illuminate/Support/Timebox->call(Object(Closure), 200000)
#23 D:/New folder (20)/kpi-system/vendor/laravel/framework/src/Illuminate/Auth/AuthManager.php(340): Illuminate/Auth/SessionGuard->attempt(Array, false)
#24 D:/New folder (20)/kpi-system/vendor/laravel/framework/src/Illuminate/Support/Facades/Facade.php(361): Illuminate/Auth/AuthManager->__call('attempt', Array)
#25 D:/New folder (20)/kpi-system/app/Http/Controllers/AuthController.php(29): Illuminate/Support/Facades/Facade::__callStatic('attempt', Array)
#26 D:/New folder (20)/kpi-system/vendor/laravel/framework/src/Illuminate/Routing/ControllerDispatcher.php(47): App/Http/Controllers/AuthController->login(Object(Illuminate/Http/Request))
#27 D:/New folder (20)/kpi-system/vendor/laravel/framework/src/Illuminate/Routing/Route.php(266): Illuminate/Routing/ControllerDispatcher->dispatch(Object(Illuminate/Routing/Route), Object(App/Http/Controllers/AuthController), 'login')
#28 D:/New folder (20)/kpi-system/vendor/laravel/framework/src/Illuminate/Routing/Route.php(212): Illuminate/Routing/Route->runController()
#29 D:/New folder (20)/kpi-system/vendor/laravel/framework/src/Illuminate/Routing/Router.php(808): Illuminate/Routing/Route->run()
#30 D:/New folder (20)/kpi-system/vendor/laravel/framework/src/Illuminate/Pipeline/Pipeline.php(170): Illuminate/Routing/Router->{closure:Illuminate/Routing/Router::runRouteWithinStack():807}(Object(Illuminate/Http/Request))
#31 D:/New folder (20)/kpi-system/vendor/laravel/framework/src/Illuminate/Routing/Middleware/SubstituteBindings.php(51): Illuminate/Pipeline/Pipeline->{closure:Illuminate/Pipeline/Pipeline::prepareDestination():168}(Object(Illuminate/Http/Request))
#32 D:/New folder (20)/kpi-system/vendor/laravel/framework/src/Illuminate/Pipeline/Pipeline.php(209): Illuminate/Routing/Middleware/SubstituteBindings->handle(Object(Illuminate/Http/Request), Object(Closure))
#33 D:/New folder (20)/kpi-system/vendor/laravel/framework/src/Illuminate/Foundation/Http/Middleware/VerifyCsrfToken.php(88): Illuminate/Pipeline/Pipeline->{closure:{closure:Illuminate/Pipeline/Pipeline::carry():184}:185}(Object(Illuminate/Http/Request))
#34 D:/New folder (20)/kpi-system/vendor/laravel/framework/src/Illuminate/Pipeline/Pipeline.php(209): Illuminate/Foundation/Http/Middleware/VerifyCsrfToken->handle(Object(Illuminate/Http/Request), Object(Closure))
#35 D:/New folder (20)/kpi-system/vendor/laravel/framework/src/Illuminate/View/Middleware/ShareErrorsFromSession.php(49): Illuminate/Pipeline/Pipeline->{closure:{closure:Illuminate/Pipeline/Pipeline::carry():184}:185}(Object(Illuminate/Http/Request))
#36 D:/New folder (20)/kpi-system/vendor/laravel/framework/src/Illuminate/Pipeline/Pipeline.php(209): Illuminate/View/Middleware/ShareErrorsFromSession->handle(Object(Illuminate/Http/Request), Object(Closure))
#37 D:/New folder (20)/kpi-system/vendor/laravel/framework/src/Illuminate/Session/Middleware/StartSession.php(121): Illuminate/Pipeline/Pipeline->{closure:{closure:Illuminate/Pipeline/Pipeline::carry():184}:185}(Object(Illuminate/Http/Request))
#38 D:/New folder (20)/kpi-system/vendor/laravel/framework/src/Illuminate/Session/Middleware/StartSession.php(64): Illuminate/Session/Middleware/StartSession->handleStatefulRequest(Object(Illuminate/Http/Request), Object(Illuminate/Session/Store), Object(Closure))
#39 D:/New folder (20)/kpi-system/vendor/laravel/framework/src/Illuminate/Pipeline/Pipeline.php(209): Illuminate/Session/Middleware/StartSession->handle(Object(Illuminate/Http/Request), Object(Closure))
#40 D:/New folder (20)/kpi-system/vendor/laravel/framework/src/Illuminate/Cookie/Middleware/AddQueuedCookiesToResponse.php(37): Illuminate/Pipeline/Pipeline->{closure:{closure:Illuminate/Pipeline/Pipeline::carry():184}:185}(Object(Illuminate/Http/Request))
#41 D:/New folder (20)/kpi-system/vendor/laravel/framework/src/Illuminate/Pipeline/Pipeline.php(209): Illuminate/Cookie/Middleware/AddQueuedCookiesToResponse->handle(Object(Illuminate/Http/Request), Object(Closure))
#42 D:/New folder (20)/kpi-system/vendor/laravel/framework/src/Illuminate/Cookie/Middleware/EncryptCookies.php(75): Illuminate/Pipeline/Pipeline->{closure:{closure:Illuminate/Pipeline/Pipeline::carry():184}:185}(Object(Illuminate/Http/Request))
#43 D:/New folder (20)/kpi-system/vendor/laravel/framework/src/Illuminate/Pipeline/Pipeline.php(209): Illuminate/Cookie/Middleware/EncryptCookies->handle(Object(Illuminate/Http/Request), Object(Closure))
#44 D:/New folder (20)/kpi-system/vendor/laravel/framework/src/Illuminate/Pipeline/Pipeline.php(127): Illuminate/Pipeline/Pipeline->{closure:{closure:Illuminate/Pipeline/Pipeline::carry():184}:185}(Object(Illuminate/Http/Request))
#45 D:/New folder (20)/kpi-system/vendor/laravel/framework/src/Illuminate/Routing/Router.php(807): Illuminate/Pipeline/Pipeline->then(Object(Closure))
#46 D:/New folder (20)/kpi-system/vendor/laravel/framework/src/Illuminate/Routing/Router.php(786): Illuminate/Routing/Router->runRouteWithinStack(Object(Illuminate/Routing/Route), Object(Illuminate/Http/Request))
#47 D:/New folder (20)/kpi-system/vendor/laravel/framework/src/Illuminate/Routing/Router.php(750): Illuminate/Routing/Router->runRoute(Object(Illuminate/Http/Request), Object(Illuminate/Routing/Route))
#48 D:/New folder (20)/kpi-system/vendor/laravel/framework/src/Illuminate/Routing/Router.php(739): Illuminate/Routing/Router->dispatchToRoute(Object(Illuminate/Http/Request))
#49 D:/New folder (20)/kpi-system/vendor/laravel/framework/src/Illuminate/Foundation/Http/Kernel.php(201): Illuminate/Routing/Router->dispatch(Object(Illuminate/Http/Request))
#50 D:/New folder (20)/kpi-system/vendor/laravel/framework/src/Illuminate/Pipeline/Pipeline.php(170): Illuminate/Foundation/Http/Kernel->{closure:Illuminate/Foundation/Http/Kernel::dispatchToRouter():198}(Object(Illuminate/Http/Request))
#51 D:/New folder (20)/kpi-system/vendor/laravel/framework/src/Illuminate/Foundation/Http/Middleware/TransformsRequest.php(21): Illuminate/Pipeline/Pipeline->{closure:Illuminate/Pipeline/Pipeline::prepareDestination():168}(Object(Illuminate/Http/Request))
#52 D:/New folder (20)/kpi-system/vendor/laravel/framework/src/Illuminate/Foundation/Http/Middleware/ConvertEmptyStringsToNull.php(31): Illuminate/Foundation/Http/Middleware/TransformsRequest->handle(Object(Illuminate/Http/Request), Object(Closure))
#53 D:/New folder (20)/kpi-system/vendor/laravel/framework/src/Illuminate/Pipeline/Pipeline.php(209): Illuminate/Foundation/Http/Middleware/ConvertEmptyStringsToNull->handle(Object(Illuminate/Http/Request), Object(Closure))
#54 D:/New folder (20)/kpi-system/vendor/laravel/framework/src/Illuminate/Foundation/Http/Middleware/TransformsRequest.php(21): Illuminate/Pipeline/Pipeline->{closure:{closure:Illuminate/Pipeline/Pipeline::carry():184}:185}(Object(Illuminate/Http/Request))
#55 D:/New folder (20)/kpi-system/vendor/laravel/framework/src/Illuminate/Foundation/Http/Middleware/TrimStrings.php(51): Illuminate/Foundation/Http/Middleware/TransformsRequest->handle(Object(Illuminate/Http/Request), Object(Closure))
#56 D:/New folder (20)/kpi-system/vendor/laravel/framework/src/Illuminate/Pipeline/Pipeline.php(209): Illuminate/Foundation/Http/Middleware/TrimStrings->handle(Object(Illuminate/Http/Request), Object(Closure))
#57 D:/New folder (20)/kpi-system/vendor/laravel/framework/src/Illuminate/Http/Middleware/ValidatePostSize.php(27): Illuminate/Pipeline/Pipeline->{closure:{closure:Illuminate/Pipeline/Pipeline::carry():184}:185}(Object(Illuminate/Http/Request))
#58 D:/New folder (20)/kpi-system/vendor/laravel/framework/src/Illuminate/Pipeline/Pipeline.php(209): Illuminate/Http/Middleware/ValidatePostSize->handle(Object(Illuminate/Http/Request), Object(Closure))
#59 D:/New folder (20)/kpi-system/vendor/laravel/framework/src/Illuminate/Foundation/Http/Middleware/PreventRequestsDuringMaintenance.php(110): Illuminate/Pipeline/Pipeline->{closure:{closure:Illuminate/Pipeline/Pipeline::carry():184}:185}(Object(Illuminate/Http/Request))
#60 D:/New folder (20)/kpi-system/vendor/laravel/framework/src/Illuminate/Pipeline/Pipeline.php(209): Illuminate/Foundation/Http/Middleware/PreventRequestsDuringMaintenance->handle(Object(Illuminate/Http/Request), Object(Closure))
#61 D:/New folder (20)/kpi-system/vendor/laravel/framework/src/Illuminate/Http/Middleware/HandleCors.php(49): Illuminate/Pipeline/Pipeline->{closure:{closure:Illuminate/Pipeline/Pipeline::carry():184}:185}(Object(Illuminate/Http/Request))
#62 D:/New folder (20)/kpi-system/vendor/laravel/framework/src/Illuminate/Pipeline/Pipeline.php(209): Illuminate/Http/Middleware/HandleCors->handle(Object(Illuminate/Http/Request), Object(Closure))
#63 D:/New folder (20)/kpi-system/vendor/laravel/framework/src/Illuminate/Http/Middleware/TrustProxies.php(58): Illuminate/Pipeline/Pipeline->{closure:{closure:Illuminate/Pipeline/Pipeline::carry():184}:185}(Object(Illuminate/Http/Request))
#64 D:/New folder (20)/kpi-system/vendor/laravel/framework/src/Illuminate/Pipeline/Pipeline.php(209): Illuminate/Http/Middleware/TrustProxies->handle(Object(Illuminate/Http/Request), Object(Closure))
#65 D:/New folder (20)/kpi-system/vendor/laravel/framework/src/Illuminate/Foundation/Http/Middleware/InvokeDeferredCallbacks.php(22): Illuminate/Pipeline/Pipeline->{closure:{closure:Illuminate/Pipeline/Pipeline::carry():184}:185}(Object(Illuminate/Http/Request))
#66 D:/New folder (20)/kpi-system/vendor/laravel/framework/src/Illuminate/Pipeline/Pipeline.php(209): Illuminate/Foundation/Http/Middleware/InvokeDeferredCallbacks->handle(Object(Illuminate/Http/Request), Object(Closure))
#67 D:/New folder (20)/kpi-system/vendor/laravel/framework/src/Illuminate/Pipeline/Pipeline.php(127): Illuminate/Pipeline/Pipeline->{closure:{closure:Illuminate/Pipeline/Pipeline::carry():184}:185}(Object(Illuminate/Http/Request))
#68 D:/New folder (20)/kpi-system/vendor/laravel/framework/src/Illuminate/Foundation/Http/Kernel.php(176): Illuminate/Pipeline/Pipeline->then(Object(Closure))
#69 D:/New folder (20)/kpi-system/vendor/laravel/framework/src/Illuminate/Foundation/Http/Kernel.php(145): Illuminate/Foundation/Http/Kernel->sendRequestThroughRouter(Object(Illuminate/Http/Request))
#70 D:/New folder (20)/kpi-system/vendor/laravel/framework/src/Illuminate/Foundation/Application.php(1220): Illuminate/Foundation/Http/Kernel->handle(Object(Illuminate/Http/Request))
#71 D:/New folder (20)/kpi-system/public/index.php(17): Illuminate/Foundation/Application->handleRequest(Object(Illuminate/Http/Request))
#72 D:/New folder (20)/kpi-system/vendor/laravel/framework/src/Illuminate/Foundation/resources/server.php(23): require_once('D://New folder (...')
#73 {main}
"} 
[2026-06-11 10:21:06] local.ERROR: Call to undefined method App\Http\Controllers\HrManagerKpiController::middleware() {"userId":8,"exception":"[object] (Error(code: 0): Call to undefined method App\\Http\\Controllers\\HrManagerKpiController::middleware() at D:/New folder (20)/kpi-system/app/Http/Controllers/HrManagerKpiController.php:21)
[stacktrace]
#0 [internal function]: App/Http/Controllers/HrManagerKpiController->__construct()
#1 D:/New folder (20)/kpi-system/vendor/laravel/framework/src/Illuminate/Container/Container.php(1004): ReflectionClass->newInstanceArgs(Array)
#2 D:/New folder (20)/kpi-system/vendor/laravel/framework/src/Illuminate/Container/Container.php(832): Illuminate/Container/Container->build('App//Http//Contro...')
#3 D:/New folder (20)/kpi-system/vendor/laravel/framework/src/Illuminate/Foundation/Application.php(1078): Illuminate/Container/Container->resolve('App//Http//Contro...', Array, true)
#4 D:/New folder (20)/kpi-system/vendor/laravel/framework/src/Illuminate/Container/Container.php(763): Illuminate/Foundation/Application->resolve('App//Http//Contro...', Array)
#5 D:/New folder (20)/kpi-system/vendor/laravel/framework/src/Illuminate/Foundation/Application.php(1058): Illuminate/Container/Container->make('App//Http//Contro...', Array)
#6 D:/New folder (20)/kpi-system/vendor/laravel/framework/src/Illuminate/Routing/Route.php(285): Illuminate/Foundation/Application->make('App//Http//Contro...')
#7 D:/New folder (20)/kpi-system/vendor/laravel/framework/src/Illuminate/Routing/Route.php(267): Illuminate/Routing/Route->getController()
#8 D:/New folder (20)/kpi-system/vendor/laravel/framework/src/Illuminate/Routing/Route.php(212): Illuminate/Routing/Route->runController()
#9 D:/New folder (20)/kpi-system/vendor/laravel/framework/src/Illuminate/Routing/Router.php(808): Illuminate/Routing/Route->run()
#10 D:/New folder (20)/kpi-system/vendor/laravel/framework/src/Illuminate/Pipeline/Pipeline.php(170): Illuminate/Routing/Router->{closure:Illuminate/Routing/Router::runRouteWithinStack():807}(Object(Illuminate/Http/Request))
#11 D:/New folder (20)/kpi-system/app/Http/Middleware/HrManagerOnly.php(17): Illuminate/Pipeline/Pipeline->{closure:Illuminate/Pipeline/Pipeline::prepareDestination():168}(Object(Illuminate/Http/Request))
#12 D:/New folder (20)/kpi-system/vendor/laravel/framework/src/Illuminate/Pipeline/Pipeline.php(209): App/Http/Middleware/HrManagerOnly->handle(Object(Illuminate/Http/Request), Object(Closure))
#13 D:/New folder (20)/kpi-system/vendor/laravel/framework/src/Illuminate/Routing/Middleware/SubstituteBindings.php(51): Illuminate/Pipeline/Pipeline->{closure:{closure:Illuminate/Pipeline/Pipeline::carry():184}:185}(Object(Illuminate/Http/Request))
#14 D:/New folder (20)/kpi-system/vendor/laravel/framework/src/Illuminate/Pipeline/Pipeline.php(209): Illuminate/Routing/Middleware/SubstituteBindings->handle(Object(Illuminate/Http/Request), Object(Closure))
#15 D:/New folder (20)/kpi-system/vendor/laravel/framework/src/Illuminate/Auth/Middleware/Authenticate.php(64): Illuminate/Pipeline/Pipeline->{closure:{closure:Illuminate/Pipeline/Pipeline::carry():184}:185}(Object(Illuminate/Http/Request))
#16 D:/New folder (20)/kpi-system/vendor/laravel/framework/src/Illuminate/Pipeline/Pipeline.php(209): Illuminate/Auth/Middleware/Authenticate->handle(Object(Illuminate/Http/Request), Object(Closure))
#17 D:/New folder (20)/kpi-system/vendor/laravel/framework/src/Illuminate/Foundation/Http/Middleware/VerifyCsrfToken.php(88): Illuminate/Pipeline/Pipeline->{closure:{closure:Illuminate/Pipeline/Pipeline::carry():184}:185}(Object(Illuminate/Http/Request))
#18 D:/New folder (20)/kpi-system/vendor/laravel/framework/src/Illuminate/Pipeline/Pipeline.php(209): Illuminate/Foundation/Http/Middleware/VerifyCsrfToken->handle(Object(Illuminate/Http/Request), Object(Closure))
#19 D:/New folder (20)/kpi-system/vendor/laravel/framework/src/Illuminate/View/Middleware/ShareErrorsFromSession.php(49): Illuminate/Pipeline/Pipeline->{closure:{closure:Illuminate/Pipeline/Pipeline::carry():184}:185}(Object(Illuminate/Http/Request))
#20 D:/New folder (20)/kpi-system/vendor/laravel/framework/src/Illuminate/Pipeline/Pipeline.php(209): Illuminate/View/Middleware/ShareErrorsFromSession->handle(Object(Illuminate/Http/Request), Object(Closure))
#21 D:/New folder (20)/kpi-system/vendor/laravel/framework/src/Illuminate/Session/Middleware/StartSession.php(121): Illuminate/Pipeline/Pipeline->{closure:{closure:Illuminate/Pipeline/Pipeline::carry():184}:185}(Object(Illuminate/Http/Request))
#22 D:/New folder (20)/kpi-system/vendor/laravel/framework/src/Illuminate/Session/Middleware/StartSession.php(64): Illuminate/Session/Middleware/StartSession->handleStatefulRequest(Object(Illuminate/Http/Request), Object(Illuminate/Session/Store), Object(Closure))
#23 D:/New folder (20)/kpi-system/vendor/laravel/framework/src/Illuminate/Pipeline/Pipeline.php(209): Illuminate/Session/Middleware/StartSession->handle(Object(Illuminate/Http/Request), Object(Closure))
#24 D:/New folder (20)/kpi-system/vendor/laravel/framework/src/Illuminate/Cookie/Middleware/AddQueuedCookiesToResponse.php(37): Illuminate/Pipeline/Pipeline->{closure:{closure:Illuminate/Pipeline/Pipeline::carry():184}:185}(Object(Illuminate/Http/Request))
#25 D:/New folder (20)/kpi-system/vendor/laravel/framework/src/Illuminate/Pipeline/Pipeline.php(209): Illuminate/Cookie/Middleware/AddQueuedCookiesToResponse->handle(Object(Illuminate/Http/Request), Object(Closure))
#26 D:/New folder (20)/kpi-system/vendor/laravel/framework/src/Illuminate/Cookie/Middleware/EncryptCookies.php(75): Illuminate/Pipeline/Pipeline->{closure:{closure:Illuminate/Pipeline/Pipeline::carry():184}:185}(Object(Illuminate/Http/Request))
#27 D:/New folder (20)/kpi-system/vendor/laravel/framework/src/Illuminate/Pipeline/Pipeline.php(209): Illuminate/Cookie/Middleware/EncryptCookies->handle(Object(Illuminate/Http/Request), Object(Closure))
#28 D:/New folder (20)/kpi-system/vendor/laravel/framework/src/Illuminate/Pipeline/Pipeline.php(127): Illuminate/Pipeline/Pipeline->{closure:{closure:Illuminate/Pipeline/Pipeline::carry():184}:185}(Object(Illuminate/Http/Request))
#29 D:/New folder (20)/kpi-system/vendor/laravel/framework/src/Illuminate/Routing/Router.php(807): Illuminate/Pipeline/Pipeline->then(Object(Closure))
#30 D:/New folder (20)/kpi-system/vendor/laravel/framework/src/Illuminate/Routing/Router.php(786): Illuminate/Routing/Router->runRouteWithinStack(Object(Illuminate/Routing/Route), Object(Illuminate/Http/Request))
#31 D:/New folder (20)/kpi-system/vendor/laravel/framework/src/Illuminate/Routing/Router.php(750): Illuminate/Routing/Router->runRoute(Object(Illuminate/Http/Request), Object(Illuminate/Routing/Route))
#32 D:/New folder (20)/kpi-system/vendor/laravel/framework/src/Illuminate/Routing/Router.php(739): Illuminate/Routing/Router->dispatchToRoute(Object(Illuminate/Http/Request))
#33 D:/New folder (20)/kpi-system/vendor/laravel/framework/src/Illuminate/Foundation/Http/Kernel.php(201): Illuminate/Routing/Router->dispatch(Object(Illuminate/Http/Request))
#34 D:/New folder (20)/kpi-system/vendor/laravel/framework/src/Illuminate/Pipeline/Pipeline.php(170): Illuminate/Foundation/Http/Kernel->{closure:Illuminate/Foundation/Http/Kernel::dispatchToRouter():198}(Object(Illuminate/Http/Request))
#35 D:/New folder (20)/kpi-system/vendor/laravel/framework/src/Illuminate/Foundation/Http/Middleware/TransformsRequest.php(21): Illuminate/Pipeline/Pipeline->{closure:Illuminate/Pipeline/Pipeline::prepareDestination():168}(Object(Illuminate/Http/Request))
#36 D:/New folder (20)/kpi-system/vendor/laravel/framework/src/Illuminate/Foundation/Http/Middleware/ConvertEmptyStringsToNull.php(31): Illuminate/Foundation/Http/Middleware/TransformsRequest->handle(Object(Illuminate/Http/Request), Object(Closure))
#37 D:/New folder (20)/kpi-system/vendor/laravel/framework/src/Illuminate/Pipeline/Pipeline.php(209): Illuminate/Foundation/Http/Middleware/ConvertEmptyStringsToNull->handle(Object(Illuminate/Http/Request), Object(Closure))
#38 D:/New folder (20)/kpi-system/vendor/laravel/framework/src/Illuminate/Foundation/Http/Middleware/TransformsRequest.php(21): Illuminate/Pipeline/Pipeline->{closure:{closure:Illuminate/Pipeline/Pipeline::carry():184}:185}(Object(Illuminate/Http/Request))
#39 D:/New folder (20)/kpi-system/vendor/laravel/framework/src/Illuminate/Foundation/Http/Middleware/TrimStrings.php(51): Illuminate/Foundation/Http/Middleware/TransformsRequest->handle(Object(Illuminate/Http/Request), Object(Closure))
#40 D:/New folder (20)/kpi-system/vendor/laravel/framework/src/Illuminate/Pipeline/Pipeline.php(209): Illuminate/Foundation/Http/Middleware/TrimStrings->handle(Object(Illuminate/Http/Request), Object(Closure))
#41 D:/New folder (20)/kpi-system/vendor/laravel/framework/src/Illuminate/Http/Middleware/ValidatePostSize.php(27): Illuminate/Pipeline/Pipeline->{closure:{closure:Illuminate/Pipeline/Pipeline::carry():184}:185}(Object(Illuminate/Http/Request))
#42 D:/New folder (20)/kpi-system/vendor/laravel/framework/src/Illuminate/Pipeline/Pipeline.php(209): Illuminate/Http/Middleware/ValidatePostSize->handle(Object(Illuminate/Http/Request), Object(Closure))
#43 D:/New folder (20)/kpi-system/vendor/laravel/framework/src/Illuminate/Foundation/Http/Middleware/PreventRequestsDuringMaintenance.php(110): Illuminate/Pipeline/Pipeline->{closure:{closure:Illuminate/Pipeline/Pipeline::carry():184}:185}(Object(Illuminate/Http/Request))
#44 D:/New folder (20)/kpi-system/vendor/laravel/framework/src/Illuminate/Pipeline/Pipeline.php(209): Illuminate/Foundation/Http/Middleware/PreventRequestsDuringMaintenance->handle(Object(Illuminate/Http/Request), Object(Closure))
#45 D:/New folder (20)/kpi-system/vendor/laravel/framework/src/Illuminate/Http/Middleware/HandleCors.php(49): Illuminate/Pipeline/Pipeline->{closure:{closure:Illuminate/Pipeline/Pipeline::carry():184}:185}(Object(Illuminate/Http/Request))
#46 D:/New folder (20)/kpi-system/vendor/laravel/framework/src/Illuminate/Pipeline/Pipeline.php(209): Illuminate/Http/Middleware/HandleCors->handle(Object(Illuminate/Http/Request), Object(Closure))
#47 D:/New folder (20)/kpi-system/vendor/laravel/framework/src/Illuminate/Http/Middleware/TrustProxies.php(58): Illuminate/Pipeline/Pipeline->{closure:{closure:Illuminate/Pipeline/Pipeline::carry():184}:185}(Object(Illuminate/Http/Request))
#48 D:/New folder (20)/kpi-system/vendor/laravel/framework/src/Illuminate/Pipeline/Pipeline.php(209): Illuminate/Http/Middleware/TrustProxies->handle(Object(Illuminate/Http/Request), Object(Closure))
#49 D:/New folder (20)/kpi-system/vendor/laravel/framework/src/Illuminate/Foundation/Http/Middleware/InvokeDeferredCallbacks.php(22): Illuminate/Pipeline/Pipeline->{closure:{closure:Illuminate/Pipeline/Pipeline::carry():184}:185}(Object(Illuminate/Http/Request))
#50 D:/New folder (20)/kpi-system/vendor/laravel/framework/src/Illuminate/Pipeline/Pipeline.php(209): Illuminate/Foundation/Http/Middleware/InvokeDeferredCallbacks->handle(Object(Illuminate/Http/Request), Object(Closure))
#51 D:/New folder (20)/kpi-system/vendor/laravel/framework/src/Illuminate/Pipeline/Pipeline.php(127): Illuminate/Pipeline/Pipeline->{closure:{closure:Illuminate/Pipeline/Pipeline::carry():184}:185}(Object(Illuminate/Http/Request))
#52 D:/New folder (20)/kpi-system/vendor/laravel/framework/src/Illuminate/Foundation/Http/Kernel.php(176): Illuminate/Pipeline/Pipeline->then(Object(Closure))
#53 D:/New folder (20)/kpi-system/vendor/laravel/framework/src/Illuminate/Foundation/Http/Kernel.php(145): Illuminate/Foundation/Http/Kernel->sendRequestThroughRouter(Object(Illuminate/Http/Request))
#54 D:/New folder (20)/kpi-system/vendor/laravel/framework/src/Illuminate/Foundation/Application.php(1220): Illuminate/Foundation/Http/Kernel->handle(Object(Illuminate/Http/Request))
#55 D:/New folder (20)/kpi-system/public/index.php(17): Illuminate/Foundation/Application->handleRequest(Object(Illuminate/Http/Request))
#56 D:/New folder (20)/kpi-system/vendor/laravel/framework/src/Illuminate/Foundation/resources/server.php(23): require_once('D://New folder (...')
#57 {main}
"} 
[2026-06-11 10:55:58] local.ERROR: Call to undefined method App\Http\Controllers\HrManagerKpiController::middleware() {"userId":8,"exception":"[object] (Error(code: 0): Call to undefined method App\\Http\\Controllers\\HrManagerKpiController::middleware() at D:/New folder (20)/kpi-system/app/Http/Controllers/HrManagerKpiController.php:21)
[stacktrace]
#0 [internal function]: App/Http/Controllers/HrManagerKpiController->__construct()
#1 D:/New folder (20)/kpi-system/vendor/laravel/framework/src/Illuminate/Container/Container.php(1004): ReflectionClass->newInstanceArgs(Array)
#2 D:/New folder (20)/kpi-system/vendor/laravel/framework/src/Illuminate/Container/Container.php(832): Illuminate/Container/Container->build('App//Http//Contro...')
#3 D:/New folder (20)/kpi-system/vendor/laravel/framework/src/Illuminate/Foundation/Application.php(1078): Illuminate/Container/Container->resolve('App//Http//Contro...', Array, true)
#4 D:/New folder (20)/kpi-system/vendor/laravel/framework/src/Illuminate/Container/Container.php(763): Illuminate/Foundation/Application->resolve('App//Http//Contro...', Array)
#5 D:/New folder (20)/kpi-system/vendor/laravel/framework/src/Illuminate/Foundation/Application.php(1058): Illuminate/Container/Container->make('App//Http//Contro...', Array)
#6 D:/New folder (20)/kpi-system/vendor/laravel/framework/src/Illuminate/Routing/Route.php(285): Illuminate/Foundation/Application->make('App//Http//Contro...')
#7 D:/New folder (20)/kpi-system/vendor/laravel/framework/src/Illuminate/Routing/Route.php(267): Illuminate/Routing/Route->getController()
#8 D:/New folder (20)/kpi-system/vendor/laravel/framework/src/Illuminate/Routing/Route.php(212): Illuminate/Routing/Route->runController()
#9 D:/New folder (20)/kpi-system/vendor/laravel/framework/src/Illuminate/Routing/Router.php(808): Illuminate/Routing/Route->run()
#10 D:/New folder (20)/kpi-system/vendor/laravel/framework/src/Illuminate/Pipeline/Pipeline.php(170): Illuminate/Routing/Router->{closure:Illuminate/Routing/Router::runRouteWithinStack():807}(Object(Illuminate/Http/Request))
#11 D:/New folder (20)/kpi-system/app/Http/Middleware/HrManagerOnly.php(17): Illuminate/Pipeline/Pipeline->{closure:Illuminate/Pipeline/Pipeline::prepareDestination():168}(Object(Illuminate/Http/Request))
#12 D:/New folder (20)/kpi-system/vendor/laravel/framework/src/Illuminate/Pipeline/Pipeline.php(209): App/Http/Middleware/HrManagerOnly->handle(Object(Illuminate/Http/Request), Object(Closure))
#13 D:/New folder (20)/kpi-system/vendor/laravel/framework/src/Illuminate/Routing/Middleware/SubstituteBindings.php(51): Illuminate/Pipeline/Pipeline->{closure:{closure:Illuminate/Pipeline/Pipeline::carry():184}:185}(Object(Illuminate/Http/Request))
#14 D:/New folder (20)/kpi-system/vendor/laravel/framework/src/Illuminate/Pipeline/Pipeline.php(209): Illuminate/Routing/Middleware/SubstituteBindings->handle(Object(Illuminate/Http/Request), Object(Closure))
#15 D:/New folder (20)/kpi-system/vendor/laravel/framework/src/Illuminate/Auth/Middleware/Authenticate.php(64): Illuminate/Pipeline/Pipeline->{closure:{closure:Illuminate/Pipeline/Pipeline::carry():184}:185}(Object(Illuminate/Http/Request))
#16 D:/New folder (20)/kpi-system/vendor/laravel/framework/src/Illuminate/Pipeline/Pipeline.php(209): Illuminate/Auth/Middleware/Authenticate->handle(Object(Illuminate/Http/Request), Object(Closure))
#17 D:/New folder (20)/kpi-system/vendor/laravel/framework/src/Illuminate/Foundation/Http/Middleware/VerifyCsrfToken.php(88): Illuminate/Pipeline/Pipeline->{closure:{closure:Illuminate/Pipeline/Pipeline::carry():184}:185}(Object(Illuminate/Http/Request))
#18 D:/New folder (20)/kpi-system/vendor/laravel/framework/src/Illuminate/Pipeline/Pipeline.php(209): Illuminate/Foundation/Http/Middleware/VerifyCsrfToken->handle(Object(Illuminate/Http/Request), Object(Closure))
#19 D:/New folder (20)/kpi-system/vendor/laravel/framework/src/Illuminate/View/Middleware/ShareErrorsFromSession.php(49): Illuminate/Pipeline/Pipeline->{closure:{closure:Illuminate/Pipeline/Pipeline::carry():184}:185}(Object(Illuminate/Http/Request))
#20 D:/New folder (20)/kpi-system/vendor/laravel/framework/src/Illuminate/Pipeline/Pipeline.php(209): Illuminate/View/Middleware/ShareErrorsFromSession->handle(Object(Illuminate/Http/Request), Object(Closure))
#21 D:/New folder (20)/kpi-system/vendor/laravel/framework/src/Illuminate/Session/Middleware/StartSession.php(121): Illuminate/Pipeline/Pipeline->{closure:{closure:Illuminate/Pipeline/Pipeline::carry():184}:185}(Object(Illuminate/Http/Request))
#22 D:/New folder (20)/kpi-system/vendor/laravel/framework/src/Illuminate/Session/Middleware/StartSession.php(64): Illuminate/Session/Middleware/StartSession->handleStatefulRequest(Object(Illuminate/Http/Request), Object(Illuminate/Session/Store), Object(Closure))
#23 D:/New folder (20)/kpi-system/vendor/laravel/framework/src/Illuminate/Pipeline/Pipeline.php(209): Illuminate/Session/Middleware/StartSession->handle(Object(Illuminate/Http/Request), Object(Closure))
#24 D:/New folder (20)/kpi-system/vendor/laravel/framework/src/Illuminate/Cookie/Middleware/AddQueuedCookiesToResponse.php(37): Illuminate/Pipeline/Pipeline->{closure:{closure:Illuminate/Pipeline/Pipeline::carry():184}:185}(Object(Illuminate/Http/Request))
#25 D:/New folder (20)/kpi-system/vendor/laravel/framework/src/Illuminate/Pipeline/Pipeline.php(209): Illuminate/Cookie/Middleware/AddQueuedCookiesToResponse->handle(Object(Illuminate/Http/Request), Object(Closure))
#26 D:/New folder (20)/kpi-system/vendor/laravel/framework/src/Illuminate/Cookie/Middleware/EncryptCookies.php(75): Illuminate/Pipeline/Pipeline->{closure:{closure:Illuminate/Pipeline/Pipeline::carry():184}:185}(Object(Illuminate/Http/Request))
#27 D:/New folder (20)/kpi-system/vendor/laravel/framework/src/Illuminate/Pipeline/Pipeline.php(209): Illuminate/Cookie/Middleware/EncryptCookies->handle(Object(Illuminate/Http/Request), Object(Closure))
#28 D:/New folder (20)/kpi-system/vendor/laravel/framework/src/Illuminate/Pipeline/Pipeline.php(127): Illuminate/Pipeline/Pipeline->{closure:{closure:Illuminate/Pipeline/Pipeline::carry():184}:185}(Object(Illuminate/Http/Request))
#29 D:/New folder (20)/kpi-system/vendor/laravel/framework/src/Illuminate/Routing/Router.php(807): Illuminate/Pipeline/Pipeline->then(Object(Closure))
#30 D:/New folder (20)/kpi-system/vendor/laravel/framework/src/Illuminate/Routing/Router.php(786): Illuminate/Routing/Router->runRouteWithinStack(Object(Illuminate/Routing/Route), Object(Illuminate/Http/Request))
#31 D:/New folder (20)/kpi-system/vendor/laravel/framework/src/Illuminate/Routing/Router.php(750): Illuminate/Routing/Router->runRoute(Object(Illuminate/Http/Request), Object(Illuminate/Routing/Route))
#32 D:/New folder (20)/kpi-system/vendor/laravel/framework/src/Illuminate/Routing/Router.php(739): Illuminate/Routing/Router->dispatchToRoute(Object(Illuminate/Http/Request))
#33 D:/New folder (20)/kpi-system/vendor/laravel/framework/src/Illuminate/Foundation/Http/Kernel.php(201): Illuminate/Routing/Router->dispatch(Object(Illuminate/Http/Request))
#34 D:/New folder (20)/kpi-system/vendor/laravel/framework/src/Illuminate/Pipeline/Pipeline.php(170): Illuminate/Foundation/Http/Kernel->{closure:Illuminate/Foundation/Http/Kernel::dispatchToRouter():198}(Object(Illuminate/Http/Request))
#35 D:/New folder (20)/kpi-system/vendor/laravel/framework/src/Illuminate/Foundation/Http/Middleware/TransformsRequest.php(21): Illuminate/Pipeline/Pipeline->{closure:Illuminate/Pipeline/Pipeline::prepareDestination():168}(Object(Illuminate/Http/Request))
#36 D:/New folder (20)/kpi-system/vendor/laravel/framework/src/Illuminate/Foundation/Http/Middleware/ConvertEmptyStringsToNull.php(31): Illuminate/Foundation/Http/Middleware/TransformsRequest->handle(Object(Illuminate/Http/Request), Object(Closure))
#37 D:/New folder (20)/kpi-system/vendor/laravel/framework/src/Illuminate/Pipeline/Pipeline.php(209): Illuminate/Foundation/Http/Middleware/ConvertEmptyStringsToNull->handle(Object(Illuminate/Http/Request), Object(Closure))
#38 D:/New folder (20)/kpi-system/vendor/laravel/framework/src/Illuminate/Foundation/Http/Middleware/TransformsRequest.php(21): Illuminate/Pipeline/Pipeline->{closure:{closure:Illuminate/Pipeline/Pipeline::carry():184}:185}(Object(Illuminate/Http/Request))
#39 D:/New folder (20)/kpi-system/vendor/laravel/framework/src/Illuminate/Foundation/Http/Middleware/TrimStrings.php(51): Illuminate/Foundation/Http/Middleware/TransformsRequest->handle(Object(Illuminate/Http/Request), Object(Closure))
#40 D:/New folder (20)/kpi-system/vendor/laravel/framework/src/Illuminate/Pipeline/Pipeline.php(209): Illuminate/Foundation/Http/Middleware/TrimStrings->handle(Object(Illuminate/Http/Request), Object(Closure))
#41 D:/New folder (20)/kpi-system/vendor/laravel/framework/src/Illuminate/Http/Middleware/ValidatePostSize.php(27): Illuminate/Pipeline/Pipeline->{closure:{closure:Illuminate/Pipeline/Pipeline::carry():184}:185}(Object(Illuminate/Http/Request))
#42 D:/New folder (20)/kpi-system/vendor/laravel/framework/src/Illuminate/Pipeline/Pipeline.php(209): Illuminate/Http/Middleware/ValidatePostSize->handle(Object(Illuminate/Http/Request), Object(Closure))
#43 D:/New folder (20)/kpi-system/vendor/laravel/framework/src/Illuminate/Foundation/Http/Middleware/PreventRequestsDuringMaintenance.php(110): Illuminate/Pipeline/Pipeline->{closure:{closure:Illuminate/Pipeline/Pipeline::carry():184}:185}(Object(Illuminate/Http/Request))
#44 D:/New folder (20)/kpi-system/vendor/laravel/framework/src/Illuminate/Pipeline/Pipeline.php(209): Illuminate/Foundation/Http/Middleware/PreventRequestsDuringMaintenance->handle(Object(Illuminate/Http/Request), Object(Closure))
#45 D:/New folder (20)/kpi-system/vendor/laravel/framework/src/Illuminate/Http/Middleware/HandleCors.php(49): Illuminate/Pipeline/Pipeline->{closure:{closure:Illuminate/Pipeline/Pipeline::carry():184}:185}(Object(Illuminate/Http/Request))
#46 D:/New folder (20)/kpi-system/vendor/laravel/framework/src/Illuminate/Pipeline/Pipeline.php(209): Illuminate/Http/Middleware/HandleCors->handle(Object(Illuminate/Http/Request), Object(Closure))
#47 D:/New folder (20)/kpi-system/vendor/laravel/framework/src/Illuminate/Http/Middleware/TrustProxies.php(58): Illuminate/Pipeline/Pipeline->{closure:{closure:Illuminate/Pipeline/Pipeline::carry():184}:185}(Object(Illuminate/Http/Request))
#48 D:/New folder (20)/kpi-system/vendor/laravel/framework/src/Illuminate/Pipeline/Pipeline.php(209): Illuminate/Http/Middleware/TrustProxies->handle(Object(Illuminate/Http/Request), Object(Closure))
#49 D:/New folder (20)/kpi-system/vendor/laravel/framework/src/Illuminate/Foundation/Http/Middleware/InvokeDeferredCallbacks.php(22): Illuminate/Pipeline/Pipeline->{closure:{closure:Illuminate/Pipeline/Pipeline::carry():184}:185}(Object(Illuminate/Http/Request))
#50 D:/New folder (20)/kpi-system/vendor/laravel/framework/src/Illuminate/Pipeline/Pipeline.php(209): Illuminate/Foundation/Http/Middleware/InvokeDeferredCallbacks->handle(Object(Illuminate/Http/Request), Object(Closure))
#51 D:/New folder (20)/kpi-system/vendor/laravel/framework/src/Illuminate/Pipeline/Pipeline.php(127): Illuminate/Pipeline/Pipeline->{closure:{closure:Illuminate/Pipeline/Pipeline::carry():184}:185}(Object(Illuminate/Http/Request))
#52 D:/New folder (20)/kpi-system/vendor/laravel/framework/src/Illuminate/Foundation/Http/Kernel.php(176): Illuminate/Pipeline/Pipeline->then(Object(Closure))
#53 D:/New folder (20)/kpi-system/vendor/laravel/framework/src/Illuminate/Foundation/Http/Kernel.php(145): Illuminate/Foundation/Http/Kernel->sendRequestThroughRouter(Object(Illuminate/Http/Request))
#54 D:/New folder (20)/kpi-system/vendor/laravel/framework/src/Illuminate/Foundation/Application.php(1220): Illuminate/Foundation/Http/Kernel->handle(Object(Illuminate/Http/Request))
#55 D:/New folder (20)/kpi-system/public/index.php(17): Illuminate/Foundation/Application->handleRequest(Object(Illuminate/Http/Request))
#56 D:/New folder (20)/kpi-system/vendor/laravel/framework/src/Illuminate/Foundation/resources/server.php(23): require_once('D://New folder (...')
#57 {main}
"} 
[2026-06-11 10:56:13] local.ERROR: Call to undefined method App\Http\Controllers\HrManagerKpiController::middleware() {"userId":8,"exception":"[object] (Error(code: 0): Call to undefined method App\\Http\\Controllers\\HrManagerKpiController::middleware() at D:/New folder (20)/kpi-system/app/Http/Controllers/HrManagerKpiController.php:21)
[stacktrace]
#0 [internal function]: App/Http/Controllers/HrManagerKpiController->__construct()
#1 D:/New folder (20)/kpi-system/vendor/laravel/framework/src/Illuminate/Container/Container.php(1004): ReflectionClass->newInstanceArgs(Array)
#2 D:/New folder (20)/kpi-system/vendor/laravel/framework/src/Illuminate/Container/Container.php(832): Illuminate/Container/Container->build('App//Http//Contro...')
#3 D:/New folder (20)/kpi-system/vendor/laravel/framework/src/Illuminate/Foundation/Application.php(1078): Illuminate/Container/Container->resolve('App//Http//Contro...', Array, true)
#4 D:/New folder (20)/kpi-system/vendor/laravel/framework/src/Illuminate/Container/Container.php(763): Illuminate/Foundation/Application->resolve('App//Http//Contro...', Array)
#5 D:/New folder (20)/kpi-system/vendor/laravel/framework/src/Illuminate/Foundation/Application.php(1058): Illuminate/Container/Container->make('App//Http//Contro...', Array)
#6 D:/New folder (20)/kpi-system/vendor/laravel/framework/src/Illuminate/Routing/Route.php(285): Illuminate/Foundation/Application->make('App//Http//Contro...')
#7 D:/New folder (20)/kpi-system/vendor/laravel/framework/src/Illuminate/Routing/Route.php(267): Illuminate/Routing/Route->getController()
#8 D:/New folder (20)/kpi-system/vendor/laravel/framework/src/Illuminate/Routing/Route.php(212): Illuminate/Routing/Route->runController()
#9 D:/New folder (20)/kpi-system/vendor/laravel/framework/src/Illuminate/Routing/Router.php(808): Illuminate/Routing/Route->run()
#10 D:/New folder (20)/kpi-system/vendor/laravel/framework/src/Illuminate/Pipeline/Pipeline.php(170): Illuminate/Routing/Router->{closure:Illuminate/Routing/Router::runRouteWithinStack():807}(Object(Illuminate/Http/Request))
#11 D:/New folder (20)/kpi-system/app/Http/Middleware/HrManagerOnly.php(17): Illuminate/Pipeline/Pipeline->{closure:Illuminate/Pipeline/Pipeline::prepareDestination():168}(Object(Illuminate/Http/Request))
#12 D:/New folder (20)/kpi-system/vendor/laravel/framework/src/Illuminate/Pipeline/Pipeline.php(209): App/Http/Middleware/HrManagerOnly->handle(Object(Illuminate/Http/Request), Object(Closure))
#13 D:/New folder (20)/kpi-system/vendor/laravel/framework/src/Illuminate/Routing/Middleware/SubstituteBindings.php(51): Illuminate/Pipeline/Pipeline->{closure:{closure:Illuminate/Pipeline/Pipeline::carry():184}:185}(Object(Illuminate/Http/Request))
#14 D:/New folder (20)/kpi-system/vendor/laravel/framework/src/Illuminate/Pipeline/Pipeline.php(209): Illuminate/Routing/Middleware/SubstituteBindings->handle(Object(Illuminate/Http/Request), Object(Closure))
#15 D:/New folder (20)/kpi-system/vendor/laravel/framework/src/Illuminate/Auth/Middleware/Authenticate.php(64): Illuminate/Pipeline/Pipeline->{closure:{closure:Illuminate/Pipeline/Pipeline::carry():184}:185}(Object(Illuminate/Http/Request))
#16 D:/New folder (20)/kpi-system/vendor/laravel/framework/src/Illuminate/Pipeline/Pipeline.php(209): Illuminate/Auth/Middleware/Authenticate->handle(Object(Illuminate/Http/Request), Object(Closure))
#17 D:/New folder (20)/kpi-system/vendor/laravel/framework/src/Illuminate/Foundation/Http/Middleware/VerifyCsrfToken.php(88): Illuminate/Pipeline/Pipeline->{closure:{closure:Illuminate/Pipeline/Pipeline::carry():184}:185}(Object(Illuminate/Http/Request))
#18 D:/New folder (20)/kpi-system/vendor/laravel/framework/src/Illuminate/Pipeline/Pipeline.php(209): Illuminate/Foundation/Http/Middleware/VerifyCsrfToken->handle(Object(Illuminate/Http/Request), Object(Closure))
#19 D:/New folder (20)/kpi-system/vendor/laravel/framework/src/Illuminate/View/Middleware/ShareErrorsFromSession.php(49): Illuminate/Pipeline/Pipeline->{closure:{closure:Illuminate/Pipeline/Pipeline::carry():184}:185}(Object(Illuminate/Http/Request))
#20 D:/New folder (20)/kpi-system/vendor/laravel/framework/src/Illuminate/Pipeline/Pipeline.php(209): Illuminate/View/Middleware/ShareErrorsFromSession->handle(Object(Illuminate/Http/Request), Object(Closure))
#21 D:/New folder (20)/kpi-system/vendor/laravel/framework/src/Illuminate/Session/Middleware/StartSession.php(121): Illuminate/Pipeline/Pipeline->{closure:{closure:Illuminate/Pipeline/Pipeline::carry():184}:185}(Object(Illuminate/Http/Request))
#22 D:/New folder (20)/kpi-system/vendor/laravel/framework/src/Illuminate/Session/Middleware/StartSession.php(64): Illuminate/Session/Middleware/StartSession->handleStatefulRequest(Object(Illuminate/Http/Request), Object(Illuminate/Session/Store), Object(Closure))
#23 D:/New folder (20)/kpi-system/vendor/laravel/framework/src/Illuminate/Pipeline/Pipeline.php(209): Illuminate/Session/Middleware/StartSession->handle(Object(Illuminate/Http/Request), Object(Closure))
#24 D:/New folder (20)/kpi-system/vendor/laravel/framework/src/Illuminate/Cookie/Middleware/AddQueuedCookiesToResponse.php(37): Illuminate/Pipeline/Pipeline->{closure:{closure:Illuminate/Pipeline/Pipeline::carry():184}:185}(Object(Illuminate/Http/Request))
#25 D:/New folder (20)/kpi-system/vendor/laravel/framework/src/Illuminate/Pipeline/Pipeline.php(209): Illuminate/Cookie/Middleware/AddQueuedCookiesToResponse->handle(Object(Illuminate/Http/Request), Object(Closure))
#26 D:/New folder (20)/kpi-system/vendor/laravel/framework/src/Illuminate/Cookie/Middleware/EncryptCookies.php(75): Illuminate/Pipeline/Pipeline->{closure:{closure:Illuminate/Pipeline/Pipeline::carry():184}:185}(Object(Illuminate/Http/Request))
#27 D:/New folder (20)/kpi-system/vendor/laravel/framework/src/Illuminate/Pipeline/Pipeline.php(209): Illuminate/Cookie/Middleware/EncryptCookies->handle(Object(Illuminate/Http/Request), Object(Closure))
#28 D:/New folder (20)/kpi-system/vendor/laravel/framework/src/Illuminate/Pipeline/Pipeline.php(127): Illuminate/Pipeline/Pipeline->{closure:{closure:Illuminate/Pipeline/Pipeline::carry():184}:185}(Object(Illuminate/Http/Request))
#29 D:/New folder (20)/kpi-system/vendor/laravel/framework/src/Illuminate/Routing/Router.php(807): Illuminate/Pipeline/Pipeline->then(Object(Closure))
#30 D:/New folder (20)/kpi-system/vendor/laravel/framework/src/Illuminate/Routing/Router.php(786): Illuminate/Routing/Router->runRouteWithinStack(Object(Illuminate/Routing/Route), Object(Illuminate/Http/Request))
#31 D:/New folder (20)/kpi-system/vendor/laravel/framework/src/Illuminate/Routing/Router.php(750): Illuminate/Routing/Router->runRoute(Object(Illuminate/Http/Request), Object(Illuminate/Routing/Route))
#32 D:/New folder (20)/kpi-system/vendor/laravel/framework/src/Illuminate/Routing/Router.php(739): Illuminate/Routing/Router->dispatchToRoute(Object(Illuminate/Http/Request))
#33 D:/New folder (20)/kpi-system/vendor/laravel/framework/src/Illuminate/Foundation/Http/Kernel.php(201): Illuminate/Routing/Router->dispatch(Object(Illuminate/Http/Request))
#34 D:/New folder (20)/kpi-system/vendor/laravel/framework/src/Illuminate/Pipeline/Pipeline.php(170): Illuminate/Foundation/Http/Kernel->{closure:Illuminate/Foundation/Http/Kernel::dispatchToRouter():198}(Object(Illuminate/Http/Request))
#35 D:/New folder (20)/kpi-system/vendor/laravel/framework/src/Illuminate/Foundation/Http/Middleware/TransformsRequest.php(21): Illuminate/Pipeline/Pipeline->{closure:Illuminate/Pipeline/Pipeline::prepareDestination():168}(Object(Illuminate/Http/Request))
#36 D:/New folder (20)/kpi-system/vendor/laravel/framework/src/Illuminate/Foundation/Http/Middleware/ConvertEmptyStringsToNull.php(31): Illuminate/Foundation/Http/Middleware/TransformsRequest->handle(Object(Illuminate/Http/Request), Object(Closure))
#37 D:/New folder (20)/kpi-system/vendor/laravel/framework/src/Illuminate/Pipeline/Pipeline.php(209): Illuminate/Foundation/Http/Middleware/ConvertEmptyStringsToNull->handle(Object(Illuminate/Http/Request), Object(Closure))
#38 D:/New folder (20)/kpi-system/vendor/laravel/framework/src/Illuminate/Foundation/Http/Middleware/TransformsRequest.php(21): Illuminate/Pipeline/Pipeline->{closure:{closure:Illuminate/Pipeline/Pipeline::carry():184}:185}(Object(Illuminate/Http/Request))
#39 D:/New folder (20)/kpi-system/vendor/laravel/framework/src/Illuminate/Foundation/Http/Middleware/TrimStrings.php(51): Illuminate/Foundation/Http/Middleware/TransformsRequest->handle(Object(Illuminate/Http/Request), Object(Closure))
#40 D:/New folder (20)/kpi-system/vendor/laravel/framework/src/Illuminate/Pipeline/Pipeline.php(209): Illuminate/Foundation/Http/Middleware/TrimStrings->handle(Object(Illuminate/Http/Request), Object(Closure))
#41 D:/New folder (20)/kpi-system/vendor/laravel/framework/src/Illuminate/Http/Middleware/ValidatePostSize.php(27): Illuminate/Pipeline/Pipeline->{closure:{closure:Illuminate/Pipeline/Pipeline::carry():184}:185}(Object(Illuminate/Http/Request))
#42 D:/New folder (20)/kpi-system/vendor/laravel/framework/src/Illuminate/Pipeline/Pipeline.php(209): Illuminate/Http/Middleware/ValidatePostSize->handle(Object(Illuminate/Http/Request), Object(Closure))
#43 D:/New folder (20)/kpi-system/vendor/laravel/framework/src/Illuminate/Foundation/Http/Middleware/PreventRequestsDuringMaintenance.php(110): Illuminate/Pipeline/Pipeline->{closure:{closure:Illuminate/Pipeline/Pipeline::carry():184}:185}(Object(Illuminate/Http/Request))
#44 D:/New folder (20)/kpi-system/vendor/laravel/framework/src/Illuminate/Pipeline/Pipeline.php(209): Illuminate/Foundation/Http/Middleware/PreventRequestsDuringMaintenance->handle(Object(Illuminate/Http/Request), Object(Closure))
#45 D:/New folder (20)/kpi-system/vendor/laravel/framework/src/Illuminate/Http/Middleware/HandleCors.php(49): Illuminate/Pipeline/Pipeline->{closure:{closure:Illuminate/Pipeline/Pipeline::carry():184}:185}(Object(Illuminate/Http/Request))
#46 D:/New folder (20)/kpi-system/vendor/laravel/framework/src/Illuminate/Pipeline/Pipeline.php(209): Illuminate/Http/Middleware/HandleCors->handle(Object(Illuminate/Http/Request), Object(Closure))
#47 D:/New folder (20)/kpi-system/vendor/laravel/framework/src/Illuminate/Http/Middleware/TrustProxies.php(58): Illuminate/Pipeline/Pipeline->{closure:{closure:Illuminate/Pipeline/Pipeline::carry():184}:185}(Object(Illuminate/Http/Request))
#48 D:/New folder (20)/kpi-system/vendor/laravel/framework/src/Illuminate/Pipeline/Pipeline.php(209): Illuminate/Http/Middleware/TrustProxies->handle(Object(Illuminate/Http/Request), Object(Closure))
#49 D:/New folder (20)/kpi-system/vendor/laravel/framework/src/Illuminate/Foundation/Http/Middleware/InvokeDeferredCallbacks.php(22): Illuminate/Pipeline/Pipeline->{closure:{closure:Illuminate/Pipeline/Pipeline::carry():184}:185}(Object(Illuminate/Http/Request))
#50 D:/New folder (20)/kpi-system/vendor/laravel/framework/src/Illuminate/Pipeline/Pipeline.php(209): Illuminate/Foundation/Http/Middleware/InvokeDeferredCallbacks->handle(Object(Illuminate/Http/Request), Object(Closure))
#51 D:/New folder (20)/kpi-system/vendor/laravel/framework/src/Illuminate/Pipeline/Pipeline.php(127): Illuminate/Pipeline/Pipeline->{closure:{closure:Illuminate/Pipeline/Pipeline::carry():184}:185}(Object(Illuminate/Http/Request))
#52 D:/New folder (20)/kpi-system/vendor/laravel/framework/src/Illuminate/Foundation/Http/Kernel.php(176): Illuminate/Pipeline/Pipeline->then(Object(Closure))
#53 D:/New folder (20)/kpi-system/vendor/laravel/framework/src/Illuminate/Foundation/Http/Kernel.php(145): Illuminate/Foundation/Http/Kernel->sendRequestThroughRouter(Object(Illuminate/Http/Request))
#54 D:/New folder (20)/kpi-system/vendor/laravel/framework/src/Illuminate/Foundation/Application.php(1220): Illuminate/Foundation/Http/Kernel->handle(Object(Illuminate/Http/Request))
#55 D:/New folder (20)/kpi-system/public/index.php(17): Illuminate/Foundation/Application->handleRequest(Object(Illuminate/Http/Request))
#56 D:/New folder (20)/kpi-system/vendor/laravel/framework/src/Illuminate/Foundation/resources/server.php(23): require_once('D://New folder (...')
#57 {main}
"} 
[2026-06-11 11:06:21] local.ERROR: Call to undefined method App\Http\Controllers\HrManagerKpiController::middleware() {"userId":8,"exception":"[object] (Error(code: 0): Call to undefined method App\\Http\\Controllers\\HrManagerKpiController::middleware() at D:/New folder (20)/kpi-system/app/Http/Controllers/HrManagerKpiController.php:21)
[stacktrace]
#0 [internal function]: App/Http/Controllers/HrManagerKpiController->__construct()
#1 D:/New folder (20)/kpi-system/vendor/laravel/framework/src/Illuminate/Container/Container.php(1004): ReflectionClass->newInstanceArgs(Array)
#2 D:/New folder (20)/kpi-system/vendor/laravel/framework/src/Illuminate/Container/Container.php(832): Illuminate/Container/Container->build('App//Http//Contro...')
#3 D:/New folder (20)/kpi-system/vendor/laravel/framework/src/Illuminate/Foundation/Application.php(1078): Illuminate/Container/Container->resolve('App//Http//Contro...', Array, true)
#4 D:/New folder (20)/kpi-system/vendor/laravel/framework/src/Illuminate/Container/Container.php(763): Illuminate/Foundation/Application->resolve('App//Http//Contro...', Array)
#5 D:/New folder (20)/kpi-system/vendor/laravel/framework/src/Illuminate/Foundation/Application.php(1058): Illuminate/Container/Container->make('App//Http//Contro...', Array)
#6 D:/New folder (20)/kpi-system/vendor/laravel/framework/src/Illuminate/Routing/Route.php(285): Illuminate/Foundation/Application->make('App//Http//Contro...')
#7 D:/New folder (20)/kpi-system/vendor/laravel/framework/src/Illuminate/Routing/Route.php(267): Illuminate/Routing/Route->getController()
#8 D:/New folder (20)/kpi-system/vendor/laravel/framework/src/Illuminate/Routing/Route.php(212): Illuminate/Routing/Route->runController()
#9 D:/New folder (20)/kpi-system/vendor/laravel/framework/src/Illuminate/Routing/Router.php(808): Illuminate/Routing/Route->run()
#10 D:/New folder (20)/kpi-system/vendor/laravel/framework/src/Illuminate/Pipeline/Pipeline.php(170): Illuminate/Routing/Router->{closure:Illuminate/Routing/Router::runRouteWithinStack():807}(Object(Illuminate/Http/Request))
#11 D:/New folder (20)/kpi-system/app/Http/Middleware/HrManagerOnly.php(17): Illuminate/Pipeline/Pipeline->{closure:Illuminate/Pipeline/Pipeline::prepareDestination():168}(Object(Illuminate/Http/Request))
#12 D:/New folder (20)/kpi-system/vendor/laravel/framework/src/Illuminate/Pipeline/Pipeline.php(209): App/Http/Middleware/HrManagerOnly->handle(Object(Illuminate/Http/Request), Object(Closure))
#13 D:/New folder (20)/kpi-system/vendor/laravel/framework/src/Illuminate/Routing/Middleware/SubstituteBindings.php(51): Illuminate/Pipeline/Pipeline->{closure:{closure:Illuminate/Pipeline/Pipeline::carry():184}:185}(Object(Illuminate/Http/Request))
#14 D:/New folder (20)/kpi-system/vendor/laravel/framework/src/Illuminate/Pipeline/Pipeline.php(209): Illuminate/Routing/Middleware/SubstituteBindings->handle(Object(Illuminate/Http/Request), Object(Closure))
#15 D:/New folder (20)/kpi-system/vendor/laravel/framework/src/Illuminate/Auth/Middleware/Authenticate.php(64): Illuminate/Pipeline/Pipeline->{closure:{closure:Illuminate/Pipeline/Pipeline::carry():184}:185}(Object(Illuminate/Http/Request))
#16 D:/New folder (20)/kpi-system/vendor/laravel/framework/src/Illuminate/Pipeline/Pipeline.php(209): Illuminate/Auth/Middleware/Authenticate->handle(Object(Illuminate/Http/Request), Object(Closure))
#17 D:/New folder (20)/kpi-system/vendor/laravel/framework/src/Illuminate/Foundation/Http/Middleware/VerifyCsrfToken.php(88): Illuminate/Pipeline/Pipeline->{closure:{closure:Illuminate/Pipeline/Pipeline::carry():184}:185}(Object(Illuminate/Http/Request))
#18 D:/New folder (20)/kpi-system/vendor/laravel/framework/src/Illuminate/Pipeline/Pipeline.php(209): Illuminate/Foundation/Http/Middleware/VerifyCsrfToken->handle(Object(Illuminate/Http/Request), Object(Closure))
#19 D:/New folder (20)/kpi-system/vendor/laravel/framework/src/Illuminate/View/Middleware/ShareErrorsFromSession.php(49): Illuminate/Pipeline/Pipeline->{closure:{closure:Illuminate/Pipeline/Pipeline::carry():184}:185}(Object(Illuminate/Http/Request))
#20 D:/New folder (20)/kpi-system/vendor/laravel/framework/src/Illuminate/Pipeline/Pipeline.php(209): Illuminate/View/Middleware/ShareErrorsFromSession->handle(Object(Illuminate/Http/Request), Object(Closure))
#21 D:/New folder (20)/kpi-system/vendor/laravel/framework/src/Illuminate/Session/Middleware/StartSession.php(121): Illuminate/Pipeline/Pipeline->{closure:{closure:Illuminate/Pipeline/Pipeline::carry():184}:185}(Object(Illuminate/Http/Request))
#22 D:/New folder (20)/kpi-system/vendor/laravel/framework/src/Illuminate/Session/Middleware/StartSession.php(64): Illuminate/Session/Middleware/StartSession->handleStatefulRequest(Object(Illuminate/Http/Request), Object(Illuminate/Session/Store), Object(Closure))
#23 D:/New folder (20)/kpi-system/vendor/laravel/framework/src/Illuminate/Pipeline/Pipeline.php(209): Illuminate/Session/Middleware/StartSession->handle(Object(Illuminate/Http/Request), Object(Closure))
#24 D:/New folder (20)/kpi-system/vendor/laravel/framework/src/Illuminate/Cookie/Middleware/AddQueuedCookiesToResponse.php(37): Illuminate/Pipeline/Pipeline->{closure:{closure:Illuminate/Pipeline/Pipeline::carry():184}:185}(Object(Illuminate/Http/Request))
#25 D:/New folder (20)/kpi-system/vendor/laravel/framework/src/Illuminate/Pipeline/Pipeline.php(209): Illuminate/Cookie/Middleware/AddQueuedCookiesToResponse->handle(Object(Illuminate/Http/Request), Object(Closure))
#26 D:/New folder (20)/kpi-system/vendor/laravel/framework/src/Illuminate/Cookie/Middleware/EncryptCookies.php(75): Illuminate/Pipeline/Pipeline->{closure:{closure:Illuminate/Pipeline/Pipeline::carry():184}:185}(Object(Illuminate/Http/Request))
#27 D:/New folder (20)/kpi-system/vendor/laravel/framework/src/Illuminate/Pipeline/Pipeline.php(209): Illuminate/Cookie/Middleware/EncryptCookies->handle(Object(Illuminate/Http/Request), Object(Closure))
#28 D:/New folder (20)/kpi-system/vendor/laravel/framework/src/Illuminate/Pipeline/Pipeline.php(127): Illuminate/Pipeline/Pipeline->{closure:{closure:Illuminate/Pipeline/Pipeline::carry():184}:185}(Object(Illuminate/Http/Request))
#29 D:/New folder (20)/kpi-system/vendor/laravel/framework/src/Illuminate/Routing/Router.php(807): Illuminate/Pipeline/Pipeline->then(Object(Closure))
#30 D:/New folder (20)/kpi-system/vendor/laravel/framework/src/Illuminate/Routing/Router.php(786): Illuminate/Routing/Router->runRouteWithinStack(Object(Illuminate/Routing/Route), Object(Illuminate/Http/Request))
#31 D:/New folder (20)/kpi-system/vendor/laravel/framework/src/Illuminate/Routing/Router.php(750): Illuminate/Routing/Router->runRoute(Object(Illuminate/Http/Request), Object(Illuminate/Routing/Route))
#32 D:/New folder (20)/kpi-system/vendor/laravel/framework/src/Illuminate/Routing/Router.php(739): Illuminate/Routing/Router->dispatchToRoute(Object(Illuminate/Http/Request))
#33 D:/New folder (20)/kpi-system/vendor/laravel/framework/src/Illuminate/Foundation/Http/Kernel.php(201): Illuminate/Routing/Router->dispatch(Object(Illuminate/Http/Request))
#34 D:/New folder (20)/kpi-system/vendor/laravel/framework/src/Illuminate/Pipeline/Pipeline.php(170): Illuminate/Foundation/Http/Kernel->{closure:Illuminate/Foundation/Http/Kernel::dispatchToRouter():198}(Object(Illuminate/Http/Request))
#35 D:/New folder (20)/kpi-system/vendor/laravel/framework/src/Illuminate/Foundation/Http/Middleware/TransformsRequest.php(21): Illuminate/Pipeline/Pipeline->{closure:Illuminate/Pipeline/Pipeline::prepareDestination():168}(Object(Illuminate/Http/Request))
#36 D:/New folder (20)/kpi-system/vendor/laravel/framework/src/Illuminate/Foundation/Http/Middleware/ConvertEmptyStringsToNull.php(31): Illuminate/Foundation/Http/Middleware/TransformsRequest->handle(Object(Illuminate/Http/Request), Object(Closure))
#37 D:/New folder (20)/kpi-system/vendor/laravel/framework/src/Illuminate/Pipeline/Pipeline.php(209): Illuminate/Foundation/Http/Middleware/ConvertEmptyStringsToNull->handle(Object(Illuminate/Http/Request), Object(Closure))
#38 D:/New folder (20)/kpi-system/vendor/laravel/framework/src/Illuminate/Foundation/Http/Middleware/TransformsRequest.php(21): Illuminate/Pipeline/Pipeline->{closure:{closure:Illuminate/Pipeline/Pipeline::carry():184}:185}(Object(Illuminate/Http/Request))
#39 D:/New folder (20)/kpi-system/vendor/laravel/framework/src/Illuminate/Foundation/Http/Middleware/TrimStrings.php(51): Illuminate/Foundation/Http/Middleware/TransformsRequest->handle(Object(Illuminate/Http/Request), Object(Closure))
#40 D:/New folder (20)/kpi-system/vendor/laravel/framework/src/Illuminate/Pipeline/Pipeline.php(209): Illuminate/Foundation/Http/Middleware/TrimStrings->handle(Object(Illuminate/Http/Request), Object(Closure))
#41 D:/New folder (20)/kpi-system/vendor/laravel/framework/src/Illuminate/Http/Middleware/ValidatePostSize.php(27): Illuminate/Pipeline/Pipeline->{closure:{closure:Illuminate/Pipeline/Pipeline::carry():184}:185}(Object(Illuminate/Http/Request))
#42 D:/New folder (20)/kpi-system/vendor/laravel/framework/src/Illuminate/Pipeline/Pipeline.php(209): Illuminate/Http/Middleware/ValidatePostSize->handle(Object(Illuminate/Http/Request), Object(Closure))
#43 D:/New folder (20)/kpi-system/vendor/laravel/framework/src/Illuminate/Foundation/Http/Middleware/PreventRequestsDuringMaintenance.php(110): Illuminate/Pipeline/Pipeline->{closure:{closure:Illuminate/Pipeline/Pipeline::carry():184}:185}(Object(Illuminate/Http/Request))
#44 D:/New folder (20)/kpi-system/vendor/laravel/framework/src/Illuminate/Pipeline/Pipeline.php(209): Illuminate/Foundation/Http/Middleware/PreventRequestsDuringMaintenance->handle(Object(Illuminate/Http/Request), Object(Closure))
#45 D:/New folder (20)/kpi-system/vendor/laravel/framework/src/Illuminate/Http/Middleware/HandleCors.php(49): Illuminate/Pipeline/Pipeline->{closure:{closure:Illuminate/Pipeline/Pipeline::carry():184}:185}(Object(Illuminate/Http/Request))
#46 D:/New folder (20)/kpi-system/vendor/laravel/framework/src/Illuminate/Pipeline/Pipeline.php(209): Illuminate/Http/Middleware/HandleCors->handle(Object(Illuminate/Http/Request), Object(Closure))
#47 D:/New folder (20)/kpi-system/vendor/laravel/framework/src/Illuminate/Http/Middleware/TrustProxies.php(58): Illuminate/Pipeline/Pipeline->{closure:{closure:Illuminate/Pipeline/Pipeline::carry():184}:185}(Object(Illuminate/Http/Request))
#48 D:/New folder (20)/kpi-system/vendor/laravel/framework/src/Illuminate/Pipeline/Pipeline.php(209): Illuminate/Http/Middleware/TrustProxies->handle(Object(Illuminate/Http/Request), Object(Closure))
#49 D:/New folder (20)/kpi-system/vendor/laravel/framework/src/Illuminate/Foundation/Http/Middleware/InvokeDeferredCallbacks.php(22): Illuminate/Pipeline/Pipeline->{closure:{closure:Illuminate/Pipeline/Pipeline::carry():184}:185}(Object(Illuminate/Http/Request))
#50 D:/New folder (20)/kpi-system/vendor/laravel/framework/src/Illuminate/Pipeline/Pipeline.php(209): Illuminate/Foundation/Http/Middleware/InvokeDeferredCallbacks->handle(Object(Illuminate/Http/Request), Object(Closure))
#51 D:/New folder (20)/kpi-system/vendor/laravel/framework/src/Illuminate/Pipeline/Pipeline.php(127): Illuminate/Pipeline/Pipeline->{closure:{closure:Illuminate/Pipeline/Pipeline::carry():184}:185}(Object(Illuminate/Http/Request))
#52 D:/New folder (20)/kpi-system/vendor/laravel/framework/src/Illuminate/Foundation/Http/Kernel.php(176): Illuminate/Pipeline/Pipeline->then(Object(Closure))
#53 D:/New folder (20)/kpi-system/vendor/laravel/framework/src/Illuminate/Foundation/Http/Kernel.php(145): Illuminate/Foundation/Http/Kernel->sendRequestThroughRouter(Object(Illuminate/Http/Request))
#54 D:/New folder (20)/kpi-system/vendor/laravel/framework/src/Illuminate/Foundation/Application.php(1220): Illuminate/Foundation/Http/Kernel->handle(Object(Illuminate/Http/Request))
#55 D:/New folder (20)/kpi-system/public/index.php(17): Illuminate/Foundation/Application->handleRequest(Object(Illuminate/Http/Request))
#56 D:/New folder (20)/kpi-system/vendor/laravel/framework/src/Illuminate/Foundation/resources/server.php(23): require_once('D://New folder (...')
#57 {main}
"} 
[2026-06-11 11:25:26] local.ERROR: Call to undefined method App\Http\Controllers\HrManagerKpiController::middleware() {"userId":8,"exception":"[object] (Error(code: 0): Call to undefined method App\\Http\\Controllers\\HrManagerKpiController::middleware() at D:/New folder (20)/kpi-system/app/Http/Controllers/HrManagerKpiController.php:21)
[stacktrace]
#0 [internal function]: App/Http/Controllers/HrManagerKpiController->__construct()
#1 D:/New folder (20)/kpi-system/vendor/laravel/framework/src/Illuminate/Container/Container.php(1004): ReflectionClass->newInstanceArgs(Array)
#2 D:/New folder (20)/kpi-system/vendor/laravel/framework/src/Illuminate/Container/Container.php(832): Illuminate/Container/Container->build('App//Http//Contro...')
#3 D:/New folder (20)/kpi-system/vendor/laravel/framework/src/Illuminate/Foundation/Application.php(1078): Illuminate/Container/Container->resolve('App//Http//Contro...', Array, true)
#4 D:/New folder (20)/kpi-system/vendor/laravel/framework/src/Illuminate/Container/Container.php(763): Illuminate/Foundation/Application->resolve('App//Http//Contro...', Array)
#5 D:/New folder (20)/kpi-system/vendor/laravel/framework/src/Illuminate/Foundation/Application.php(1058): Illuminate/Container/Container->make('App//Http//Contro...', Array)
#6 D:/New folder (20)/kpi-system/vendor/laravel/framework/src/Illuminate/Routing/Route.php(285): Illuminate/Foundation/Application->make('App//Http//Contro...')
#7 D:/New folder (20)/kpi-system/vendor/laravel/framework/src/Illuminate/Routing/Route.php(267): Illuminate/Routing/Route->getController()
#8 D:/New folder (20)/kpi-system/vendor/laravel/framework/src/Illuminate/Routing/Route.php(212): Illuminate/Routing/Route->runController()
#9 D:/New folder (20)/kpi-system/vendor/laravel/framework/src/Illuminate/Routing/Router.php(808): Illuminate/Routing/Route->run()
#10 D:/New folder (20)/kpi-system/vendor/laravel/framework/src/Illuminate/Pipeline/Pipeline.php(170): Illuminate/Routing/Router->{closure:Illuminate/Routing/Router::runRouteWithinStack():807}(Object(Illuminate/Http/Request))
#11 D:/New folder (20)/kpi-system/app/Http/Middleware/HrManagerOnly.php(17): Illuminate/Pipeline/Pipeline->{closure:Illuminate/Pipeline/Pipeline::prepareDestination():168}(Object(Illuminate/Http/Request))
#12 D:/New folder (20)/kpi-system/vendor/laravel/framework/src/Illuminate/Pipeline/Pipeline.php(209): App/Http/Middleware/HrManagerOnly->handle(Object(Illuminate/Http/Request), Object(Closure))
#13 D:/New folder (20)/kpi-system/vendor/laravel/framework/src/Illuminate/Routing/Middleware/SubstituteBindings.php(51): Illuminate/Pipeline/Pipeline->{closure:{closure:Illuminate/Pipeline/Pipeline::carry():184}:185}(Object(Illuminate/Http/Request))
#14 D:/New folder (20)/kpi-system/vendor/laravel/framework/src/Illuminate/Pipeline/Pipeline.php(209): Illuminate/Routing/Middleware/SubstituteBindings->handle(Object(Illuminate/Http/Request), Object(Closure))
#15 D:/New folder (20)/kpi-system/vendor/laravel/framework/src/Illuminate/Auth/Middleware/Authenticate.php(64): Illuminate/Pipeline/Pipeline->{closure:{closure:Illuminate/Pipeline/Pipeline::carry():184}:185}(Object(Illuminate/Http/Request))
#16 D:/New folder (20)/kpi-system/vendor/laravel/framework/src/Illuminate/Pipeline/Pipeline.php(209): Illuminate/Auth/Middleware/Authenticate->handle(Object(Illuminate/Http/Request), Object(Closure))
#17 D:/New folder (20)/kpi-system/vendor/laravel/framework/src/Illuminate/Foundation/Http/Middleware/VerifyCsrfToken.php(88): Illuminate/Pipeline/Pipeline->{closure:{closure:Illuminate/Pipeline/Pipeline::carry():184}:185}(Object(Illuminate/Http/Request))
#18 D:/New folder (20)/kpi-system/vendor/laravel/framework/src/Illuminate/Pipeline/Pipeline.php(209): Illuminate/Foundation/Http/Middleware/VerifyCsrfToken->handle(Object(Illuminate/Http/Request), Object(Closure))
#19 D:/New folder (20)/kpi-system/vendor/laravel/framework/src/Illuminate/View/Middleware/ShareErrorsFromSession.php(49): Illuminate/Pipeline/Pipeline->{closure:{closure:Illuminate/Pipeline/Pipeline::carry():184}:185}(Object(Illuminate/Http/Request))
#20 D:/New folder (20)/kpi-system/vendor/laravel/framework/src/Illuminate/Pipeline/Pipeline.php(209): Illuminate/View/Middleware/ShareErrorsFromSession->handle(Object(Illuminate/Http/Request), Object(Closure))
#21 D:/New folder (20)/kpi-system/vendor/laravel/framework/src/Illuminate/Session/Middleware/StartSession.php(121): Illuminate/Pipeline/Pipeline->{closure:{closure:Illuminate/Pipeline/Pipeline::carry():184}:185}(Object(Illuminate/Http/Request))
#22 D:/New folder (20)/kpi-system/vendor/laravel/framework/src/Illuminate/Session/Middleware/StartSession.php(64): Illuminate/Session/Middleware/StartSession->handleStatefulRequest(Object(Illuminate/Http/Request), Object(Illuminate/Session/Store), Object(Closure))
#23 D:/New folder (20)/kpi-system/vendor/laravel/framework/src/Illuminate/Pipeline/Pipeline.php(209): Illuminate/Session/Middleware/StartSession->handle(Object(Illuminate/Http/Request), Object(Closure))
#24 D:/New folder (20)/kpi-system/vendor/laravel/framework/src/Illuminate/Cookie/Middleware/AddQueuedCookiesToResponse.php(37): Illuminate/Pipeline/Pipeline->{closure:{closure:Illuminate/Pipeline/Pipeline::carry():184}:185}(Object(Illuminate/Http/Request))
#25 D:/New folder (20)/kpi-system/vendor/laravel/framework/src/Illuminate/Pipeline/Pipeline.php(209): Illuminate/Cookie/Middleware/AddQueuedCookiesToResponse->handle(Object(Illuminate/Http/Request), Object(Closure))
#26 D:/New folder (20)/kpi-system/vendor/laravel/framework/src/Illuminate/Cookie/Middleware/EncryptCookies.php(75): Illuminate/Pipeline/Pipeline->{closure:{closure:Illuminate/Pipeline/Pipeline::carry():184}:185}(Object(Illuminate/Http/Request))
#27 D:/New folder (20)/kpi-system/vendor/laravel/framework/src/Illuminate/Pipeline/Pipeline.php(209): Illuminate/Cookie/Middleware/EncryptCookies->handle(Object(Illuminate/Http/Request), Object(Closure))
#28 D:/New folder (20)/kpi-system/vendor/laravel/framework/src/Illuminate/Pipeline/Pipeline.php(127): Illuminate/Pipeline/Pipeline->{closure:{closure:Illuminate/Pipeline/Pipeline::carry():184}:185}(Object(Illuminate/Http/Request))
#29 D:/New folder (20)/kpi-system/vendor/laravel/framework/src/Illuminate/Routing/Router.php(807): Illuminate/Pipeline/Pipeline->then(Object(Closure))
#30 D:/New folder (20)/kpi-system/vendor/laravel/framework/src/Illuminate/Routing/Router.php(786): Illuminate/Routing/Router->runRouteWithinStack(Object(Illuminate/Routing/Route), Object(Illuminate/Http/Request))
#31 D:/New folder (20)/kpi-system/vendor/laravel/framework/src/Illuminate/Routing/Router.php(750): Illuminate/Routing/Router->runRoute(Object(Illuminate/Http/Request), Object(Illuminate/Routing/Route))
#32 D:/New folder (20)/kpi-system/vendor/laravel/framework/src/Illuminate/Routing/Router.php(739): Illuminate/Routing/Router->dispatchToRoute(Object(Illuminate/Http/Request))
#33 D:/New folder (20)/kpi-system/vendor/laravel/framework/src/Illuminate/Foundation/Http/Kernel.php(201): Illuminate/Routing/Router->dispatch(Object(Illuminate/Http/Request))
#34 D:/New folder (20)/kpi-system/vendor/laravel/framework/src/Illuminate/Pipeline/Pipeline.php(170): Illuminate/Foundation/Http/Kernel->{closure:Illuminate/Foundation/Http/Kernel::dispatchToRouter():198}(Object(Illuminate/Http/Request))
#35 D:/New folder (20)/kpi-system/vendor/laravel/framework/src/Illuminate/Foundation/Http/Middleware/TransformsRequest.php(21): Illuminate/Pipeline/Pipeline->{closure:Illuminate/Pipeline/Pipeline::prepareDestination():168}(Object(Illuminate/Http/Request))
#36 D:/New folder (20)/kpi-system/vendor/laravel/framework/src/Illuminate/Foundation/Http/Middleware/ConvertEmptyStringsToNull.php(31): Illuminate/Foundation/Http/Middleware/TransformsRequest->handle(Object(Illuminate/Http/Request), Object(Closure))
#37 D:/New folder (20)/kpi-system/vendor/laravel/framework/src/Illuminate/Pipeline/Pipeline.php(209): Illuminate/Foundation/Http/Middleware/ConvertEmptyStringsToNull->handle(Object(Illuminate/Http/Request), Object(Closure))
#38 D:/New folder (20)/kpi-system/vendor/laravel/framework/src/Illuminate/Foundation/Http/Middleware/TransformsRequest.php(21): Illuminate/Pipeline/Pipeline->{closure:{closure:Illuminate/Pipeline/Pipeline::carry():184}:185}(Object(Illuminate/Http/Request))
#39 D:/New folder (20)/kpi-system/vendor/laravel/framework/src/Illuminate/Foundation/Http/Middleware/TrimStrings.php(51): Illuminate/Foundation/Http/Middleware/TransformsRequest->handle(Object(Illuminate/Http/Request), Object(Closure))
#40 D:/New folder (20)/kpi-system/vendor/laravel/framework/src/Illuminate/Pipeline/Pipeline.php(209): Illuminate/Foundation/Http/Middleware/TrimStrings->handle(Object(Illuminate/Http/Request), Object(Closure))
#41 D:/New folder (20)/kpi-system/vendor/laravel/framework/src/Illuminate/Http/Middleware/ValidatePostSize.php(27): Illuminate/Pipeline/Pipeline->{closure:{closure:Illuminate/Pipeline/Pipeline::carry():184}:185}(Object(Illuminate/Http/Request))
#42 D:/New folder (20)/kpi-system/vendor/laravel/framework/src/Illuminate/Pipeline/Pipeline.php(209): Illuminate/Http/Middleware/ValidatePostSize->handle(Object(Illuminate/Http/Request), Object(Closure))
#43 D:/New folder (20)/kpi-system/vendor/laravel/framework/src/Illuminate/Foundation/Http/Middleware/PreventRequestsDuringMaintenance.php(110): Illuminate/Pipeline/Pipeline->{closure:{closure:Illuminate/Pipeline/Pipeline::carry():184}:185}(Object(Illuminate/Http/Request))
#44 D:/New folder (20)/kpi-system/vendor/laravel/framework/src/Illuminate/Pipeline/Pipeline.php(209): Illuminate/Foundation/Http/Middleware/PreventRequestsDuringMaintenance->handle(Object(Illuminate/Http/Request), Object(Closure))
#45 D:/New folder (20)/kpi-system/vendor/laravel/framework/src/Illuminate/Http/Middleware/HandleCors.php(49): Illuminate/Pipeline/Pipeline->{closure:{closure:Illuminate/Pipeline/Pipeline::carry():184}:185}(Object(Illuminate/Http/Request))
#46 D:/New folder (20)/kpi-system/vendor/laravel/framework/src/Illuminate/Pipeline/Pipeline.php(209): Illuminate/Http/Middleware/HandleCors->handle(Object(Illuminate/Http/Request), Object(Closure))
#47 D:/New folder (20)/kpi-system/vendor/laravel/framework/src/Illuminate/Http/Middleware/TrustProxies.php(58): Illuminate/Pipeline/Pipeline->{closure:{closure:Illuminate/Pipeline/Pipeline::carry():184}:185}(Object(Illuminate/Http/Request))
#48 D:/New folder (20)/kpi-system/vendor/laravel/framework/src/Illuminate/Pipeline/Pipeline.php(209): Illuminate/Http/Middleware/TrustProxies->handle(Object(Illuminate/Http/Request), Object(Closure))
#49 D:/New folder (20)/kpi-system/vendor/laravel/framework/src/Illuminate/Foundation/Http/Middleware/InvokeDeferredCallbacks.php(22): Illuminate/Pipeline/Pipeline->{closure:{closure:Illuminate/Pipeline/Pipeline::carry():184}:185}(Object(Illuminate/Http/Request))
#50 D:/New folder (20)/kpi-system/vendor/laravel/framework/src/Illuminate/Pipeline/Pipeline.php(209): Illuminate/Foundation/Http/Middleware/InvokeDeferredCallbacks->handle(Object(Illuminate/Http/Request), Object(Closure))
#51 D:/New folder (20)/kpi-system/vendor/laravel/framework/src/Illuminate/Pipeline/Pipeline.php(127): Illuminate/Pipeline/Pipeline->{closure:{closure:Illuminate/Pipeline/Pipeline::carry():184}:185}(Object(Illuminate/Http/Request))
#52 D:/New folder (20)/kpi-system/vendor/laravel/framework/src/Illuminate/Foundation/Http/Kernel.php(176): Illuminate/Pipeline/Pipeline->then(Object(Closure))
#53 D:/New folder (20)/kpi-system/vendor/laravel/framework/src/Illuminate/Foundation/Http/Kernel.php(145): Illuminate/Foundation/Http/Kernel->sendRequestThroughRouter(Object(Illuminate/Http/Request))
#54 D:/New folder (20)/kpi-system/vendor/laravel/framework/src/Illuminate/Foundation/Application.php(1220): Illuminate/Foundation/Http/Kernel->handle(Object(Illuminate/Http/Request))
#55 D:/New folder (20)/kpi-system/public/index.php(17): Illuminate/Foundation/Application->handleRequest(Object(Illuminate/Http/Request))
#56 D:/New folder (20)/kpi-system/vendor/laravel/framework/src/Illuminate/Foundation/resources/server.php(23): require_once('D://New folder (...')
#57 {main}
"} 
[2026-06-11 13:12:30] local.ERROR: Call to undefined method App\Http\Controllers\HrManagerKpiController::middleware() {"userId":8,"exception":"[object] (Error(code: 0): Call to undefined method App\\Http\\Controllers\\HrManagerKpiController::middleware() at D:/New folder (20)/kpi-system/app/Http/Controllers/HrManagerKpiController.php:21)
[stacktrace]
#0 [internal function]: App/Http/Controllers/HrManagerKpiController->__construct()
#1 D:/New folder (20)/kpi-system/vendor/laravel/framework/src/Illuminate/Container/Container.php(1004): ReflectionClass->newInstanceArgs(Array)
#2 D:/New folder (20)/kpi-system/vendor/laravel/framework/src/Illuminate/Container/Container.php(832): Illuminate/Container/Container->build('App//Http//Contro...')
#3 D:/New folder (20)/kpi-system/vendor/laravel/framework/src/Illuminate/Foundation/Application.php(1078): Illuminate/Container/Container->resolve('App//Http//Contro...', Array, true)
#4 D:/New folder (20)/kpi-system/vendor/laravel/framework/src/Illuminate/Container/Container.php(763): Illuminate/Foundation/Application->resolve('App//Http//Contro...', Array)
#5 D:/New folder (20)/kpi-system/vendor/laravel/framework/src/Illuminate/Foundation/Application.php(1058): Illuminate/Container/Container->make('App//Http//Contro...', Array)
#6 D:/New folder (20)/kpi-system/vendor/laravel/framework/src/Illuminate/Routing/Route.php(285): Illuminate/Foundation/Application->make('App//Http//Contro...')
#7 D:/New folder (20)/kpi-system/vendor/laravel/framework/src/Illuminate/Routing/Route.php(267): Illuminate/Routing/Route->getController()
#8 D:/New folder (20)/kpi-system/vendor/laravel/framework/src/Illuminate/Routing/Route.php(212): Illuminate/Routing/Route->runController()
#9 D:/New folder (20)/kpi-system/vendor/laravel/framework/src/Illuminate/Routing/Router.php(808): Illuminate/Routing/Route->run()
#10 D:/New folder (20)/kpi-system/vendor/laravel/framework/src/Illuminate/Pipeline/Pipeline.php(170): Illuminate/Routing/Router->{closure:Illuminate/Routing/Router::runRouteWithinStack():807}(Object(Illuminate/Http/Request))
#11 D:/New folder (20)/kpi-system/app/Http/Middleware/HrManagerOnly.php(17): Illuminate/Pipeline/Pipeline->{closure:Illuminate/Pipeline/Pipeline::prepareDestination():168}(Object(Illuminate/Http/Request))
#12 D:/New folder (20)/kpi-system/vendor/laravel/framework/src/Illuminate/Pipeline/Pipeline.php(209): App/Http/Middleware/HrManagerOnly->handle(Object(Illuminate/Http/Request), Object(Closure))
#13 D:/New folder (20)/kpi-system/vendor/laravel/framework/src/Illuminate/Routing/Middleware/SubstituteBindings.php(51): Illuminate/Pipeline/Pipeline->{closure:{closure:Illuminate/Pipeline/Pipeline::carry():184}:185}(Object(Illuminate/Http/Request))
#14 D:/New folder (20)/kpi-system/vendor/laravel/framework/src/Illuminate/Pipeline/Pipeline.php(209): Illuminate/Routing/Middleware/SubstituteBindings->handle(Object(Illuminate/Http/Request), Object(Closure))
#15 D:/New folder (20)/kpi-system/vendor/laravel/framework/src/Illuminate/Auth/Middleware/Authenticate.php(64): Illuminate/Pipeline/Pipeline->{closure:{closure:Illuminate/Pipeline/Pipeline::carry():184}:185}(Object(Illuminate/Http/Request))
#16 D:/New folder (20)/kpi-system/vendor/laravel/framework/src/Illuminate/Pipeline/Pipeline.php(209): Illuminate/Auth/Middleware/Authenticate->handle(Object(Illuminate/Http/Request), Object(Closure))
#17 D:/New folder (20)/kpi-system/vendor/laravel/framework/src/Illuminate/Foundation/Http/Middleware/VerifyCsrfToken.php(88): Illuminate/Pipeline/Pipeline->{closure:{closure:Illuminate/Pipeline/Pipeline::carry():184}:185}(Object(Illuminate/Http/Request))
#18 D:/New folder (20)/kpi-system/vendor/laravel/framework/src/Illuminate/Pipeline/Pipeline.php(209): Illuminate/Foundation/Http/Middleware/VerifyCsrfToken->handle(Object(Illuminate/Http/Request), Object(Closure))
#19 D:/New folder (20)/kpi-system/vendor/laravel/framework/src/Illuminate/View/Middleware/ShareErrorsFromSession.php(49): Illuminate/Pipeline/Pipeline->{closure:{closure:Illuminate/Pipeline/Pipeline::carry():184}:185}(Object(Illuminate/Http/Request))
#20 D:/New folder (20)/kpi-system/vendor/laravel/framework/src/Illuminate/Pipeline/Pipeline.php(209): Illuminate/View/Middleware/ShareErrorsFromSession->handle(Object(Illuminate/Http/Request), Object(Closure))
#21 D:/New folder (20)/kpi-system/vendor/laravel/framework/src/Illuminate/Session/Middleware/StartSession.php(121): Illuminate/Pipeline/Pipeline->{closure:{closure:Illuminate/Pipeline/Pipeline::carry():184}:185}(Object(Illuminate/Http/Request))
#22 D:/New folder (20)/kpi-system/vendor/laravel/framework/src/Illuminate/Session/Middleware/StartSession.php(64): Illuminate/Session/Middleware/StartSession->handleStatefulRequest(Object(Illuminate/Http/Request), Object(Illuminate/Session/Store), Object(Closure))
#23 D:/New folder (20)/kpi-system/vendor/laravel/framework/src/Illuminate/Pipeline/Pipeline.php(209): Illuminate/Session/Middleware/StartSession->handle(Object(Illuminate/Http/Request), Object(Closure))
#24 D:/New folder (20)/kpi-system/vendor/laravel/framework/src/Illuminate/Cookie/Middleware/AddQueuedCookiesToResponse.php(37): Illuminate/Pipeline/Pipeline->{closure:{closure:Illuminate/Pipeline/Pipeline::carry():184}:185}(Object(Illuminate/Http/Request))
#25 D:/New folder (20)/kpi-system/vendor/laravel/framework/src/Illuminate/Pipeline/Pipeline.php(209): Illuminate/Cookie/Middleware/AddQueuedCookiesToResponse->handle(Object(Illuminate/Http/Request), Object(Closure))
#26 D:/New folder (20)/kpi-system/vendor/laravel/framework/src/Illuminate/Cookie/Middleware/EncryptCookies.php(75): Illuminate/Pipeline/Pipeline->{closure:{closure:Illuminate/Pipeline/Pipeline::carry():184}:185}(Object(Illuminate/Http/Request))
#27 D:/New folder (20)/kpi-system/vendor/laravel/framework/src/Illuminate/Pipeline/Pipeline.php(209): Illuminate/Cookie/Middleware/EncryptCookies->handle(Object(Illuminate/Http/Request), Object(Closure))
#28 D:/New folder (20)/kpi-system/vendor/laravel/framework/src/Illuminate/Pipeline/Pipeline.php(127): Illuminate/Pipeline/Pipeline->{closure:{closure:Illuminate/Pipeline/Pipeline::carry():184}:185}(Object(Illuminate/Http/Request))
#29 D:/New folder (20)/kpi-system/vendor/laravel/framework/src/Illuminate/Routing/Router.php(807): Illuminate/Pipeline/Pipeline->then(Object(Closure))
#30 D:/New folder (20)/kpi-system/vendor/laravel/framework/src/Illuminate/Routing/Router.php(786): Illuminate/Routing/Router->runRouteWithinStack(Object(Illuminate/Routing/Route), Object(Illuminate/Http/Request))
#31 D:/New folder (20)/kpi-system/vendor/laravel/framework/src/Illuminate/Routing/Router.php(750): Illuminate/Routing/Router->runRoute(Object(Illuminate/Http/Request), Object(Illuminate/Routing/Route))
#32 D:/New folder (20)/kpi-system/vendor/laravel/framework/src/Illuminate/Routing/Router.php(739): Illuminate/Routing/Router->dispatchToRoute(Object(Illuminate/Http/Request))
#33 D:/New folder (20)/kpi-system/vendor/laravel/framework/src/Illuminate/Foundation/Http/Kernel.php(201): Illuminate/Routing/Router->dispatch(Object(Illuminate/Http/Request))
#34 D:/New folder (20)/kpi-system/vendor/laravel/framework/src/Illuminate/Pipeline/Pipeline.php(170): Illuminate/Foundation/Http/Kernel->{closure:Illuminate/Foundation/Http/Kernel::dispatchToRouter():198}(Object(Illuminate/Http/Request))
#35 D:/New folder (20)/kpi-system/vendor/laravel/framework/src/Illuminate/Foundation/Http/Middleware/TransformsRequest.php(21): Illuminate/Pipeline/Pipeline->{closure:Illuminate/Pipeline/Pipeline::prepareDestination():168}(Object(Illuminate/Http/Request))
#36 D:/New folder (20)/kpi-system/vendor/laravel/framework/src/Illuminate/Foundation/Http/Middleware/ConvertEmptyStringsToNull.php(31): Illuminate/Foundation/Http/Middleware/TransformsRequest->handle(Object(Illuminate/Http/Request), Object(Closure))
#37 D:/New folder (20)/kpi-system/vendor/laravel/framework/src/Illuminate/Pipeline/Pipeline.php(209): Illuminate/Foundation/Http/Middleware/ConvertEmptyStringsToNull->handle(Object(Illuminate/Http/Request), Object(Closure))
#38 D:/New folder (20)/kpi-system/vendor/laravel/framework/src/Illuminate/Foundation/Http/Middleware/TransformsRequest.php(21): Illuminate/Pipeline/Pipeline->{closure:{closure:Illuminate/Pipeline/Pipeline::carry():184}:185}(Object(Illuminate/Http/Request))
#39 D:/New folder (20)/kpi-system/vendor/laravel/framework/src/Illuminate/Foundation/Http/Middleware/TrimStrings.php(51): Illuminate/Foundation/Http/Middleware/TransformsRequest->handle(Object(Illuminate/Http/Request), Object(Closure))
#40 D:/New folder (20)/kpi-system/vendor/laravel/framework/src/Illuminate/Pipeline/Pipeline.php(209): Illuminate/Foundation/Http/Middleware/TrimStrings->handle(Object(Illuminate/Http/Request), Object(Closure))
#41 D:/New folder (20)/kpi-system/vendor/laravel/framework/src/Illuminate/Http/Middleware/ValidatePostSize.php(27): Illuminate/Pipeline/Pipeline->{closure:{closure:Illuminate/Pipeline/Pipeline::carry():184}:185}(Object(Illuminate/Http/Request))
#42 D:/New folder (20)/kpi-system/vendor/laravel/framework/src/Illuminate/Pipeline/Pipeline.php(209): Illuminate/Http/Middleware/ValidatePostSize->handle(Object(Illuminate/Http/Request), Object(Closure))
#43 D:/New folder (20)/kpi-system/vendor/laravel/framework/src/Illuminate/Foundation/Http/Middleware/PreventRequestsDuringMaintenance.php(110): Illuminate/Pipeline/Pipeline->{closure:{closure:Illuminate/Pipeline/Pipeline::carry():184}:185}(Object(Illuminate/Http/Request))
#44 D:/New folder (20)/kpi-system/vendor/laravel/framework/src/Illuminate/Pipeline/Pipeline.php(209): Illuminate/Foundation/Http/Middleware/PreventRequestsDuringMaintenance->handle(Object(Illuminate/Http/Request), Object(Closure))
#45 D:/New folder (20)/kpi-system/vendor/laravel/framework/src/Illuminate/Http/Middleware/HandleCors.php(49): Illuminate/Pipeline/Pipeline->{closure:{closure:Illuminate/Pipeline/Pipeline::carry():184}:185}(Object(Illuminate/Http/Request))
#46 D:/New folder (20)/kpi-system/vendor/laravel/framework/src/Illuminate/Pipeline/Pipeline.php(209): Illuminate/Http/Middleware/HandleCors->handle(Object(Illuminate/Http/Request), Object(Closure))
#47 D:/New folder (20)/kpi-system/vendor/laravel/framework/src/Illuminate/Http/Middleware/TrustProxies.php(58): Illuminate/Pipeline/Pipeline->{closure:{closure:Illuminate/Pipeline/Pipeline::carry():184}:185}(Object(Illuminate/Http/Request))
#48 D:/New folder (20)/kpi-system/vendor/laravel/framework/src/Illuminate/Pipeline/Pipeline.php(209): Illuminate/Http/Middleware/TrustProxies->handle(Object(Illuminate/Http/Request), Object(Closure))
#49 D:/New folder (20)/kpi-system/vendor/laravel/framework/src/Illuminate/Foundation/Http/Middleware/InvokeDeferredCallbacks.php(22): Illuminate/Pipeline/Pipeline->{closure:{closure:Illuminate/Pipeline/Pipeline::carry():184}:185}(Object(Illuminate/Http/Request))
#50 D:/New folder (20)/kpi-system/vendor/laravel/framework/src/Illuminate/Pipeline/Pipeline.php(209): Illuminate/Foundation/Http/Middleware/InvokeDeferredCallbacks->handle(Object(Illuminate/Http/Request), Object(Closure))
#51 D:/New folder (20)/kpi-system/vendor/laravel/framework/src/Illuminate/Pipeline/Pipeline.php(127): Illuminate/Pipeline/Pipeline->{closure:{closure:Illuminate/Pipeline/Pipeline::carry():184}:185}(Object(Illuminate/Http/Request))
#52 D:/New folder (20)/kpi-system/vendor/laravel/framework/src/Illuminate/Foundation/Http/Kernel.php(176): Illuminate/Pipeline/Pipeline->then(Object(Closure))
#53 D:/New folder (20)/kpi-system/vendor/laravel/framework/src/Illuminate/Foundation/Http/Kernel.php(145): Illuminate/Foundation/Http/Kernel->sendRequestThroughRouter(Object(Illuminate/Http/Request))
#54 D:/New folder (20)/kpi-system/vendor/laravel/framework/src/Illuminate/Foundation/Application.php(1220): Illuminate/Foundation/Http/Kernel->handle(Object(Illuminate/Http/Request))
#55 D:/New folder (20)/kpi-system/public/index.php(17): Illuminate/Foundation/Application->handleRequest(Object(Illuminate/Http/Request))
#56 D:/New folder (20)/kpi-system/vendor/laravel/framework/src/Illuminate/Foundation/resources/server.php(23): require_once('D://New folder (...')
#57 {main}
"} 
[2026-06-17 16:12:06] local.ERROR: SQLSTATE[HY000] [1045] Access denied for user 'root'@'localhost' (using password: YES) (Connection: mysql, SQL: select * from `users` where `email` = admin@kpi.com limit 1) {"exception":"[object] (Illuminate\\Database\\QueryException(code: 1045): SQLSTATE[HY000] [1045] Access denied for user 'root'@'localhost' (using password: YES) (Connection: mysql, SQL: select * from `users` where `email` = admin@kpi.com limit 1) at D:/New folder (20)/New folder/sistemkpi-tlab/vendor/laravel/framework/src/Illuminate/Database/Connection.php:825)
[stacktrace]
#0 D:/New folder (20)/New folder/sistemkpi-tlab/vendor/laravel/framework/src/Illuminate/Database/Connection.php(779): Illuminate/Database/Connection->runQueryCallback('select * from `...', Array, Object(Closure))
#1 D:/New folder (20)/New folder/sistemkpi-tlab/vendor/laravel/framework/src/Illuminate/Database/Connection.php(398): Illuminate/Database/Connection->run('select * from `...', Array, Object(Closure))
#2 D:/New folder (20)/New folder/sistemkpi-tlab/vendor/laravel/framework/src/Illuminate/Database/Query/Builder.php(3106): Illuminate/Database/Connection->select('select * from `...', Array, true)
#3 D:/New folder (20)/New folder/sistemkpi-tlab/vendor/laravel/framework/src/Illuminate/Database/Query/Builder.php(3091): Illuminate/Database/Query/Builder->runSelect()
#4 D:/New folder (20)/New folder/sistemkpi-tlab/vendor/laravel/framework/src/Illuminate/Database/Query/Builder.php(3676): Illuminate/Database/Query/Builder->{closure:Illuminate/Database/Query/Builder::get():3090}()
#5 D:/New folder (20)/New folder/sistemkpi-tlab/vendor/laravel/framework/src/Illuminate/Database/Query/Builder.php(3090): Illuminate/Database/Query/Builder->onceWithColumns(Array, Object(Closure))
#6 D:/New folder (20)/New folder/sistemkpi-tlab/vendor/laravel/framework/src/Illuminate/Database/Eloquent/Builder.php(811): Illuminate/Database/Query/Builder->get(Array)
#7 D:/New folder (20)/New folder/sistemkpi-tlab/vendor/laravel/framework/src/Illuminate/Database/Eloquent/Builder.php(793): Illuminate/Database/Eloquent/Builder->getModels(Array)
#8 D:/New folder (20)/New folder/sistemkpi-tlab/vendor/laravel/framework/src/Illuminate/Database/Concerns/BuildsQueries.php(343): Illuminate/Database/Eloquent/Builder->get(Array)
#9 D:/New folder (20)/New folder/sistemkpi-tlab/vendor/laravel/framework/src/Illuminate/Auth/EloquentUserProvider.php(139): Illuminate/Database/Eloquent/Builder->first()
#10 D:/New folder (20)/New folder/sistemkpi-tlab/vendor/laravel/framework/src/Illuminate/Auth/SessionGuard.php(415): Illuminate/Auth/EloquentUserProvider->retrieveByCredentials(Object(SensitiveParameterValue))
#11 D:/New folder (20)/New folder/sistemkpi-tlab/vendor/laravel/framework/src/Illuminate/Support/Timebox.php(34): Illuminate/Auth/SessionGuard->{closure:Illuminate/Auth/SessionGuard::attempt():412}(Object(Illuminate/Support/Timebox))
#12 D:/New folder (20)/New folder/sistemkpi-tlab/vendor/laravel/framework/src/Illuminate/Auth/SessionGuard.php(412): Illuminate/Support/Timebox->call(Object(Closure), 200000)
#13 D:/New folder (20)/New folder/sistemkpi-tlab/vendor/laravel/framework/src/Illuminate/Auth/AuthManager.php(340): Illuminate/Auth/SessionGuard->attempt(Array, false)
#14 D:/New folder (20)/New folder/sistemkpi-tlab/vendor/laravel/framework/src/Illuminate/Support/Facades/Facade.php(361): Illuminate/Auth/AuthManager->__call('attempt', Array)
#15 D:/New folder (20)/New folder/sistemkpi-tlab/app/Http/Controllers/AuthController.php(36): Illuminate/Support/Facades/Facade::__callStatic('attempt', Array)
#16 D:/New folder (20)/New folder/sistemkpi-tlab/vendor/laravel/framework/src/Illuminate/Routing/ControllerDispatcher.php(47): App/Http/Controllers/AuthController->login(Object(Illuminate/Http/Request))
#17 D:/New folder (20)/New folder/sistemkpi-tlab/vendor/laravel/framework/src/Illuminate/Routing/Route.php(266): Illuminate/Routing/ControllerDispatcher->dispatch(Object(Illuminate/Routing/Route), Object(App/Http/Controllers/AuthController), 'login')
#18 D:/New folder (20)/New folder/sistemkpi-tlab/vendor/laravel/framework/src/Illuminate/Routing/Route.php(212): Illuminate/Routing/Route->runController()
#19 D:/New folder (20)/New folder/sistemkpi-tlab/vendor/laravel/framework/src/Illuminate/Routing/Router.php(808): Illuminate/Routing/Route->run()
#20 D:/New folder (20)/New folder/sistemkpi-tlab/vendor/laravel/framework/src/Illuminate/Pipeline/Pipeline.php(170): Illuminate/Routing/Router->{closure:Illuminate/Routing/Router::runRouteWithinStack():807}(Object(Illuminate/Http/Request))
#21 D:/New folder (20)/New folder/sistemkpi-tlab/vendor/laravel/framework/src/Illuminate/Routing/Middleware/SubstituteBindings.php(51): Illuminate/Pipeline/Pipeline->{closure:Illuminate/Pipeline/Pipeline::prepareDestination():168}(Object(Illuminate/Http/Request))
#22 D:/New folder (20)/New folder/sistemkpi-tlab/vendor/laravel/framework/src/Illuminate/Pipeline/Pipeline.php(209): Illuminate/Routing/Middleware/SubstituteBindings->handle(Object(Illuminate/Http/Request), Object(Closure))
#23 D:/New folder (20)/New folder/sistemkpi-tlab/vendor/laravel/framework/src/Illuminate/Foundation/Http/Middleware/VerifyCsrfToken.php(88): Illuminate/Pipeline/Pipeline->{closure:{closure:Illuminate/Pipeline/Pipeline::carry():184}:185}(Object(Illuminate/Http/Request))
#24 D:/New folder (20)/New folder/sistemkpi-tlab/vendor/laravel/framework/src/Illuminate/Pipeline/Pipeline.php(209): Illuminate/Foundation/Http/Middleware/VerifyCsrfToken->handle(Object(Illuminate/Http/Request), Object(Closure))
#25 D:/New folder (20)/New folder/sistemkpi-tlab/vendor/laravel/framework/src/Illuminate/View/Middleware/ShareErrorsFromSession.php(49): Illuminate/Pipeline/Pipeline->{closure:{closure:Illuminate/Pipeline/Pipeline::carry():184}:185}(Object(Illuminate/Http/Request))
#26 D:/New folder (20)/New folder/sistemkpi-tlab/vendor/laravel/framework/src/Illuminate/Pipeline/Pipeline.php(209): Illuminate/View/Middleware/ShareErrorsFromSession->handle(Object(Illuminate/Http/Request), Object(Closure))
#27 D:/New folder (20)/New folder/sistemkpi-tlab/vendor/laravel/framework/src/Illuminate/Session/Middleware/StartSession.php(121): Illuminate/Pipeline/Pipeline->{closure:{closure:Illuminate/Pipeline/Pipeline::carry():184}:185}(Object(Illuminate/Http/Request))
#28 D:/New folder (20)/New folder/sistemkpi-tlab/vendor/laravel/framework/src/Illuminate/Session/Middleware/StartSession.php(64): Illuminate/Session/Middleware/StartSession->handleStatefulRequest(Object(Illuminate/Http/Request), Object(Illuminate/Session/Store), Object(Closure))
#29 D:/New folder (20)/New folder/sistemkpi-tlab/vendor/laravel/framework/src/Illuminate/Pipeline/Pipeline.php(209): Illuminate/Session/Middleware/StartSession->handle(Object(Illuminate/Http/Request), Object(Closure))
#30 D:/New folder (20)/New folder/sistemkpi-tlab/vendor/laravel/framework/src/Illuminate/Cookie/Middleware/AddQueuedCookiesToResponse.php(37): Illuminate/Pipeline/Pipeline->{closure:{closure:Illuminate/Pipeline/Pipeline::carry():184}:185}(Object(Illuminate/Http/Request))
#31 D:/New folder (20)/New folder/sistemkpi-tlab/vendor/laravel/framework/src/Illuminate/Pipeline/Pipeline.php(209): Illuminate/Cookie/Middleware/AddQueuedCookiesToResponse->handle(Object(Illuminate/Http/Request), Object(Closure))
#32 D:/New folder (20)/New folder/sistemkpi-tlab/vendor/laravel/framework/src/Illuminate/Cookie/Middleware/EncryptCookies.php(75): Illuminate/Pipeline/Pipeline->{closure:{closure:Illuminate/Pipeline/Pipeline::carry():184}:185}(Object(Illuminate/Http/Request))
#33 D:/New folder (20)/New folder/sistemkpi-tlab/vendor/laravel/framework/src/Illuminate/Pipeline/Pipeline.php(209): Illuminate/Cookie/Middleware/EncryptCookies->handle(Object(Illuminate/Http/Request), Object(Closure))
#34 D:/New folder (20)/New folder/sistemkpi-tlab/vendor/laravel/framework/src/Illuminate/Pipeline/Pipeline.php(127): Illuminate/Pipeline/Pipeline->{closure:{closure:Illuminate/Pipeline/Pipeline::carry():184}:185}(Object(Illuminate/Http/Request))
#35 D:/New folder (20)/New folder/sistemkpi-tlab/vendor/laravel/framework/src/Illuminate/Routing/Router.php(807): Illuminate/Pipeline/Pipeline->then(Object(Closure))
#36 D:/New folder (20)/New folder/sistemkpi-tlab/vendor/laravel/framework/src/Illuminate/Routing/Router.php(786): Illuminate/Routing/Router->runRouteWithinStack(Object(Illuminate/Routing/Route), Object(Illuminate/Http/Request))
#37 D:/New folder (20)/New folder/sistemkpi-tlab/vendor/laravel/framework/src/Illuminate/Routing/Router.php(750): Illuminate/Routing/Router->runRoute(Object(Illuminate/Http/Request), Object(Illuminate/Routing/Route))
#38 D:/New folder (20)/New folder/sistemkpi-tlab/vendor/laravel/framework/src/Illuminate/Routing/Router.php(739): Illuminate/Routing/Router->dispatchToRoute(Object(Illuminate/Http/Request))
#39 D:/New folder (20)/New folder/sistemkpi-tlab/vendor/laravel/framework/src/Illuminate/Foundation/Http/Kernel.php(201): Illuminate/Routing/Router->dispatch(Object(Illuminate/Http/Request))
#40 D:/New folder (20)/New folder/sistemkpi-tlab/vendor/laravel/framework/src/Illuminate/Pipeline/Pipeline.php(170): Illuminate/Foundation/Http/Kernel->{closure:Illuminate/Foundation/Http/Kernel::dispatchToRouter():198}(Object(Illuminate/Http/Request))
#41 D:/New folder (20)/New folder/sistemkpi-tlab/vendor/laravel/framework/src/Illuminate/Foundation/Http/Middleware/TransformsRequest.php(21): Illuminate/Pipeline/Pipeline->{closure:Illuminate/Pipeline/Pipeline::prepareDestination():168}(Object(Illuminate/Http/Request))
#42 D:/New folder (20)/New folder/sistemkpi-tlab/vendor/laravel/framework/src/Illuminate/Foundation/Http/Middleware/ConvertEmptyStringsToNull.php(31): Illuminate/Foundation/Http/Middleware/TransformsRequest->handle(Object(Illuminate/Http/Request), Object(Closure))
#43 D:/New folder (20)/New folder/sistemkpi-tlab/vendor/laravel/framework/src/Illuminate/Pipeline/Pipeline.php(209): Illuminate/Foundation/Http/Middleware/ConvertEmptyStringsToNull->handle(Object(Illuminate/Http/Request), Object(Closure))
#44 D:/New folder (20)/New folder/sistemkpi-tlab/vendor/laravel/framework/src/Illuminate/Foundation/Http/Middleware/TransformsRequest.php(21): Illuminate/Pipeline/Pipeline->{closure:{closure:Illuminate/Pipeline/Pipeline::carry():184}:185}(Object(Illuminate/Http/Request))
#45 D:/New folder (20)/New folder/sistemkpi-tlab/vendor/laravel/framework/src/Illuminate/Foundation/Http/Middleware/TrimStrings.php(51): Illuminate/Foundation/Http/Middleware/TransformsRequest->handle(Object(Illuminate/Http/Request), Object(Closure))
#46 D:/New folder (20)/New folder/sistemkpi-tlab/vendor/laravel/framework/src/Illuminate/Pipeline/Pipeline.php(209): Illuminate/Foundation/Http/Middleware/TrimStrings->handle(Object(Illuminate/Http/Request), Object(Closure))
#47 D:/New folder (20)/New folder/sistemkpi-tlab/vendor/laravel/framework/src/Illuminate/Http/Middleware/ValidatePostSize.php(27): Illuminate/Pipeline/Pipeline->{closure:{closure:Illuminate/Pipeline/Pipeline::carry():184}:185}(Object(Illuminate/Http/Request))
#48 D:/New folder (20)/New folder/sistemkpi-tlab/vendor/laravel/framework/src/Illuminate/Pipeline/Pipeline.php(209): Illuminate/Http/Middleware/ValidatePostSize->handle(Object(Illuminate/Http/Request), Object(Closure))
#49 D:/New folder (20)/New folder/sistemkpi-tlab/vendor/laravel/framework/src/Illuminate/Foundation/Http/Middleware/PreventRequestsDuringMaintenance.php(110): Illuminate/Pipeline/Pipeline->{closure:{closure:Illuminate/Pipeline/Pipeline::carry():184}:185}(Object(Illuminate/Http/Request))
#50 D:/New folder (20)/New folder/sistemkpi-tlab/vendor/laravel/framework/src/Illuminate/Pipeline/Pipeline.php(209): Illuminate/Foundation/Http/Middleware/PreventRequestsDuringMaintenance->handle(Object(Illuminate/Http/Request), Object(Closure))
#51 D:/New folder (20)/New folder/sistemkpi-tlab/vendor/laravel/framework/src/Illuminate/Http/Middleware/HandleCors.php(49): Illuminate/Pipeline/Pipeline->{closure:{closure:Illuminate/Pipeline/Pipeline::carry():184}:185}(Object(Illuminate/Http/Request))
#52 D:/New folder (20)/New folder/sistemkpi-tlab/vendor/laravel/framework/src/Illuminate/Pipeline/Pipeline.php(209): Illuminate/Http/Middleware/HandleCors->handle(Object(Illuminate/Http/Request), Object(Closure))
#53 D:/New folder (20)/New folder/sistemkpi-tlab/vendor/laravel/framework/src/Illuminate/Http/Middleware/TrustProxies.php(58): Illuminate/Pipeline/Pipeline->{closure:{closure:Illuminate/Pipeline/Pipeline::carry():184}:185}(Object(Illuminate/Http/Request))
#54 D:/New folder (20)/New folder/sistemkpi-tlab/vendor/laravel/framework/src/Illuminate/Pipeline/Pipeline.php(209): Illuminate/Http/Middleware/TrustProxies->handle(Object(Illuminate/Http/Request), Object(Closure))
#55 D:/New folder (20)/New folder/sistemkpi-tlab/vendor/laravel/framework/src/Illuminate/Foundation/Http/Middleware/InvokeDeferredCallbacks.php(22): Illuminate/Pipeline/Pipeline->{closure:{closure:Illuminate/Pipeline/Pipeline::carry():184}:185}(Object(Illuminate/Http/Request))
#56 D:/New folder (20)/New folder/sistemkpi-tlab/vendor/laravel/framework/src/Illuminate/Pipeline/Pipeline.php(209): Illuminate/Foundation/Http/Middleware/InvokeDeferredCallbacks->handle(Object(Illuminate/Http/Request), Object(Closure))
#57 D:/New folder (20)/New folder/sistemkpi-tlab/vendor/laravel/framework/src/Illuminate/Pipeline/Pipeline.php(127): Illuminate/Pipeline/Pipeline->{closure:{closure:Illuminate/Pipeline/Pipeline::carry():184}:185}(Object(Illuminate/Http/Request))
#58 D:/New folder (20)/New folder/sistemkpi-tlab/vendor/laravel/framework/src/Illuminate/Foundation/Http/Kernel.php(176): Illuminate/Pipeline/Pipeline->then(Object(Closure))
#59 D:/New folder (20)/New folder/sistemkpi-tlab/vendor/laravel/framework/src/Illuminate/Foundation/Http/Kernel.php(145): Illuminate/Foundation/Http/Kernel->sendRequestThroughRouter(Object(Illuminate/Http/Request))
#60 D:/New folder (20)/New folder/sistemkpi-tlab/vendor/laravel/framework/src/Illuminate/Foundation/Application.php(1220): Illuminate/Foundation/Http/Kernel->handle(Object(Illuminate/Http/Request))
#61 D:/New folder (20)/New folder/sistemkpi-tlab/public/index.php(17): Illuminate/Foundation/Application->handleRequest(Object(Illuminate/Http/Request))
#62 D:/New folder (20)/New folder/sistemkpi-tlab/vendor/laravel/framework/src/Illuminate/Foundation/resources/server.php(23): require_once('D://New folder (...')
#63 {main}

[previous exception] [object] (PDOException(code: 1045): SQLSTATE[HY000] [1045] Access denied for user 'root'@'localhost' (using password: YES) at D:/New folder (20)/New folder/sistemkpi-tlab/vendor/laravel/framework/src/Illuminate/Database/Connectors/Connector.php:67)
[stacktrace]
#0 D:/New folder (20)/New folder/sistemkpi-tlab/vendor/laravel/framework/src/Illuminate/Database/Connectors/Connector.php(67): PDO::connect('mysql:host=127....', 'root', Object(SensitiveParameterValue), Array)
#1 D:/New folder (20)/New folder/sistemkpi-tlab/vendor/laravel/framework/src/Illuminate/Database/Connectors/Connector.php(44): Illuminate/Database/Connectors/Connector->createPdoConnection('mysql:host=127....', 'root', Object(SensitiveParameterValue), Array)
#2 D:/New folder (20)/New folder/sistemkpi-tlab/vendor/laravel/framework/src/Illuminate/Database/Connectors/MySqlConnector.php(24): Illuminate/Database/Connectors/Connector->createConnection('mysql:host=127....', Array, Array)
#3 D:/New folder (20)/New folder/sistemkpi-tlab/vendor/laravel/framework/src/Illuminate/Database/Connectors/ConnectionFactory.php(185): Illuminate/Database/Connectors/MySqlConnector->connect(Array)
#4 [internal function]: Illuminate/Database/Connectors/ConnectionFactory->{closure:Illuminate/Database/Connectors/ConnectionFactory::createPdoResolverWithHosts():180}()
#5 D:/New folder (20)/New folder/sistemkpi-tlab/vendor/laravel/framework/src/Illuminate/Database/Connection.php(1231): call_user_func(Object(Closure))
#6 D:/New folder (20)/New folder/sistemkpi-tlab/vendor/laravel/framework/src/Illuminate/Database/Connection.php(1267): Illuminate/Database/Connection->getPdo()
#7 D:/New folder (20)/New folder/sistemkpi-tlab/vendor/laravel/framework/src/Illuminate/Database/Connection.php(512): Illuminate/Database/Connection->getReadPdo()
#8 D:/New folder (20)/New folder/sistemkpi-tlab/vendor/laravel/framework/src/Illuminate/Database/Connection.php(407): Illuminate/Database/Connection->getPdoForSelect(true)
#9 D:/New folder (20)/New folder/sistemkpi-tlab/vendor/laravel/framework/src/Illuminate/Database/Connection.php(812): Illuminate/Database/Connection->{closure:Illuminate/Database/Connection::select():398}('select * from `...', Array)
#10 D:/New folder (20)/New folder/sistemkpi-tlab/vendor/laravel/framework/src/Illuminate/Database/Connection.php(779): Illuminate/Database/Connection->runQueryCallback('select * from `...', Array, Object(Closure))
#11 D:/New folder (20)/New folder/sistemkpi-tlab/vendor/laravel/framework/src/Illuminate/Database/Connection.php(398): Illuminate/Database/Connection->run('select * from `...', Array, Object(Closure))
#12 D:/New folder (20)/New folder/sistemkpi-tlab/vendor/laravel/framework/src/Illuminate/Database/Query/Builder.php(3106): Illuminate/Database/Connection->select('select * from `...', Array, true)
#13 D:/New folder (20)/New folder/sistemkpi-tlab/vendor/laravel/framework/src/Illuminate/Database/Query/Builder.php(3091): Illuminate/Database/Query/Builder->runSelect()
#14 D:/New folder (20)/New folder/sistemkpi-tlab/vendor/laravel/framework/src/Illuminate/Database/Query/Builder.php(3676): Illuminate/Database/Query/Builder->{closure:Illuminate/Database/Query/Builder::get():3090}()
#15 D:/New folder (20)/New folder/sistemkpi-tlab/vendor/laravel/framework/src/Illuminate/Database/Query/Builder.php(3090): Illuminate/Database/Query/Builder->onceWithColumns(Array, Object(Closure))
#16 D:/New folder (20)/New folder/sistemkpi-tlab/vendor/laravel/framework/src/Illuminate/Database/Eloquent/Builder.php(811): Illuminate/Database/Query/Builder->get(Array)
#17 D:/New folder (20)/New folder/sistemkpi-tlab/vendor/laravel/framework/src/Illuminate/Database/Eloquent/Builder.php(793): Illuminate/Database/Eloquent/Builder->getModels(Array)
#18 D:/New folder (20)/New folder/sistemkpi-tlab/vendor/laravel/framework/src/Illuminate/Database/Concerns/BuildsQueries.php(343): Illuminate/Database/Eloquent/Builder->get(Array)
#19 D:/New folder (20)/New folder/sistemkpi-tlab/vendor/laravel/framework/src/Illuminate/Auth/EloquentUserProvider.php(139): Illuminate/Database/Eloquent/Builder->first()
#20 D:/New folder (20)/New folder/sistemkpi-tlab/vendor/laravel/framework/src/Illuminate/Auth/SessionGuard.php(415): Illuminate/Auth/EloquentUserProvider->retrieveByCredentials(Object(SensitiveParameterValue))
#21 D:/New folder (20)/New folder/sistemkpi-tlab/vendor/laravel/framework/src/Illuminate/Support/Timebox.php(34): Illuminate/Auth/SessionGuard->{closure:Illuminate/Auth/SessionGuard::attempt():412}(Object(Illuminate/Support/Timebox))
#22 D:/New folder (20)/New folder/sistemkpi-tlab/vendor/laravel/framework/src/Illuminate/Auth/SessionGuard.php(412): Illuminate/Support/Timebox->call(Object(Closure), 200000)
#23 D:/New folder (20)/New folder/sistemkpi-tlab/vendor/laravel/framework/src/Illuminate/Auth/AuthManager.php(340): Illuminate/Auth/SessionGuard->attempt(Array, false)
#24 D:/New folder (20)/New folder/sistemkpi-tlab/vendor/laravel/framework/src/Illuminate/Support/Facades/Facade.php(361): Illuminate/Auth/AuthManager->__call('attempt', Array)
#25 D:/New folder (20)/New folder/sistemkpi-tlab/app/Http/Controllers/AuthController.php(36): Illuminate/Support/Facades/Facade::__callStatic('attempt', Array)
#26 D:/New folder (20)/New folder/sistemkpi-tlab/vendor/laravel/framework/src/Illuminate/Routing/ControllerDispatcher.php(47): App/Http/Controllers/AuthController->login(Object(Illuminate/Http/Request))
#27 D:/New folder (20)/New folder/sistemkpi-tlab/vendor/laravel/framework/src/Illuminate/Routing/Route.php(266): Illuminate/Routing/ControllerDispatcher->dispatch(Object(Illuminate/Routing/Route), Object(App/Http/Controllers/AuthController), 'login')
#28 D:/New folder (20)/New folder/sistemkpi-tlab/vendor/laravel/framework/src/Illuminate/Routing/Route.php(212): Illuminate/Routing/Route->runController()
#29 D:/New folder (20)/New folder/sistemkpi-tlab/vendor/laravel/framework/src/Illuminate/Routing/Router.php(808): Illuminate/Routing/Route->run()
#30 D:/New folder (20)/New folder/sistemkpi-tlab/vendor/laravel/framework/src/Illuminate/Pipeline/Pipeline.php(170): Illuminate/Routing/Router->{closure:Illuminate/Routing/Router::runRouteWithinStack():807}(Object(Illuminate/Http/Request))
#31 D:/New folder (20)/New folder/sistemkpi-tlab/vendor/laravel/framework/src/Illuminate/Routing/Middleware/SubstituteBindings.php(51): Illuminate/Pipeline/Pipeline->{closure:Illuminate/Pipeline/Pipeline::prepareDestination():168}(Object(Illuminate/Http/Request))
#32 D:/New folder (20)/New folder/sistemkpi-tlab/vendor/laravel/framework/src/Illuminate/Pipeline/Pipeline.php(209): Illuminate/Routing/Middleware/SubstituteBindings->handle(Object(Illuminate/Http/Request), Object(Closure))
#33 D:/New folder (20)/New folder/sistemkpi-tlab/vendor/laravel/framework/src/Illuminate/Foundation/Http/Middleware/VerifyCsrfToken.php(88): Illuminate/Pipeline/Pipeline->{closure:{closure:Illuminate/Pipeline/Pipeline::carry():184}:185}(Object(Illuminate/Http/Request))
#34 D:/New folder (20)/New folder/sistemkpi-tlab/vendor/laravel/framework/src/Illuminate/Pipeline/Pipeline.php(209): Illuminate/Foundation/Http/Middleware/VerifyCsrfToken->handle(Object(Illuminate/Http/Request), Object(Closure))
#35 D:/New folder (20)/New folder/sistemkpi-tlab/vendor/laravel/framework/src/Illuminate/View/Middleware/ShareErrorsFromSession.php(49): Illuminate/Pipeline/Pipeline->{closure:{closure:Illuminate/Pipeline/Pipeline::carry():184}:185}(Object(Illuminate/Http/Request))
#36 D:/New folder (20)/New folder/sistemkpi-tlab/vendor/laravel/framework/src/Illuminate/Pipeline/Pipeline.php(209): Illuminate/View/Middleware/ShareErrorsFromSession->handle(Object(Illuminate/Http/Request), Object(Closure))
#37 D:/New folder (20)/New folder/sistemkpi-tlab/vendor/laravel/framework/src/Illuminate/Session/Middleware/StartSession.php(121): Illuminate/Pipeline/Pipeline->{closure:{closure:Illuminate/Pipeline/Pipeline::carry():184}:185}(Object(Illuminate/Http/Request))
#38 D:/New folder (20)/New folder/sistemkpi-tlab/vendor/laravel/framework/src/Illuminate/Session/Middleware/StartSession.php(64): Illuminate/Session/Middleware/StartSession->handleStatefulRequest(Object(Illuminate/Http/Request), Object(Illuminate/Session/Store), Object(Closure))
#39 D:/New folder (20)/New folder/sistemkpi-tlab/vendor/laravel/framework/src/Illuminate/Pipeline/Pipeline.php(209): Illuminate/Session/Middleware/StartSession->handle(Object(Illuminate/Http/Request), Object(Closure))
#40 D:/New folder (20)/New folder/sistemkpi-tlab/vendor/laravel/framework/src/Illuminate/Cookie/Middleware/AddQueuedCookiesToResponse.php(37): Illuminate/Pipeline/Pipeline->{closure:{closure:Illuminate/Pipeline/Pipeline::carry():184}:185}(Object(Illuminate/Http/Request))
#41 D:/New folder (20)/New folder/sistemkpi-tlab/vendor/laravel/framework/src/Illuminate/Pipeline/Pipeline.php(209): Illuminate/Cookie/Middleware/AddQueuedCookiesToResponse->handle(Object(Illuminate/Http/Request), Object(Closure))
#42 D:/New folder (20)/New folder/sistemkpi-tlab/vendor/laravel/framework/src/Illuminate/Cookie/Middleware/EncryptCookies.php(75): Illuminate/Pipeline/Pipeline->{closure:{closure:Illuminate/Pipeline/Pipeline::carry():184}:185}(Object(Illuminate/Http/Request))
#43 D:/New folder (20)/New folder/sistemkpi-tlab/vendor/laravel/framework/src/Illuminate/Pipeline/Pipeline.php(209): Illuminate/Cookie/Middleware/EncryptCookies->handle(Object(Illuminate/Http/Request), Object(Closure))
#44 D:/New folder (20)/New folder/sistemkpi-tlab/vendor/laravel/framework/src/Illuminate/Pipeline/Pipeline.php(127): Illuminate/Pipeline/Pipeline->{closure:{closure:Illuminate/Pipeline/Pipeline::carry():184}:185}(Object(Illuminate/Http/Request))
#45 D:/New folder (20)/New folder/sistemkpi-tlab/vendor/laravel/framework/src/Illuminate/Routing/Router.php(807): Illuminate/Pipeline/Pipeline->then(Object(Closure))
#46 D:/New folder (20)/New folder/sistemkpi-tlab/vendor/laravel/framework/src/Illuminate/Routing/Router.php(786): Illuminate/Routing/Router->runRouteWithinStack(Object(Illuminate/Routing/Route), Object(Illuminate/Http/Request))
#47 D:/New folder (20)/New folder/sistemkpi-tlab/vendor/laravel/framework/src/Illuminate/Routing/Router.php(750): Illuminate/Routing/Router->runRoute(Object(Illuminate/Http/Request), Object(Illuminate/Routing/Route))
#48 D:/New folder (20)/New folder/sistemkpi-tlab/vendor/laravel/framework/src/Illuminate/Routing/Router.php(739): Illuminate/Routing/Router->dispatchToRoute(Object(Illuminate/Http/Request))
#49 D:/New folder (20)/New folder/sistemkpi-tlab/vendor/laravel/framework/src/Illuminate/Foundation/Http/Kernel.php(201): Illuminate/Routing/Router->dispatch(Object(Illuminate/Http/Request))
#50 D:/New folder (20)/New folder/sistemkpi-tlab/vendor/laravel/framework/src/Illuminate/Pipeline/Pipeline.php(170): Illuminate/Foundation/Http/Kernel->{closure:Illuminate/Foundation/Http/Kernel::dispatchToRouter():198}(Object(Illuminate/Http/Request))
#51 D:/New folder (20)/New folder/sistemkpi-tlab/vendor/laravel/framework/src/Illuminate/Foundation/Http/Middleware/TransformsRequest.php(21): Illuminate/Pipeline/Pipeline->{closure:Illuminate/Pipeline/Pipeline::prepareDestination():168}(Object(Illuminate/Http/Request))
#52 D:/New folder (20)/New folder/sistemkpi-tlab/vendor/laravel/framework/src/Illuminate/Foundation/Http/Middleware/ConvertEmptyStringsToNull.php(31): Illuminate/Foundation/Http/Middleware/TransformsRequest->handle(Object(Illuminate/Http/Request), Object(Closure))
#53 D:/New folder (20)/New folder/sistemkpi-tlab/vendor/laravel/framework/src/Illuminate/Pipeline/Pipeline.php(209): Illuminate/Foundation/Http/Middleware/ConvertEmptyStringsToNull->handle(Object(Illuminate/Http/Request), Object(Closure))
#54 D:/New folder (20)/New folder/sistemkpi-tlab/vendor/laravel/framework/src/Illuminate/Foundation/Http/Middleware/TransformsRequest.php(21): Illuminate/Pipeline/Pipeline->{closure:{closure:Illuminate/Pipeline/Pipeline::carry():184}:185}(Object(Illuminate/Http/Request))
#55 D:/New folder (20)/New folder/sistemkpi-tlab/vendor/laravel/framework/src/Illuminate/Foundation/Http/Middleware/TrimStrings.php(51): Illuminate/Foundation/Http/Middleware/TransformsRequest->handle(Object(Illuminate/Http/Request), Object(Closure))
#56 D:/New folder (20)/New folder/sistemkpi-tlab/vendor/laravel/framework/src/Illuminate/Pipeline/Pipeline.php(209): Illuminate/Foundation/Http/Middleware/TrimStrings->handle(Object(Illuminate/Http/Request), Object(Closure))
#57 D:/New folder (20)/New folder/sistemkpi-tlab/vendor/laravel/framework/src/Illuminate/Http/Middleware/ValidatePostSize.php(27): Illuminate/Pipeline/Pipeline->{closure:{closure:Illuminate/Pipeline/Pipeline::carry():184}:185}(Object(Illuminate/Http/Request))
#58 D:/New folder (20)/New folder/sistemkpi-tlab/vendor/laravel/framework/src/Illuminate/Pipeline/Pipeline.php(209): Illuminate/Http/Middleware/ValidatePostSize->handle(Object(Illuminate/Http/Request), Object(Closure))
#59 D:/New folder (20)/New folder/sistemkpi-tlab/vendor/laravel/framework/src/Illuminate/Foundation/Http/Middleware/PreventRequestsDuringMaintenance.php(110): Illuminate/Pipeline/Pipeline->{closure:{closure:Illuminate/Pipeline/Pipeline::carry():184}:185}(Object(Illuminate/Http/Request))
#60 D:/New folder (20)/New folder/sistemkpi-tlab/vendor/laravel/framework/src/Illuminate/Pipeline/Pipeline.php(209): Illuminate/Foundation/Http/Middleware/PreventRequestsDuringMaintenance->handle(Object(Illuminate/Http/Request), Object(Closure))
#61 D:/New folder (20)/New folder/sistemkpi-tlab/vendor/laravel/framework/src/Illuminate/Http/Middleware/HandleCors.php(49): Illuminate/Pipeline/Pipeline->{closure:{closure:Illuminate/Pipeline/Pipeline::carry():184}:185}(Object(Illuminate/Http/Request))
#62 D:/New folder (20)/New folder/sistemkpi-tlab/vendor/laravel/framework/src/Illuminate/Pipeline/Pipeline.php(209): Illuminate/Http/Middleware/HandleCors->handle(Object(Illuminate/Http/Request), Object(Closure))
#63 D:/New folder (20)/New folder/sistemkpi-tlab/vendor/laravel/framework/src/Illuminate/Http/Middleware/TrustProxies.php(58): Illuminate/Pipeline/Pipeline->{closure:{closure:Illuminate/Pipeline/Pipeline::carry():184}:185}(Object(Illuminate/Http/Request))
#64 D:/New folder (20)/New folder/sistemkpi-tlab/vendor/laravel/framework/src/Illuminate/Pipeline/Pipeline.php(209): Illuminate/Http/Middleware/TrustProxies->handle(Object(Illuminate/Http/Request), Object(Closure))
#65 D:/New folder (20)/New folder/sistemkpi-tlab/vendor/laravel/framework/src/Illuminate/Foundation/Http/Middleware/InvokeDeferredCallbacks.php(22): Illuminate/Pipeline/Pipeline->{closure:{closure:Illuminate/Pipeline/Pipeline::carry():184}:185}(Object(Illuminate/Http/Request))
#66 D:/New folder (20)/New folder/sistemkpi-tlab/vendor/laravel/framework/src/Illuminate/Pipeline/Pipeline.php(209): Illuminate/Foundation/Http/Middleware/InvokeDeferredCallbacks->handle(Object(Illuminate/Http/Request), Object(Closure))
#67 D:/New folder (20)/New folder/sistemkpi-tlab/vendor/laravel/framework/src/Illuminate/Pipeline/Pipeline.php(127): Illuminate/Pipeline/Pipeline->{closure:{closure:Illuminate/Pipeline/Pipeline::carry():184}:185}(Object(Illuminate/Http/Request))
#68 D:/New folder (20)/New folder/sistemkpi-tlab/vendor/laravel/framework/src/Illuminate/Foundation/Http/Kernel.php(176): Illuminate/Pipeline/Pipeline->then(Object(Closure))
#69 D:/New folder (20)/New folder/sistemkpi-tlab/vendor/laravel/framework/src/Illuminate/Foundation/Http/Kernel.php(145): Illuminate/Foundation/Http/Kernel->sendRequestThroughRouter(Object(Illuminate/Http/Request))
#70 D:/New folder (20)/New folder/sistemkpi-tlab/vendor/laravel/framework/src/Illuminate/Foundation/Application.php(1220): Illuminate/Foundation/Http/Kernel->handle(Object(Illuminate/Http/Request))
#71 D:/New folder (20)/New folder/sistemkpi-tlab/public/index.php(17): Illuminate/Foundation/Application->handleRequest(Object(Illuminate/Http/Request))
#72 D:/New folder (20)/New folder/sistemkpi-tlab/vendor/laravel/framework/src/Illuminate/Foundation/resources/server.php(23): require_once('D://New folder (...')
#73 {main}
"} 
[2026-06-17 16:15:52] local.ERROR: SQLSTATE[HY000] [1045] Access denied for user 'root'@'localhost' (using password: YES) (Connection: mysql, SQL: select * from `users` where `email` = admin@kpi.com limit 1) {"exception":"[object] (Illuminate\\Database\\QueryException(code: 1045): SQLSTATE[HY000] [1045] Access denied for user 'root'@'localhost' (using password: YES) (Connection: mysql, SQL: select * from `users` where `email` = admin@kpi.com limit 1) at D:/New folder (20)/New folder/sistemkpi-tlab/vendor/laravel/framework/src/Illuminate/Database/Connection.php:825)
[stacktrace]
#0 D:/New folder (20)/New folder/sistemkpi-tlab/vendor/laravel/framework/src/Illuminate/Database/Connection.php(779): Illuminate/Database/Connection->runQueryCallback('select * from `...', Array, Object(Closure))
#1 D:/New folder (20)/New folder/sistemkpi-tlab/vendor/laravel/framework/src/Illuminate/Database/Connection.php(398): Illuminate/Database/Connection->run('select * from `...', Array, Object(Closure))
#2 D:/New folder (20)/New folder/sistemkpi-tlab/vendor/laravel/framework/src/Illuminate/Database/Query/Builder.php(3106): Illuminate/Database/Connection->select('select * from `...', Array, true)
#3 D:/New folder (20)/New folder/sistemkpi-tlab/vendor/laravel/framework/src/Illuminate/Database/Query/Builder.php(3091): Illuminate/Database/Query/Builder->runSelect()
#4 D:/New folder (20)/New folder/sistemkpi-tlab/vendor/laravel/framework/src/Illuminate/Database/Query/Builder.php(3676): Illuminate/Database/Query/Builder->{closure:Illuminate/Database/Query/Builder::get():3090}()
#5 D:/New folder (20)/New folder/sistemkpi-tlab/vendor/laravel/framework/src/Illuminate/Database/Query/Builder.php(3090): Illuminate/Database/Query/Builder->onceWithColumns(Array, Object(Closure))
#6 D:/New folder (20)/New folder/sistemkpi-tlab/vendor/laravel/framework/src/Illuminate/Database/Eloquent/Builder.php(811): Illuminate/Database/Query/Builder->get(Array)
#7 D:/New folder (20)/New folder/sistemkpi-tlab/vendor/laravel/framework/src/Illuminate/Database/Eloquent/Builder.php(793): Illuminate/Database/Eloquent/Builder->getModels(Array)
#8 D:/New folder (20)/New folder/sistemkpi-tlab/vendor/laravel/framework/src/Illuminate/Database/Concerns/BuildsQueries.php(343): Illuminate/Database/Eloquent/Builder->get(Array)
#9 D:/New folder (20)/New folder/sistemkpi-tlab/vendor/laravel/framework/src/Illuminate/Auth/EloquentUserProvider.php(139): Illuminate/Database/Eloquent/Builder->first()
#10 D:/New folder (20)/New folder/sistemkpi-tlab/vendor/laravel/framework/src/Illuminate/Auth/SessionGuard.php(415): Illuminate/Auth/EloquentUserProvider->retrieveByCredentials(Object(SensitiveParameterValue))
#11 D:/New folder (20)/New folder/sistemkpi-tlab/vendor/laravel/framework/src/Illuminate/Support/Timebox.php(34): Illuminate/Auth/SessionGuard->{closure:Illuminate/Auth/SessionGuard::attempt():412}(Object(Illuminate/Support/Timebox))
#12 D:/New folder (20)/New folder/sistemkpi-tlab/vendor/laravel/framework/src/Illuminate/Auth/SessionGuard.php(412): Illuminate/Support/Timebox->call(Object(Closure), 200000)
#13 D:/New folder (20)/New folder/sistemkpi-tlab/vendor/laravel/framework/src/Illuminate/Auth/AuthManager.php(340): Illuminate/Auth/SessionGuard->attempt(Array, false)
#14 D:/New folder (20)/New folder/sistemkpi-tlab/vendor/laravel/framework/src/Illuminate/Support/Facades/Facade.php(361): Illuminate/Auth/AuthManager->__call('attempt', Array)
#15 D:/New folder (20)/New folder/sistemkpi-tlab/app/Http/Controllers/AuthController.php(36): Illuminate/Support/Facades/Facade::__callStatic('attempt', Array)
#16 D:/New folder (20)/New folder/sistemkpi-tlab/vendor/laravel/framework/src/Illuminate/Routing/ControllerDispatcher.php(47): App/Http/Controllers/AuthController->login(Object(Illuminate/Http/Request))
#17 D:/New folder (20)/New folder/sistemkpi-tlab/vendor/laravel/framework/src/Illuminate/Routing/Route.php(266): Illuminate/Routing/ControllerDispatcher->dispatch(Object(Illuminate/Routing/Route), Object(App/Http/Controllers/AuthController), 'login')
#18 D:/New folder (20)/New folder/sistemkpi-tlab/vendor/laravel/framework/src/Illuminate/Routing/Route.php(212): Illuminate/Routing/Route->runController()
#19 D:/New folder (20)/New folder/sistemkpi-tlab/vendor/laravel/framework/src/Illuminate/Routing/Router.php(808): Illuminate/Routing/Route->run()
#20 D:/New folder (20)/New folder/sistemkpi-tlab/vendor/laravel/framework/src/Illuminate/Pipeline/Pipeline.php(170): Illuminate/Routing/Router->{closure:Illuminate/Routing/Router::runRouteWithinStack():807}(Object(Illuminate/Http/Request))
#21 D:/New folder (20)/New folder/sistemkpi-tlab/vendor/laravel/framework/src/Illuminate/Routing/Middleware/SubstituteBindings.php(51): Illuminate/Pipeline/Pipeline->{closure:Illuminate/Pipeline/Pipeline::prepareDestination():168}(Object(Illuminate/Http/Request))
#22 D:/New folder (20)/New folder/sistemkpi-tlab/vendor/laravel/framework/src/Illuminate/Pipeline/Pipeline.php(209): Illuminate/Routing/Middleware/SubstituteBindings->handle(Object(Illuminate/Http/Request), Object(Closure))
#23 D:/New folder (20)/New folder/sistemkpi-tlab/vendor/laravel/framework/src/Illuminate/Foundation/Http/Middleware/VerifyCsrfToken.php(88): Illuminate/Pipeline/Pipeline->{closure:{closure:Illuminate/Pipeline/Pipeline::carry():184}:185}(Object(Illuminate/Http/Request))
#24 D:/New folder (20)/New folder/sistemkpi-tlab/vendor/laravel/framework/src/Illuminate/Pipeline/Pipeline.php(209): Illuminate/Foundation/Http/Middleware/VerifyCsrfToken->handle(Object(Illuminate/Http/Request), Object(Closure))
#25 D:/New folder (20)/New folder/sistemkpi-tlab/vendor/laravel/framework/src/Illuminate/View/Middleware/ShareErrorsFromSession.php(49): Illuminate/Pipeline/Pipeline->{closure:{closure:Illuminate/Pipeline/Pipeline::carry():184}:185}(Object(Illuminate/Http/Request))
#26 D:/New folder (20)/New folder/sistemkpi-tlab/vendor/laravel/framework/src/Illuminate/Pipeline/Pipeline.php(209): Illuminate/View/Middleware/ShareErrorsFromSession->handle(Object(Illuminate/Http/Request), Object(Closure))
#27 D:/New folder (20)/New folder/sistemkpi-tlab/vendor/laravel/framework/src/Illuminate/Session/Middleware/StartSession.php(121): Illuminate/Pipeline/Pipeline->{closure:{closure:Illuminate/Pipeline/Pipeline::carry():184}:185}(Object(Illuminate/Http/Request))
#28 D:/New folder (20)/New folder/sistemkpi-tlab/vendor/laravel/framework/src/Illuminate/Session/Middleware/StartSession.php(64): Illuminate/Session/Middleware/StartSession->handleStatefulRequest(Object(Illuminate/Http/Request), Object(Illuminate/Session/Store), Object(Closure))
#29 D:/New folder (20)/New folder/sistemkpi-tlab/vendor/laravel/framework/src/Illuminate/Pipeline/Pipeline.php(209): Illuminate/Session/Middleware/StartSession->handle(Object(Illuminate/Http/Request), Object(Closure))
#30 D:/New folder (20)/New folder/sistemkpi-tlab/vendor/laravel/framework/src/Illuminate/Cookie/Middleware/AddQueuedCookiesToResponse.php(37): Illuminate/Pipeline/Pipeline->{closure:{closure:Illuminate/Pipeline/Pipeline::carry():184}:185}(Object(Illuminate/Http/Request))
#31 D:/New folder (20)/New folder/sistemkpi-tlab/vendor/laravel/framework/src/Illuminate/Pipeline/Pipeline.php(209): Illuminate/Cookie/Middleware/AddQueuedCookiesToResponse->handle(Object(Illuminate/Http/Request), Object(Closure))
#32 D:/New folder (20)/New folder/sistemkpi-tlab/vendor/laravel/framework/src/Illuminate/Cookie/Middleware/EncryptCookies.php(75): Illuminate/Pipeline/Pipeline->{closure:{closure:Illuminate/Pipeline/Pipeline::carry():184}:185}(Object(Illuminate/Http/Request))
#33 D:/New folder (20)/New folder/sistemkpi-tlab/vendor/laravel/framework/src/Illuminate/Pipeline/Pipeline.php(209): Illuminate/Cookie/Middleware/EncryptCookies->handle(Object(Illuminate/Http/Request), Object(Closure))
#34 D:/New folder (20)/New folder/sistemkpi-tlab/vendor/laravel/framework/src/Illuminate/Pipeline/Pipeline.php(127): Illuminate/Pipeline/Pipeline->{closure:{closure:Illuminate/Pipeline/Pipeline::carry():184}:185}(Object(Illuminate/Http/Request))
#35 D:/New folder (20)/New folder/sistemkpi-tlab/vendor/laravel/framework/src/Illuminate/Routing/Router.php(807): Illuminate/Pipeline/Pipeline->then(Object(Closure))
#36 D:/New folder (20)/New folder/sistemkpi-tlab/vendor/laravel/framework/src/Illuminate/Routing/Router.php(786): Illuminate/Routing/Router->runRouteWithinStack(Object(Illuminate/Routing/Route), Object(Illuminate/Http/Request))
#37 D:/New folder (20)/New folder/sistemkpi-tlab/vendor/laravel/framework/src/Illuminate/Routing/Router.php(750): Illuminate/Routing/Router->runRoute(Object(Illuminate/Http/Request), Object(Illuminate/Routing/Route))
#38 D:/New folder (20)/New folder/sistemkpi-tlab/vendor/laravel/framework/src/Illuminate/Routing/Router.php(739): Illuminate/Routing/Router->dispatchToRoute(Object(Illuminate/Http/Request))
#39 D:/New folder (20)/New folder/sistemkpi-tlab/vendor/laravel/framework/src/Illuminate/Foundation/Http/Kernel.php(201): Illuminate/Routing/Router->dispatch(Object(Illuminate/Http/Request))
#40 D:/New folder (20)/New folder/sistemkpi-tlab/vendor/laravel/framework/src/Illuminate/Pipeline/Pipeline.php(170): Illuminate/Foundation/Http/Kernel->{closure:Illuminate/Foundation/Http/Kernel::dispatchToRouter():198}(Object(Illuminate/Http/Request))
#41 D:/New folder (20)/New folder/sistemkpi-tlab/vendor/laravel/framework/src/Illuminate/Foundation/Http/Middleware/TransformsRequest.php(21): Illuminate/Pipeline/Pipeline->{closure:Illuminate/Pipeline/Pipeline::prepareDestination():168}(Object(Illuminate/Http/Request))
#42 D:/New folder (20)/New folder/sistemkpi-tlab/vendor/laravel/framework/src/Illuminate/Foundation/Http/Middleware/ConvertEmptyStringsToNull.php(31): Illuminate/Foundation/Http/Middleware/TransformsRequest->handle(Object(Illuminate/Http/Request), Object(Closure))
#43 D:/New folder (20)/New folder/sistemkpi-tlab/vendor/laravel/framework/src/Illuminate/Pipeline/Pipeline.php(209): Illuminate/Foundation/Http/Middleware/ConvertEmptyStringsToNull->handle(Object(Illuminate/Http/Request), Object(Closure))
#44 D:/New folder (20)/New folder/sistemkpi-tlab/vendor/laravel/framework/src/Illuminate/Foundation/Http/Middleware/TransformsRequest.php(21): Illuminate/Pipeline/Pipeline->{closure:{closure:Illuminate/Pipeline/Pipeline::carry():184}:185}(Object(Illuminate/Http/Request))
#45 D:/New folder (20)/New folder/sistemkpi-tlab/vendor/laravel/framework/src/Illuminate/Foundation/Http/Middleware/TrimStrings.php(51): Illuminate/Foundation/Http/Middleware/TransformsRequest->handle(Object(Illuminate/Http/Request), Object(Closure))
#46 D:/New folder (20)/New folder/sistemkpi-tlab/vendor/laravel/framework/src/Illuminate/Pipeline/Pipeline.php(209): Illuminate/Foundation/Http/Middleware/TrimStrings->handle(Object(Illuminate/Http/Request), Object(Closure))
#47 D:/New folder (20)/New folder/sistemkpi-tlab/vendor/laravel/framework/src/Illuminate/Http/Middleware/ValidatePostSize.php(27): Illuminate/Pipeline/Pipeline->{closure:{closure:Illuminate/Pipeline/Pipeline::carry():184}:185}(Object(Illuminate/Http/Request))
#48 D:/New folder (20)/New folder/sistemkpi-tlab/vendor/laravel/framework/src/Illuminate/Pipeline/Pipeline.php(209): Illuminate/Http/Middleware/ValidatePostSize->handle(Object(Illuminate/Http/Request), Object(Closure))
#49 D:/New folder (20)/New folder/sistemkpi-tlab/vendor/laravel/framework/src/Illuminate/Foundation/Http/Middleware/PreventRequestsDuringMaintenance.php(110): Illuminate/Pipeline/Pipeline->{closure:{closure:Illuminate/Pipeline/Pipeline::carry():184}:185}(Object(Illuminate/Http/Request))
#50 D:/New folder (20)/New folder/sistemkpi-tlab/vendor/laravel/framework/src/Illuminate/Pipeline/Pipeline.php(209): Illuminate/Foundation/Http/Middleware/PreventRequestsDuringMaintenance->handle(Object(Illuminate/Http/Request), Object(Closure))
#51 D:/New folder (20)/New folder/sistemkpi-tlab/vendor/laravel/framework/src/Illuminate/Http/Middleware/HandleCors.php(49): Illuminate/Pipeline/Pipeline->{closure:{closure:Illuminate/Pipeline/Pipeline::carry():184}:185}(Object(Illuminate/Http/Request))
#52 D:/New folder (20)/New folder/sistemkpi-tlab/vendor/laravel/framework/src/Illuminate/Pipeline/Pipeline.php(209): Illuminate/Http/Middleware/HandleCors->handle(Object(Illuminate/Http/Request), Object(Closure))
#53 D:/New folder (20)/New folder/sistemkpi-tlab/vendor/laravel/framework/src/Illuminate/Http/Middleware/TrustProxies.php(58): Illuminate/Pipeline/Pipeline->{closure:{closure:Illuminate/Pipeline/Pipeline::carry():184}:185}(Object(Illuminate/Http/Request))
#54 D:/New folder (20)/New folder/sistemkpi-tlab/vendor/laravel/framework/src/Illuminate/Pipeline/Pipeline.php(209): Illuminate/Http/Middleware/TrustProxies->handle(Object(Illuminate/Http/Request), Object(Closure))
#55 D:/New folder (20)/New folder/sistemkpi-tlab/vendor/laravel/framework/src/Illuminate/Foundation/Http/Middleware/InvokeDeferredCallbacks.php(22): Illuminate/Pipeline/Pipeline->{closure:{closure:Illuminate/Pipeline/Pipeline::carry():184}:185}(Object(Illuminate/Http/Request))
#56 D:/New folder (20)/New folder/sistemkpi-tlab/vendor/laravel/framework/src/Illuminate/Pipeline/Pipeline.php(209): Illuminate/Foundation/Http/Middleware/InvokeDeferredCallbacks->handle(Object(Illuminate/Http/Request), Object(Closure))
#57 D:/New folder (20)/New folder/sistemkpi-tlab/vendor/laravel/framework/src/Illuminate/Pipeline/Pipeline.php(127): Illuminate/Pipeline/Pipeline->{closure:{closure:Illuminate/Pipeline/Pipeline::carry():184}:185}(Object(Illuminate/Http/Request))
#58 D:/New folder (20)/New folder/sistemkpi-tlab/vendor/laravel/framework/src/Illuminate/Foundation/Http/Kernel.php(176): Illuminate/Pipeline/Pipeline->then(Object(Closure))
#59 D:/New folder (20)/New folder/sistemkpi-tlab/vendor/laravel/framework/src/Illuminate/Foundation/Http/Kernel.php(145): Illuminate/Foundation/Http/Kernel->sendRequestThroughRouter(Object(Illuminate/Http/Request))
#60 D:/New folder (20)/New folder/sistemkpi-tlab/vendor/laravel/framework/src/Illuminate/Foundation/Application.php(1220): Illuminate/Foundation/Http/Kernel->handle(Object(Illuminate/Http/Request))
#61 D:/New folder (20)/New folder/sistemkpi-tlab/public/index.php(17): Illuminate/Foundation/Application->handleRequest(Object(Illuminate/Http/Request))
#62 D:/New folder (20)/New folder/sistemkpi-tlab/vendor/laravel/framework/src/Illuminate/Foundation/resources/server.php(23): require_once('D://New folder (...')
#63 {main}

[previous exception] [object] (PDOException(code: 1045): SQLSTATE[HY000] [1045] Access denied for user 'root'@'localhost' (using password: YES) at D:/New folder (20)/New folder/sistemkpi-tlab/vendor/laravel/framework/src/Illuminate/Database/Connectors/Connector.php:67)
[stacktrace]
#0 D:/New folder (20)/New folder/sistemkpi-tlab/vendor/laravel/framework/src/Illuminate/Database/Connectors/Connector.php(67): PDO::connect('mysql:host=127....', 'root', Object(SensitiveParameterValue), Array)
#1 D:/New folder (20)/New folder/sistemkpi-tlab/vendor/laravel/framework/src/Illuminate/Database/Connectors/Connector.php(44): Illuminate/Database/Connectors/Connector->createPdoConnection('mysql:host=127....', 'root', Object(SensitiveParameterValue), Array)
#2 D:/New folder (20)/New folder/sistemkpi-tlab/vendor/laravel/framework/src/Illuminate/Database/Connectors/MySqlConnector.php(24): Illuminate/Database/Connectors/Connector->createConnection('mysql:host=127....', Array, Array)
#3 D:/New folder (20)/New folder/sistemkpi-tlab/vendor/laravel/framework/src/Illuminate/Database/Connectors/ConnectionFactory.php(185): Illuminate/Database/Connectors/MySqlConnector->connect(Array)
#4 [internal function]: Illuminate/Database/Connectors/ConnectionFactory->{closure:Illuminate/Database/Connectors/ConnectionFactory::createPdoResolverWithHosts():180}()
#5 D:/New folder (20)/New folder/sistemkpi-tlab/vendor/laravel/framework/src/Illuminate/Database/Connection.php(1231): call_user_func(Object(Closure))
#6 D:/New folder (20)/New folder/sistemkpi-tlab/vendor/laravel/framework/src/Illuminate/Database/Connection.php(1267): Illuminate/Database/Connection->getPdo()
#7 D:/New folder (20)/New folder/sistemkpi-tlab/vendor/laravel/framework/src/Illuminate/Database/Connection.php(512): Illuminate/Database/Connection->getReadPdo()
#8 D:/New folder (20)/New folder/sistemkpi-tlab/vendor/laravel/framework/src/Illuminate/Database/Connection.php(407): Illuminate/Database/Connection->getPdoForSelect(true)
#9 D:/New folder (20)/New folder/sistemkpi-tlab/vendor/laravel/framework/src/Illuminate/Database/Connection.php(812): Illuminate/Database/Connection->{closure:Illuminate/Database/Connection::select():398}('select * from `...', Array)
#10 D:/New folder (20)/New folder/sistemkpi-tlab/vendor/laravel/framework/src/Illuminate/Database/Connection.php(779): Illuminate/Database/Connection->runQueryCallback('select * from `...', Array, Object(Closure))
#11 D:/New folder (20)/New folder/sistemkpi-tlab/vendor/laravel/framework/src/Illuminate/Database/Connection.php(398): Illuminate/Database/Connection->run('select * from `...', Array, Object(Closure))
#12 D:/New folder (20)/New folder/sistemkpi-tlab/vendor/laravel/framework/src/Illuminate/Database/Query/Builder.php(3106): Illuminate/Database/Connection->select('select * from `...', Array, true)
#13 D:/New folder (20)/New folder/sistemkpi-tlab/vendor/laravel/framework/src/Illuminate/Database/Query/Builder.php(3091): Illuminate/Database/Query/Builder->runSelect()
#14 D:/New folder (20)/New folder/sistemkpi-tlab/vendor/laravel/framework/src/Illuminate/Database/Query/Builder.php(3676): Illuminate/Database/Query/Builder->{closure:Illuminate/Database/Query/Builder::get():3090}()
#15 D:/New folder (20)/New folder/sistemkpi-tlab/vendor/laravel/framework/src/Illuminate/Database/Query/Builder.php(3090): Illuminate/Database/Query/Builder->onceWithColumns(Array, Object(Closure))
#16 D:/New folder (20)/New folder/sistemkpi-tlab/vendor/laravel/framework/src/Illuminate/Database/Eloquent/Builder.php(811): Illuminate/Database/Query/Builder->get(Array)
#17 D:/New folder (20)/New folder/sistemkpi-tlab/vendor/laravel/framework/src/Illuminate/Database/Eloquent/Builder.php(793): Illuminate/Database/Eloquent/Builder->getModels(Array)
#18 D:/New folder (20)/New folder/sistemkpi-tlab/vendor/laravel/framework/src/Illuminate/Database/Concerns/BuildsQueries.php(343): Illuminate/Database/Eloquent/Builder->get(Array)
#19 D:/New folder (20)/New folder/sistemkpi-tlab/vendor/laravel/framework/src/Illuminate/Auth/EloquentUserProvider.php(139): Illuminate/Database/Eloquent/Builder->first()
#20 D:/New folder (20)/New folder/sistemkpi-tlab/vendor/laravel/framework/src/Illuminate/Auth/SessionGuard.php(415): Illuminate/Auth/EloquentUserProvider->retrieveByCredentials(Object(SensitiveParameterValue))
#21 D:/New folder (20)/New folder/sistemkpi-tlab/vendor/laravel/framework/src/Illuminate/Support/Timebox.php(34): Illuminate/Auth/SessionGuard->{closure:Illuminate/Auth/SessionGuard::attempt():412}(Object(Illuminate/Support/Timebox))
#22 D:/New folder (20)/New folder/sistemkpi-tlab/vendor/laravel/framework/src/Illuminate/Auth/SessionGuard.php(412): Illuminate/Support/Timebox->call(Object(Closure), 200000)
#23 D:/New folder (20)/New folder/sistemkpi-tlab/vendor/laravel/framework/src/Illuminate/Auth/AuthManager.php(340): Illuminate/Auth/SessionGuard->attempt(Array, false)
#24 D:/New folder (20)/New folder/sistemkpi-tlab/vendor/laravel/framework/src/Illuminate/Support/Facades/Facade.php(361): Illuminate/Auth/AuthManager->__call('attempt', Array)
#25 D:/New folder (20)/New folder/sistemkpi-tlab/app/Http/Controllers/AuthController.php(36): Illuminate/Support/Facades/Facade::__callStatic('attempt', Array)
#26 D:/New folder (20)/New folder/sistemkpi-tlab/vendor/laravel/framework/src/Illuminate/Routing/ControllerDispatcher.php(47): App/Http/Controllers/AuthController->login(Object(Illuminate/Http/Request))
#27 D:/New folder (20)/New folder/sistemkpi-tlab/vendor/laravel/framework/src/Illuminate/Routing/Route.php(266): Illuminate/Routing/ControllerDispatcher->dispatch(Object(Illuminate/Routing/Route), Object(App/Http/Controllers/AuthController), 'login')
#28 D:/New folder (20)/New folder/sistemkpi-tlab/vendor/laravel/framework/src/Illuminate/Routing/Route.php(212): Illuminate/Routing/Route->runController()
#29 D:/New folder (20)/New folder/sistemkpi-tlab/vendor/laravel/framework/src/Illuminate/Routing/Router.php(808): Illuminate/Routing/Route->run()
#30 D:/New folder (20)/New folder/sistemkpi-tlab/vendor/laravel/framework/src/Illuminate/Pipeline/Pipeline.php(170): Illuminate/Routing/Router->{closure:Illuminate/Routing/Router::runRouteWithinStack():807}(Object(Illuminate/Http/Request))
#31 D:/New folder (20)/New folder/sistemkpi-tlab/vendor/laravel/framework/src/Illuminate/Routing/Middleware/SubstituteBindings.php(51): Illuminate/Pipeline/Pipeline->{closure:Illuminate/Pipeline/Pipeline::prepareDestination():168}(Object(Illuminate/Http/Request))
#32 D:/New folder (20)/New folder/sistemkpi-tlab/vendor/laravel/framework/src/Illuminate/Pipeline/Pipeline.php(209): Illuminate/Routing/Middleware/SubstituteBindings->handle(Object(Illuminate/Http/Request), Object(Closure))
#33 D:/New folder (20)/New folder/sistemkpi-tlab/vendor/laravel/framework/src/Illuminate/Foundation/Http/Middleware/VerifyCsrfToken.php(88): Illuminate/Pipeline/Pipeline->{closure:{closure:Illuminate/Pipeline/Pipeline::carry():184}:185}(Object(Illuminate/Http/Request))
#34 D:/New folder (20)/New folder/sistemkpi-tlab/vendor/laravel/framework/src/Illuminate/Pipeline/Pipeline.php(209): Illuminate/Foundation/Http/Middleware/VerifyCsrfToken->handle(Object(Illuminate/Http/Request), Object(Closure))
#35 D:/New folder (20)/New folder/sistemkpi-tlab/vendor/laravel/framework/src/Illuminate/View/Middleware/ShareErrorsFromSession.php(49): Illuminate/Pipeline/Pipeline->{closure:{closure:Illuminate/Pipeline/Pipeline::carry():184}:185}(Object(Illuminate/Http/Request))
#36 D:/New folder (20)/New folder/sistemkpi-tlab/vendor/laravel/framework/src/Illuminate/Pipeline/Pipeline.php(209): Illuminate/View/Middleware/ShareErrorsFromSession->handle(Object(Illuminate/Http/Request), Object(Closure))
#37 D:/New folder (20)/New folder/sistemkpi-tlab/vendor/laravel/framework/src/Illuminate/Session/Middleware/StartSession.php(121): Illuminate/Pipeline/Pipeline->{closure:{closure:Illuminate/Pipeline/Pipeline::carry():184}:185}(Object(Illuminate/Http/Request))
#38 D:/New folder (20)/New folder/sistemkpi-tlab/vendor/laravel/framework/src/Illuminate/Session/Middleware/StartSession.php(64): Illuminate/Session/Middleware/StartSession->handleStatefulRequest(Object(Illuminate/Http/Request), Object(Illuminate/Session/Store), Object(Closure))
#39 D:/New folder (20)/New folder/sistemkpi-tlab/vendor/laravel/framework/src/Illuminate/Pipeline/Pipeline.php(209): Illuminate/Session/Middleware/StartSession->handle(Object(Illuminate/Http/Request), Object(Closure))
#40 D:/New folder (20)/New folder/sistemkpi-tlab/vendor/laravel/framework/src/Illuminate/Cookie/Middleware/AddQueuedCookiesToResponse.php(37): Illuminate/Pipeline/Pipeline->{closure:{closure:Illuminate/Pipeline/Pipeline::carry():184}:185}(Object(Illuminate/Http/Request))
#41 D:/New folder (20)/New folder/sistemkpi-tlab/vendor/laravel/framework/src/Illuminate/Pipeline/Pipeline.php(209): Illuminate/Cookie/Middleware/AddQueuedCookiesToResponse->handle(Object(Illuminate/Http/Request), Object(Closure))
#42 D:/New folder (20)/New folder/sistemkpi-tlab/vendor/laravel/framework/src/Illuminate/Cookie/Middleware/EncryptCookies.php(75): Illuminate/Pipeline/Pipeline->{closure:{closure:Illuminate/Pipeline/Pipeline::carry():184}:185}(Object(Illuminate/Http/Request))
#43 D:/New folder (20)/New folder/sistemkpi-tlab/vendor/laravel/framework/src/Illuminate/Pipeline/Pipeline.php(209): Illuminate/Cookie/Middleware/EncryptCookies->handle(Object(Illuminate/Http/Request), Object(Closure))
#44 D:/New folder (20)/New folder/sistemkpi-tlab/vendor/laravel/framework/src/Illuminate/Pipeline/Pipeline.php(127): Illuminate/Pipeline/Pipeline->{closure:{closure:Illuminate/Pipeline/Pipeline::carry():184}:185}(Object(Illuminate/Http/Request))
#45 D:/New folder (20)/New folder/sistemkpi-tlab/vendor/laravel/framework/src/Illuminate/Routing/Router.php(807): Illuminate/Pipeline/Pipeline->then(Object(Closure))
#46 D:/New folder (20)/New folder/sistemkpi-tlab/vendor/laravel/framework/src/Illuminate/Routing/Router.php(786): Illuminate/Routing/Router->runRouteWithinStack(Object(Illuminate/Routing/Route), Object(Illuminate/Http/Request))
#47 D:/New folder (20)/New folder/sistemkpi-tlab/vendor/laravel/framework/src/Illuminate/Routing/Router.php(750): Illuminate/Routing/Router->runRoute(Object(Illuminate/Http/Request), Object(Illuminate/Routing/Route))
#48 D:/New folder (20)/New folder/sistemkpi-tlab/vendor/laravel/framework/src/Illuminate/Routing/Router.php(739): Illuminate/Routing/Router->dispatchToRoute(Object(Illuminate/Http/Request))
#49 D:/New folder (20)/New folder/sistemkpi-tlab/vendor/laravel/framework/src/Illuminate/Foundation/Http/Kernel.php(201): Illuminate/Routing/Router->dispatch(Object(Illuminate/Http/Request))
#50 D:/New folder (20)/New folder/sistemkpi-tlab/vendor/laravel/framework/src/Illuminate/Pipeline/Pipeline.php(170): Illuminate/Foundation/Http/Kernel->{closure:Illuminate/Foundation/Http/Kernel::dispatchToRouter():198}(Object(Illuminate/Http/Request))
#51 D:/New folder (20)/New folder/sistemkpi-tlab/vendor/laravel/framework/src/Illuminate/Foundation/Http/Middleware/TransformsRequest.php(21): Illuminate/Pipeline/Pipeline->{closure:Illuminate/Pipeline/Pipeline::prepareDestination():168}(Object(Illuminate/Http/Request))
#52 D:/New folder (20)/New folder/sistemkpi-tlab/vendor/laravel/framework/src/Illuminate/Foundation/Http/Middleware/ConvertEmptyStringsToNull.php(31): Illuminate/Foundation/Http/Middleware/TransformsRequest->handle(Object(Illuminate/Http/Request), Object(Closure))
#53 D:/New folder (20)/New folder/sistemkpi-tlab/vendor/laravel/framework/src/Illuminate/Pipeline/Pipeline.php(209): Illuminate/Foundation/Http/Middleware/ConvertEmptyStringsToNull->handle(Object(Illuminate/Http/Request), Object(Closure))
#54 D:/New folder (20)/New folder/sistemkpi-tlab/vendor/laravel/framework/src/Illuminate/Foundation/Http/Middleware/TransformsRequest.php(21): Illuminate/Pipeline/Pipeline->{closure:{closure:Illuminate/Pipeline/Pipeline::carry():184}:185}(Object(Illuminate/Http/Request))
#55 D:/New folder (20)/New folder/sistemkpi-tlab/vendor/laravel/framework/src/Illuminate/Foundation/Http/Middleware/TrimStrings.php(51): Illuminate/Foundation/Http/Middleware/TransformsRequest->handle(Object(Illuminate/Http/Request), Object(Closure))
#56 D:/New folder (20)/New folder/sistemkpi-tlab/vendor/laravel/framework/src/Illuminate/Pipeline/Pipeline.php(209): Illuminate/Foundation/Http/Middleware/TrimStrings->handle(Object(Illuminate/Http/Request), Object(Closure))
#57 D:/New folder (20)/New folder/sistemkpi-tlab/vendor/laravel/framework/src/Illuminate/Http/Middleware/ValidatePostSize.php(27): Illuminate/Pipeline/Pipeline->{closure:{closure:Illuminate/Pipeline/Pipeline::carry():184}:185}(Object(Illuminate/Http/Request))
#58 D:/New folder (20)/New folder/sistemkpi-tlab/vendor/laravel/framework/src/Illuminate/Pipeline/Pipeline.php(209): Illuminate/Http/Middleware/ValidatePostSize->handle(Object(Illuminate/Http/Request), Object(Closure))
#59 D:/New folder (20)/New folder/sistemkpi-tlab/vendor/laravel/framework/src/Illuminate/Foundation/Http/Middleware/PreventRequestsDuringMaintenance.php(110): Illuminate/Pipeline/Pipeline->{closure:{closure:Illuminate/Pipeline/Pipeline::carry():184}:185}(Object(Illuminate/Http/Request))
#60 D:/New folder (20)/New folder/sistemkpi-tlab/vendor/laravel/framework/src/Illuminate/Pipeline/Pipeline.php(209): Illuminate/Foundation/Http/Middleware/PreventRequestsDuringMaintenance->handle(Object(Illuminate/Http/Request), Object(Closure))
#61 D:/New folder (20)/New folder/sistemkpi-tlab/vendor/laravel/framework/src/Illuminate/Http/Middleware/HandleCors.php(49): Illuminate/Pipeline/Pipeline->{closure:{closure:Illuminate/Pipeline/Pipeline::carry():184}:185}(Object(Illuminate/Http/Request))
#62 D:/New folder (20)/New folder/sistemkpi-tlab/vendor/laravel/framework/src/Illuminate/Pipeline/Pipeline.php(209): Illuminate/Http/Middleware/HandleCors->handle(Object(Illuminate/Http/Request), Object(Closure))
#63 D:/New folder (20)/New folder/sistemkpi-tlab/vendor/laravel/framework/src/Illuminate/Http/Middleware/TrustProxies.php(58): Illuminate/Pipeline/Pipeline->{closure:{closure:Illuminate/Pipeline/Pipeline::carry():184}:185}(Object(Illuminate/Http/Request))
#64 D:/New folder (20)/New folder/sistemkpi-tlab/vendor/laravel/framework/src/Illuminate/Pipeline/Pipeline.php(209): Illuminate/Http/Middleware/TrustProxies->handle(Object(Illuminate/Http/Request), Object(Closure))
#65 D:/New folder (20)/New folder/sistemkpi-tlab/vendor/laravel/framework/src/Illuminate/Foundation/Http/Middleware/InvokeDeferredCallbacks.php(22): Illuminate/Pipeline/Pipeline->{closure:{closure:Illuminate/Pipeline/Pipeline::carry():184}:185}(Object(Illuminate/Http/Request))
#66 D:/New folder (20)/New folder/sistemkpi-tlab/vendor/laravel/framework/src/Illuminate/Pipeline/Pipeline.php(209): Illuminate/Foundation/Http/Middleware/InvokeDeferredCallbacks->handle(Object(Illuminate/Http/Request), Object(Closure))
#67 D:/New folder (20)/New folder/sistemkpi-tlab/vendor/laravel/framework/src/Illuminate/Pipeline/Pipeline.php(127): Illuminate/Pipeline/Pipeline->{closure:{closure:Illuminate/Pipeline/Pipeline::carry():184}:185}(Object(Illuminate/Http/Request))
#68 D:/New folder (20)/New folder/sistemkpi-tlab/vendor/laravel/framework/src/Illuminate/Foundation/Http/Kernel.php(176): Illuminate/Pipeline/Pipeline->then(Object(Closure))
#69 D:/New folder (20)/New folder/sistemkpi-tlab/vendor/laravel/framework/src/Illuminate/Foundation/Http/Kernel.php(145): Illuminate/Foundation/Http/Kernel->sendRequestThroughRouter(Object(Illuminate/Http/Request))
#70 D:/New folder (20)/New folder/sistemkpi-tlab/vendor/laravel/framework/src/Illuminate/Foundation/Application.php(1220): Illuminate/Foundation/Http/Kernel->handle(Object(Illuminate/Http/Request))
#71 D:/New folder (20)/New folder/sistemkpi-tlab/public/index.php(17): Illuminate/Foundation/Application->handleRequest(Object(Illuminate/Http/Request))
#72 D:/New folder (20)/New folder/sistemkpi-tlab/vendor/laravel/framework/src/Illuminate/Foundation/resources/server.php(23): require_once('D://New folder (...')
#73 {main}
"} 
[2026-06-19 11:04:28] local.ERROR: SQLSTATE[HY000] [1045] Access denied for user 'root'@'localhost' (using password: YES) (Connection: mysql, SQL: select * from `users` where `email` = budi@example.com limit 1) {"exception":"[object] (Illuminate\\Database\\QueryException(code: 1045): SQLSTATE[HY000] [1045] Access denied for user 'root'@'localhost' (using password: YES) (Connection: mysql, SQL: select * from `users` where `email` = budi@example.com limit 1) at D:/New folder (20)/New folder/sistemkpi-tlab/vendor/laravel/framework/src/Illuminate/Database/Connection.php:825)
[stacktrace]
#0 D:/New folder (20)/New folder/sistemkpi-tlab/vendor/laravel/framework/src/Illuminate/Database/Connection.php(779): Illuminate/Database/Connection->runQueryCallback('select * from `...', Array, Object(Closure))
#1 D:/New folder (20)/New folder/sistemkpi-tlab/vendor/laravel/framework/src/Illuminate/Database/Connection.php(398): Illuminate/Database/Connection->run('select * from `...', Array, Object(Closure))
#2 D:/New folder (20)/New folder/sistemkpi-tlab/vendor/laravel/framework/src/Illuminate/Database/Query/Builder.php(3106): Illuminate/Database/Connection->select('select * from `...', Array, true)
#3 D:/New folder (20)/New folder/sistemkpi-tlab/vendor/laravel/framework/src/Illuminate/Database/Query/Builder.php(3091): Illuminate/Database/Query/Builder->runSelect()
#4 D:/New folder (20)/New folder/sistemkpi-tlab/vendor/laravel/framework/src/Illuminate/Database/Query/Builder.php(3676): Illuminate/Database/Query/Builder->{closure:Illuminate/Database/Query/Builder::get():3090}()
#5 D:/New folder (20)/New folder/sistemkpi-tlab/vendor/laravel/framework/src/Illuminate/Database/Query/Builder.php(3090): Illuminate/Database/Query/Builder->onceWithColumns(Array, Object(Closure))
#6 D:/New folder (20)/New folder/sistemkpi-tlab/vendor/laravel/framework/src/Illuminate/Database/Eloquent/Builder.php(811): Illuminate/Database/Query/Builder->get(Array)
#7 D:/New folder (20)/New folder/sistemkpi-tlab/vendor/laravel/framework/src/Illuminate/Database/Eloquent/Builder.php(793): Illuminate/Database/Eloquent/Builder->getModels(Array)
#8 D:/New folder (20)/New folder/sistemkpi-tlab/vendor/laravel/framework/src/Illuminate/Database/Concerns/BuildsQueries.php(343): Illuminate/Database/Eloquent/Builder->get(Array)
#9 D:/New folder (20)/New folder/sistemkpi-tlab/vendor/laravel/framework/src/Illuminate/Auth/EloquentUserProvider.php(139): Illuminate/Database/Eloquent/Builder->first()
#10 D:/New folder (20)/New folder/sistemkpi-tlab/vendor/laravel/framework/src/Illuminate/Auth/SessionGuard.php(415): Illuminate/Auth/EloquentUserProvider->retrieveByCredentials(Object(SensitiveParameterValue))
#11 D:/New folder (20)/New folder/sistemkpi-tlab/vendor/laravel/framework/src/Illuminate/Support/Timebox.php(34): Illuminate/Auth/SessionGuard->{closure:Illuminate/Auth/SessionGuard::attempt():412}(Object(Illuminate/Support/Timebox))
#12 D:/New folder (20)/New folder/sistemkpi-tlab/vendor/laravel/framework/src/Illuminate/Auth/SessionGuard.php(412): Illuminate/Support/Timebox->call(Object(Closure), 200000)
#13 D:/New folder (20)/New folder/sistemkpi-tlab/vendor/laravel/framework/src/Illuminate/Auth/AuthManager.php(340): Illuminate/Auth/SessionGuard->attempt(Array, false)
#14 D:/New folder (20)/New folder/sistemkpi-tlab/vendor/laravel/framework/src/Illuminate/Support/Facades/Facade.php(361): Illuminate/Auth/AuthManager->__call('attempt', Array)
#15 D:/New folder (20)/New folder/sistemkpi-tlab/app/Http/Controllers/AuthController.php(36): Illuminate/Support/Facades/Facade::__callStatic('attempt', Array)
#16 D:/New folder (20)/New folder/sistemkpi-tlab/vendor/laravel/framework/src/Illuminate/Routing/ControllerDispatcher.php(47): App/Http/Controllers/AuthController->login(Object(Illuminate/Http/Request))
#17 D:/New folder (20)/New folder/sistemkpi-tlab/vendor/laravel/framework/src/Illuminate/Routing/Route.php(266): Illuminate/Routing/ControllerDispatcher->dispatch(Object(Illuminate/Routing/Route), Object(App/Http/Controllers/AuthController), 'login')
#18 D:/New folder (20)/New folder/sistemkpi-tlab/vendor/laravel/framework/src/Illuminate/Routing/Route.php(212): Illuminate/Routing/Route->runController()
#19 D:/New folder (20)/New folder/sistemkpi-tlab/vendor/laravel/framework/src/Illuminate/Routing/Router.php(808): Illuminate/Routing/Route->run()
#20 D:/New folder (20)/New folder/sistemkpi-tlab/vendor/laravel/framework/src/Illuminate/Pipeline/Pipeline.php(170): Illuminate/Routing/Router->{closure:Illuminate/Routing/Router::runRouteWithinStack():807}(Object(Illuminate/Http/Request))
#21 D:/New folder (20)/New folder/sistemkpi-tlab/vendor/laravel/framework/src/Illuminate/Routing/Middleware/SubstituteBindings.php(51): Illuminate/Pipeline/Pipeline->{closure:Illuminate/Pipeline/Pipeline::prepareDestination():168}(Object(Illuminate/Http/Request))
#22 D:/New folder (20)/New folder/sistemkpi-tlab/vendor/laravel/framework/src/Illuminate/Pipeline/Pipeline.php(209): Illuminate/Routing/Middleware/SubstituteBindings->handle(Object(Illuminate/Http/Request), Object(Closure))
#23 D:/New folder (20)/New folder/sistemkpi-tlab/vendor/laravel/framework/src/Illuminate/Foundation/Http/Middleware/VerifyCsrfToken.php(88): Illuminate/Pipeline/Pipeline->{closure:{closure:Illuminate/Pipeline/Pipeline::carry():184}:185}(Object(Illuminate/Http/Request))
#24 D:/New folder (20)/New folder/sistemkpi-tlab/vendor/laravel/framework/src/Illuminate/Pipeline/Pipeline.php(209): Illuminate/Foundation/Http/Middleware/VerifyCsrfToken->handle(Object(Illuminate/Http/Request), Object(Closure))
#25 D:/New folder (20)/New folder/sistemkpi-tlab/vendor/laravel/framework/src/Illuminate/View/Middleware/ShareErrorsFromSession.php(49): Illuminate/Pipeline/Pipeline->{closure:{closure:Illuminate/Pipeline/Pipeline::carry():184}:185}(Object(Illuminate/Http/Request))
#26 D:/New folder (20)/New folder/sistemkpi-tlab/vendor/laravel/framework/src/Illuminate/Pipeline/Pipeline.php(209): Illuminate/View/Middleware/ShareErrorsFromSession->handle(Object(Illuminate/Http/Request), Object(Closure))
#27 D:/New folder (20)/New folder/sistemkpi-tlab/vendor/laravel/framework/src/Illuminate/Session/Middleware/StartSession.php(121): Illuminate/Pipeline/Pipeline->{closure:{closure:Illuminate/Pipeline/Pipeline::carry():184}:185}(Object(Illuminate/Http/Request))
#28 D:/New folder (20)/New folder/sistemkpi-tlab/vendor/laravel/framework/src/Illuminate/Session/Middleware/StartSession.php(64): Illuminate/Session/Middleware/StartSession->handleStatefulRequest(Object(Illuminate/Http/Request), Object(Illuminate/Session/Store), Object(Closure))
#29 D:/New folder (20)/New folder/sistemkpi-tlab/vendor/laravel/framework/src/Illuminate/Pipeline/Pipeline.php(209): Illuminate/Session/Middleware/StartSession->handle(Object(Illuminate/Http/Request), Object(Closure))
#30 D:/New folder (20)/New folder/sistemkpi-tlab/vendor/laravel/framework/src/Illuminate/Cookie/Middleware/AddQueuedCookiesToResponse.php(37): Illuminate/Pipeline/Pipeline->{closure:{closure:Illuminate/Pipeline/Pipeline::carry():184}:185}(Object(Illuminate/Http/Request))
#31 D:/New folder (20)/New folder/sistemkpi-tlab/vendor/laravel/framework/src/Illuminate/Pipeline/Pipeline.php(209): Illuminate/Cookie/Middleware/AddQueuedCookiesToResponse->handle(Object(Illuminate/Http/Request), Object(Closure))
#32 D:/New folder (20)/New folder/sistemkpi-tlab/vendor/laravel/framework/src/Illuminate/Cookie/Middleware/EncryptCookies.php(75): Illuminate/Pipeline/Pipeline->{closure:{closure:Illuminate/Pipeline/Pipeline::carry():184}:185}(Object(Illuminate/Http/Request))
#33 D:/New folder (20)/New folder/sistemkpi-tlab/vendor/laravel/framework/src/Illuminate/Pipeline/Pipeline.php(209): Illuminate/Cookie/Middleware/EncryptCookies->handle(Object(Illuminate/Http/Request), Object(Closure))
#34 D:/New folder (20)/New folder/sistemkpi-tlab/vendor/laravel/framework/src/Illuminate/Pipeline/Pipeline.php(127): Illuminate/Pipeline/Pipeline->{closure:{closure:Illuminate/Pipeline/Pipeline::carry():184}:185}(Object(Illuminate/Http/Request))
#35 D:/New folder (20)/New folder/sistemkpi-tlab/vendor/laravel/framework/src/Illuminate/Routing/Router.php(807): Illuminate/Pipeline/Pipeline->then(Object(Closure))
#36 D:/New folder (20)/New folder/sistemkpi-tlab/vendor/laravel/framework/src/Illuminate/Routing/Router.php(786): Illuminate/Routing/Router->runRouteWithinStack(Object(Illuminate/Routing/Route), Object(Illuminate/Http/Request))
#37 D:/New folder (20)/New folder/sistemkpi-tlab/vendor/laravel/framework/src/Illuminate/Routing/Router.php(750): Illuminate/Routing/Router->runRoute(Object(Illuminate/Http/Request), Object(Illuminate/Routing/Route))
#38 D:/New folder (20)/New folder/sistemkpi-tlab/vendor/laravel/framework/src/Illuminate/Routing/Router.php(739): Illuminate/Routing/Router->dispatchToRoute(Object(Illuminate/Http/Request))
#39 D:/New folder (20)/New folder/sistemkpi-tlab/vendor/laravel/framework/src/Illuminate/Foundation/Http/Kernel.php(201): Illuminate/Routing/Router->dispatch(Object(Illuminate/Http/Request))
#40 D:/New folder (20)/New folder/sistemkpi-tlab/vendor/laravel/framework/src/Illuminate/Pipeline/Pipeline.php(170): Illuminate/Foundation/Http/Kernel->{closure:Illuminate/Foundation/Http/Kernel::dispatchToRouter():198}(Object(Illuminate/Http/Request))
#41 D:/New folder (20)/New folder/sistemkpi-tlab/vendor/laravel/framework/src/Illuminate/Foundation/Http/Middleware/TransformsRequest.php(21): Illuminate/Pipeline/Pipeline->{closure:Illuminate/Pipeline/Pipeline::prepareDestination():168}(Object(Illuminate/Http/Request))
#42 D:/New folder (20)/New folder/sistemkpi-tlab/vendor/laravel/framework/src/Illuminate/Foundation/Http/Middleware/ConvertEmptyStringsToNull.php(31): Illuminate/Foundation/Http/Middleware/TransformsRequest->handle(Object(Illuminate/Http/Request), Object(Closure))
#43 D:/New folder (20)/New folder/sistemkpi-tlab/vendor/laravel/framework/src/Illuminate/Pipeline/Pipeline.php(209): Illuminate/Foundation/Http/Middleware/ConvertEmptyStringsToNull->handle(Object(Illuminate/Http/Request), Object(Closure))
#44 D:/New folder (20)/New folder/sistemkpi-tlab/vendor/laravel/framework/src/Illuminate/Foundation/Http/Middleware/TransformsRequest.php(21): Illuminate/Pipeline/Pipeline->{closure:{closure:Illuminate/Pipeline/Pipeline::carry():184}:185}(Object(Illuminate/Http/Request))
#45 D:/New folder (20)/New folder/sistemkpi-tlab/vendor/laravel/framework/src/Illuminate/Foundation/Http/Middleware/TrimStrings.php(51): Illuminate/Foundation/Http/Middleware/TransformsRequest->handle(Object(Illuminate/Http/Request), Object(Closure))
#46 D:/New folder (20)/New folder/sistemkpi-tlab/vendor/laravel/framework/src/Illuminate/Pipeline/Pipeline.php(209): Illuminate/Foundation/Http/Middleware/TrimStrings->handle(Object(Illuminate/Http/Request), Object(Closure))
#47 D:/New folder (20)/New folder/sistemkpi-tlab/vendor/laravel/framework/src/Illuminate/Http/Middleware/ValidatePostSize.php(27): Illuminate/Pipeline/Pipeline->{closure:{closure:Illuminate/Pipeline/Pipeline::carry():184}:185}(Object(Illuminate/Http/Request))
#48 D:/New folder (20)/New folder/sistemkpi-tlab/vendor/laravel/framework/src/Illuminate/Pipeline/Pipeline.php(209): Illuminate/Http/Middleware/ValidatePostSize->handle(Object(Illuminate/Http/Request), Object(Closure))
#49 D:/New folder (20)/New folder/sistemkpi-tlab/vendor/laravel/framework/src/Illuminate/Foundation/Http/Middleware/PreventRequestsDuringMaintenance.php(110): Illuminate/Pipeline/Pipeline->{closure:{closure:Illuminate/Pipeline/Pipeline::carry():184}:185}(Object(Illuminate/Http/Request))
#50 D:/New folder (20)/New folder/sistemkpi-tlab/vendor/laravel/framework/src/Illuminate/Pipeline/Pipeline.php(209): Illuminate/Foundation/Http/Middleware/PreventRequestsDuringMaintenance->handle(Object(Illuminate/Http/Request), Object(Closure))
#51 D:/New folder (20)/New folder/sistemkpi-tlab/vendor/laravel/framework/src/Illuminate/Http/Middleware/HandleCors.php(49): Illuminate/Pipeline/Pipeline->{closure:{closure:Illuminate/Pipeline/Pipeline::carry():184}:185}(Object(Illuminate/Http/Request))
#52 D:/New folder (20)/New folder/sistemkpi-tlab/vendor/laravel/framework/src/Illuminate/Pipeline/Pipeline.php(209): Illuminate/Http/Middleware/HandleCors->handle(Object(Illuminate/Http/Request), Object(Closure))
#53 D:/New folder (20)/New folder/sistemkpi-tlab/vendor/laravel/framework/src/Illuminate/Http/Middleware/TrustProxies.php(58): Illuminate/Pipeline/Pipeline->{closure:{closure:Illuminate/Pipeline/Pipeline::carry():184}:185}(Object(Illuminate/Http/Request))
#54 D:/New folder (20)/New folder/sistemkpi-tlab/vendor/laravel/framework/src/Illuminate/Pipeline/Pipeline.php(209): Illuminate/Http/Middleware/TrustProxies->handle(Object(Illuminate/Http/Request), Object(Closure))
#55 D:/New folder (20)/New folder/sistemkpi-tlab/vendor/laravel/framework/src/Illuminate/Foundation/Http/Middleware/InvokeDeferredCallbacks.php(22): Illuminate/Pipeline/Pipeline->{closure:{closure:Illuminate/Pipeline/Pipeline::carry():184}:185}(Object(Illuminate/Http/Request))
#56 D:/New folder (20)/New folder/sistemkpi-tlab/vendor/laravel/framework/src/Illuminate/Pipeline/Pipeline.php(209): Illuminate/Foundation/Http/Middleware/InvokeDeferredCallbacks->handle(Object(Illuminate/Http/Request), Object(Closure))
#57 D:/New folder (20)/New folder/sistemkpi-tlab/vendor/laravel/framework/src/Illuminate/Pipeline/Pipeline.php(127): Illuminate/Pipeline/Pipeline->{closure:{closure:Illuminate/Pipeline/Pipeline::carry():184}:185}(Object(Illuminate/Http/Request))
#58 D:/New folder (20)/New folder/sistemkpi-tlab/vendor/laravel/framework/src/Illuminate/Foundation/Http/Kernel.php(176): Illuminate/Pipeline/Pipeline->then(Object(Closure))
#59 D:/New folder (20)/New folder/sistemkpi-tlab/vendor/laravel/framework/src/Illuminate/Foundation/Http/Kernel.php(145): Illuminate/Foundation/Http/Kernel->sendRequestThroughRouter(Object(Illuminate/Http/Request))
#60 D:/New folder (20)/New folder/sistemkpi-tlab/vendor/laravel/framework/src/Illuminate/Foundation/Application.php(1220): Illuminate/Foundation/Http/Kernel->handle(Object(Illuminate/Http/Request))
#61 D:/New folder (20)/New folder/sistemkpi-tlab/public/index.php(17): Illuminate/Foundation/Application->handleRequest(Object(Illuminate/Http/Request))
#62 D:/New folder (20)/New folder/sistemkpi-tlab/vendor/laravel/framework/src/Illuminate/Foundation/resources/server.php(23): require_once('D://New folder (...')
#63 {main}

[previous exception] [object] (PDOException(code: 1045): SQLSTATE[HY000] [1045] Access denied for user 'root'@'localhost' (using password: YES) at D:/New folder (20)/New folder/sistemkpi-tlab/vendor/laravel/framework/src/Illuminate/Database/Connectors/Connector.php:67)
[stacktrace]
#0 D:/New folder (20)/New folder/sistemkpi-tlab/vendor/laravel/framework/src/Illuminate/Database/Connectors/Connector.php(67): PDO::connect('mysql:host=127....', 'root', Object(SensitiveParameterValue), Array)
#1 D:/New folder (20)/New folder/sistemkpi-tlab/vendor/laravel/framework/src/Illuminate/Database/Connectors/Connector.php(44): Illuminate/Database/Connectors/Connector->createPdoConnection('mysql:host=127....', 'root', Object(SensitiveParameterValue), Array)
#2 D:/New folder (20)/New folder/sistemkpi-tlab/vendor/laravel/framework/src/Illuminate/Database/Connectors/MySqlConnector.php(24): Illuminate/Database/Connectors/Connector->createConnection('mysql:host=127....', Array, Array)
#3 D:/New folder (20)/New folder/sistemkpi-tlab/vendor/laravel/framework/src/Illuminate/Database/Connectors/ConnectionFactory.php(185): Illuminate/Database/Connectors/MySqlConnector->connect(Array)
#4 [internal function]: Illuminate/Database/Connectors/ConnectionFactory->{closure:Illuminate/Database/Connectors/ConnectionFactory::createPdoResolverWithHosts():180}()
#5 D:/New folder (20)/New folder/sistemkpi-tlab/vendor/laravel/framework/src/Illuminate/Database/Connection.php(1231): call_user_func(Object(Closure))
#6 D:/New folder (20)/New folder/sistemkpi-tlab/vendor/laravel/framework/src/Illuminate/Database/Connection.php(1267): Illuminate/Database/Connection->getPdo()
#7 D:/New folder (20)/New folder/sistemkpi-tlab/vendor/laravel/framework/src/Illuminate/Database/Connection.php(512): Illuminate/Database/Connection->getReadPdo()
#8 D:/New folder (20)/New folder/sistemkpi-tlab/vendor/laravel/framework/src/Illuminate/Database/Connection.php(407): Illuminate/Database/Connection->getPdoForSelect(true)
#9 D:/New folder (20)/New folder/sistemkpi-tlab/vendor/laravel/framework/src/Illuminate/Database/Connection.php(812): Illuminate/Database/Connection->{closure:Illuminate/Database/Connection::select():398}('select * from `...', Array)
#10 D:/New folder (20)/New folder/sistemkpi-tlab/vendor/laravel/framework/src/Illuminate/Database/Connection.php(779): Illuminate/Database/Connection->runQueryCallback('select * from `...', Array, Object(Closure))
#11 D:/New folder (20)/New folder/sistemkpi-tlab/vendor/laravel/framework/src/Illuminate/Database/Connection.php(398): Illuminate/Database/Connection->run('select * from `...', Array, Object(Closure))
#12 D:/New folder (20)/New folder/sistemkpi-tlab/vendor/laravel/framework/src/Illuminate/Database/Query/Builder.php(3106): Illuminate/Database/Connection->select('select * from `...', Array, true)
#13 D:/New folder (20)/New folder/sistemkpi-tlab/vendor/laravel/framework/src/Illuminate/Database/Query/Builder.php(3091): Illuminate/Database/Query/Builder->runSelect()
#14 D:/New folder (20)/New folder/sistemkpi-tlab/vendor/laravel/framework/src/Illuminate/Database/Query/Builder.php(3676): Illuminate/Database/Query/Builder->{closure:Illuminate/Database/Query/Builder::get():3090}()
#15 D:/New folder (20)/New folder/sistemkpi-tlab/vendor/laravel/framework/src/Illuminate/Database/Query/Builder.php(3090): Illuminate/Database/Query/Builder->onceWithColumns(Array, Object(Closure))
#16 D:/New folder (20)/New folder/sistemkpi-tlab/vendor/laravel/framework/src/Illuminate/Database/Eloquent/Builder.php(811): Illuminate/Database/Query/Builder->get(Array)
#17 D:/New folder (20)/New folder/sistemkpi-tlab/vendor/laravel/framework/src/Illuminate/Database/Eloquent/Builder.php(793): Illuminate/Database/Eloquent/Builder->getModels(Array)
#18 D:/New folder (20)/New folder/sistemkpi-tlab/vendor/laravel/framework/src/Illuminate/Database/Concerns/BuildsQueries.php(343): Illuminate/Database/Eloquent/Builder->get(Array)
#19 D:/New folder (20)/New folder/sistemkpi-tlab/vendor/laravel/framework/src/Illuminate/Auth/EloquentUserProvider.php(139): Illuminate/Database/Eloquent/Builder->first()
#20 D:/New folder (20)/New folder/sistemkpi-tlab/vendor/laravel/framework/src/Illuminate/Auth/SessionGuard.php(415): Illuminate/Auth/EloquentUserProvider->retrieveByCredentials(Object(SensitiveParameterValue))
#21 D:/New folder (20)/New folder/sistemkpi-tlab/vendor/laravel/framework/src/Illuminate/Support/Timebox.php(34): Illuminate/Auth/SessionGuard->{closure:Illuminate/Auth/SessionGuard::attempt():412}(Object(Illuminate/Support/Timebox))
#22 D:/New folder (20)/New folder/sistemkpi-tlab/vendor/laravel/framework/src/Illuminate/Auth/SessionGuard.php(412): Illuminate/Support/Timebox->call(Object(Closure), 200000)
#23 D:/New folder (20)/New folder/sistemkpi-tlab/vendor/laravel/framework/src/Illuminate/Auth/AuthManager.php(340): Illuminate/Auth/SessionGuard->attempt(Array, false)
#24 D:/New folder (20)/New folder/sistemkpi-tlab/vendor/laravel/framework/src/Illuminate/Support/Facades/Facade.php(361): Illuminate/Auth/AuthManager->__call('attempt', Array)
#25 D:/New folder (20)/New folder/sistemkpi-tlab/app/Http/Controllers/AuthController.php(36): Illuminate/Support/Facades/Facade::__callStatic('attempt', Array)
#26 D:/New folder (20)/New folder/sistemkpi-tlab/vendor/laravel/framework/src/Illuminate/Routing/ControllerDispatcher.php(47): App/Http/Controllers/AuthController->login(Object(Illuminate/Http/Request))
#27 D:/New folder (20)/New folder/sistemkpi-tlab/vendor/laravel/framework/src/Illuminate/Routing/Route.php(266): Illuminate/Routing/ControllerDispatcher->dispatch(Object(Illuminate/Routing/Route), Object(App/Http/Controllers/AuthController), 'login')
#28 D:/New folder (20)/New folder/sistemkpi-tlab/vendor/laravel/framework/src/Illuminate/Routing/Route.php(212): Illuminate/Routing/Route->runController()
#29 D:/New folder (20)/New folder/sistemkpi-tlab/vendor/laravel/framework/src/Illuminate/Routing/Router.php(808): Illuminate/Routing/Route->run()
#30 D:/New folder (20)/New folder/sistemkpi-tlab/vendor/laravel/framework/src/Illuminate/Pipeline/Pipeline.php(170): Illuminate/Routing/Router->{closure:Illuminate/Routing/Router::runRouteWithinStack():807}(Object(Illuminate/Http/Request))
#31 D:/New folder (20)/New folder/sistemkpi-tlab/vendor/laravel/framework/src/Illuminate/Routing/Middleware/SubstituteBindings.php(51): Illuminate/Pipeline/Pipeline->{closure:Illuminate/Pipeline/Pipeline::prepareDestination():168}(Object(Illuminate/Http/Request))
#32 D:/New folder (20)/New folder/sistemkpi-tlab/vendor/laravel/framework/src/Illuminate/Pipeline/Pipeline.php(209): Illuminate/Routing/Middleware/SubstituteBindings->handle(Object(Illuminate/Http/Request), Object(Closure))
#33 D:/New folder (20)/New folder/sistemkpi-tlab/vendor/laravel/framework/src/Illuminate/Foundation/Http/Middleware/VerifyCsrfToken.php(88): Illuminate/Pipeline/Pipeline->{closure:{closure:Illuminate/Pipeline/Pipeline::carry():184}:185}(Object(Illuminate/Http/Request))
#34 D:/New folder (20)/New folder/sistemkpi-tlab/vendor/laravel/framework/src/Illuminate/Pipeline/Pipeline.php(209): Illuminate/Foundation/Http/Middleware/VerifyCsrfToken->handle(Object(Illuminate/Http/Request), Object(Closure))
#35 D:/New folder (20)/New folder/sistemkpi-tlab/vendor/laravel/framework/src/Illuminate/View/Middleware/ShareErrorsFromSession.php(49): Illuminate/Pipeline/Pipeline->{closure:{closure:Illuminate/Pipeline/Pipeline::carry():184}:185}(Object(Illuminate/Http/Request))
#36 D:/New folder (20)/New folder/sistemkpi-tlab/vendor/laravel/framework/src/Illuminate/Pipeline/Pipeline.php(209): Illuminate/View/Middleware/ShareErrorsFromSession->handle(Object(Illuminate/Http/Request), Object(Closure))
#37 D:/New folder (20)/New folder/sistemkpi-tlab/vendor/laravel/framework/src/Illuminate/Session/Middleware/StartSession.php(121): Illuminate/Pipeline/Pipeline->{closure:{closure:Illuminate/Pipeline/Pipeline::carry():184}:185}(Object(Illuminate/Http/Request))
#38 D:/New folder (20)/New folder/sistemkpi-tlab/vendor/laravel/framework/src/Illuminate/Session/Middleware/StartSession.php(64): Illuminate/Session/Middleware/StartSession->handleStatefulRequest(Object(Illuminate/Http/Request), Object(Illuminate/Session/Store), Object(Closure))
#39 D:/New folder (20)/New folder/sistemkpi-tlab/vendor/laravel/framework/src/Illuminate/Pipeline/Pipeline.php(209): Illuminate/Session/Middleware/StartSession->handle(Object(Illuminate/Http/Request), Object(Closure))
#40 D:/New folder (20)/New folder/sistemkpi-tlab/vendor/laravel/framework/src/Illuminate/Cookie/Middleware/AddQueuedCookiesToResponse.php(37): Illuminate/Pipeline/Pipeline->{closure:{closure:Illuminate/Pipeline/Pipeline::carry():184}:185}(Object(Illuminate/Http/Request))
#41 D:/New folder (20)/New folder/sistemkpi-tlab/vendor/laravel/framework/src/Illuminate/Pipeline/Pipeline.php(209): Illuminate/Cookie/Middleware/AddQueuedCookiesToResponse->handle(Object(Illuminate/Http/Request), Object(Closure))
#42 D:/New folder (20)/New folder/sistemkpi-tlab/vendor/laravel/framework/src/Illuminate/Cookie/Middleware/EncryptCookies.php(75): Illuminate/Pipeline/Pipeline->{closure:{closure:Illuminate/Pipeline/Pipeline::carry():184}:185}(Object(Illuminate/Http/Request))
#43 D:/New folder (20)/New folder/sistemkpi-tlab/vendor/laravel/framework/src/Illuminate/Pipeline/Pipeline.php(209): Illuminate/Cookie/Middleware/EncryptCookies->handle(Object(Illuminate/Http/Request), Object(Closure))
#44 D:/New folder (20)/New folder/sistemkpi-tlab/vendor/laravel/framework/src/Illuminate/Pipeline/Pipeline.php(127): Illuminate/Pipeline/Pipeline->{closure:{closure:Illuminate/Pipeline/Pipeline::carry():184}:185}(Object(Illuminate/Http/Request))
#45 D:/New folder (20)/New folder/sistemkpi-tlab/vendor/laravel/framework/src/Illuminate/Routing/Router.php(807): Illuminate/Pipeline/Pipeline->then(Object(Closure))
#46 D:/New folder (20)/New folder/sistemkpi-tlab/vendor/laravel/framework/src/Illuminate/Routing/Router.php(786): Illuminate/Routing/Router->runRouteWithinStack(Object(Illuminate/Routing/Route), Object(Illuminate/Http/Request))
#47 D:/New folder (20)/New folder/sistemkpi-tlab/vendor/laravel/framework/src/Illuminate/Routing/Router.php(750): Illuminate/Routing/Router->runRoute(Object(Illuminate/Http/Request), Object(Illuminate/Routing/Route))
#48 D:/New folder (20)/New folder/sistemkpi-tlab/vendor/laravel/framework/src/Illuminate/Routing/Router.php(739): Illuminate/Routing/Router->dispatchToRoute(Object(Illuminate/Http/Request))
#49 D:/New folder (20)/New folder/sistemkpi-tlab/vendor/laravel/framework/src/Illuminate/Foundation/Http/Kernel.php(201): Illuminate/Routing/Router->dispatch(Object(Illuminate/Http/Request))
#50 D:/New folder (20)/New folder/sistemkpi-tlab/vendor/laravel/framework/src/Illuminate/Pipeline/Pipeline.php(170): Illuminate/Foundation/Http/Kernel->{closure:Illuminate/Foundation/Http/Kernel::dispatchToRouter():198}(Object(Illuminate/Http/Request))
#51 D:/New folder (20)/New folder/sistemkpi-tlab/vendor/laravel/framework/src/Illuminate/Foundation/Http/Middleware/TransformsRequest.php(21): Illuminate/Pipeline/Pipeline->{closure:Illuminate/Pipeline/Pipeline::prepareDestination():168}(Object(Illuminate/Http/Request))
#52 D:/New folder (20)/New folder/sistemkpi-tlab/vendor/laravel/framework/src/Illuminate/Foundation/Http/Middleware/ConvertEmptyStringsToNull.php(31): Illuminate/Foundation/Http/Middleware/TransformsRequest->handle(Object(Illuminate/Http/Request), Object(Closure))
#53 D:/New folder (20)/New folder/sistemkpi-tlab/vendor/laravel/framework/src/Illuminate/Pipeline/Pipeline.php(209): Illuminate/Foundation/Http/Middleware/ConvertEmptyStringsToNull->handle(Object(Illuminate/Http/Request), Object(Closure))
#54 D:/New folder (20)/New folder/sistemkpi-tlab/vendor/laravel/framework/src/Illuminate/Foundation/Http/Middleware/TransformsRequest.php(21): Illuminate/Pipeline/Pipeline->{closure:{closure:Illuminate/Pipeline/Pipeline::carry():184}:185}(Object(Illuminate/Http/Request))
#55 D:/New folder (20)/New folder/sistemkpi-tlab/vendor/laravel/framework/src/Illuminate/Foundation/Http/Middleware/TrimStrings.php(51): Illuminate/Foundation/Http/Middleware/TransformsRequest->handle(Object(Illuminate/Http/Request), Object(Closure))
#56 D:/New folder (20)/New folder/sistemkpi-tlab/vendor/laravel/framework/src/Illuminate/Pipeline/Pipeline.php(209): Illuminate/Foundation/Http/Middleware/TrimStrings->handle(Object(Illuminate/Http/Request), Object(Closure))
#57 D:/New folder (20)/New folder/sistemkpi-tlab/vendor/laravel/framework/src/Illuminate/Http/Middleware/ValidatePostSize.php(27): Illuminate/Pipeline/Pipeline->{closure:{closure:Illuminate/Pipeline/Pipeline::carry():184}:185}(Object(Illuminate/Http/Request))
#58 D:/New folder (20)/New folder/sistemkpi-tlab/vendor/laravel/framework/src/Illuminate/Pipeline/Pipeline.php(209): Illuminate/Http/Middleware/ValidatePostSize->handle(Object(Illuminate/Http/Request), Object(Closure))
#59 D:/New folder (20)/New folder/sistemkpi-tlab/vendor/laravel/framework/src/Illuminate/Foundation/Http/Middleware/PreventRequestsDuringMaintenance.php(110): Illuminate/Pipeline/Pipeline->{closure:{closure:Illuminate/Pipeline/Pipeline::carry():184}:185}(Object(Illuminate/Http/Request))
#60 D:/New folder (20)/New folder/sistemkpi-tlab/vendor/laravel/framework/src/Illuminate/Pipeline/Pipeline.php(209): Illuminate/Foundation/Http/Middleware/PreventRequestsDuringMaintenance->handle(Object(Illuminate/Http/Request), Object(Closure))
#61 D:/New folder (20)/New folder/sistemkpi-tlab/vendor/laravel/framework/src/Illuminate/Http/Middleware/HandleCors.php(49): Illuminate/Pipeline/Pipeline->{closure:{closure:Illuminate/Pipeline/Pipeline::carry():184}:185}(Object(Illuminate/Http/Request))
#62 D:/New folder (20)/New folder/sistemkpi-tlab/vendor/laravel/framework/src/Illuminate/Pipeline/Pipeline.php(209): Illuminate/Http/Middleware/HandleCors->handle(Object(Illuminate/Http/Request), Object(Closure))
#63 D:/New folder (20)/New folder/sistemkpi-tlab/vendor/laravel/framework/src/Illuminate/Http/Middleware/TrustProxies.php(58): Illuminate/Pipeline/Pipeline->{closure:{closure:Illuminate/Pipeline/Pipeline::carry():184}:185}(Object(Illuminate/Http/Request))
#64 D:/New folder (20)/New folder/sistemkpi-tlab/vendor/laravel/framework/src/Illuminate/Pipeline/Pipeline.php(209): Illuminate/Http/Middleware/TrustProxies->handle(Object(Illuminate/Http/Request), Object(Closure))
#65 D:/New folder (20)/New folder/sistemkpi-tlab/vendor/laravel/framework/src/Illuminate/Foundation/Http/Middleware/InvokeDeferredCallbacks.php(22): Illuminate/Pipeline/Pipeline->{closure:{closure:Illuminate/Pipeline/Pipeline::carry():184}:185}(Object(Illuminate/Http/Request))
#66 D:/New folder (20)/New folder/sistemkpi-tlab/vendor/laravel/framework/src/Illuminate/Pipeline/Pipeline.php(209): Illuminate/Foundation/Http/Middleware/InvokeDeferredCallbacks->handle(Object(Illuminate/Http/Request), Object(Closure))
#67 D:/New folder (20)/New folder/sistemkpi-tlab/vendor/laravel/framework/src/Illuminate/Pipeline/Pipeline.php(127): Illuminate/Pipeline/Pipeline->{closure:{closure:Illuminate/Pipeline/Pipeline::carry():184}:185}(Object(Illuminate/Http/Request))
#68 D:/New folder (20)/New folder/sistemkpi-tlab/vendor/laravel/framework/src/Illuminate/Foundation/Http/Kernel.php(176): Illuminate/Pipeline/Pipeline->then(Object(Closure))
#69 D:/New folder (20)/New folder/sistemkpi-tlab/vendor/laravel/framework/src/Illuminate/Foundation/Http/Kernel.php(145): Illuminate/Foundation/Http/Kernel->sendRequestThroughRouter(Object(Illuminate/Http/Request))
#70 D:/New folder (20)/New folder/sistemkpi-tlab/vendor/laravel/framework/src/Illuminate/Foundation/Application.php(1220): Illuminate/Foundation/Http/Kernel->handle(Object(Illuminate/Http/Request))
#71 D:/New folder (20)/New folder/sistemkpi-tlab/public/index.php(17): Illuminate/Foundation/Application->handleRequest(Object(Illuminate/Http/Request))
#72 D:/New folder (20)/New folder/sistemkpi-tlab/vendor/laravel/framework/src/Illuminate/Foundation/resources/server.php(23): require_once('D://New folder (...')
#73 {main}
"} 
[2026-06-19 11:08:53] local.ERROR: SQLSTATE[HY000] [1045] Access denied for user 'root'@'localhost' (using password: YES) (Connection: mysql, SQL: select * from `users` where `email` = budi@example.com limit 1) {"exception":"[object] (Illuminate\\Database\\QueryException(code: 1045): SQLSTATE[HY000] [1045] Access denied for user 'root'@'localhost' (using password: YES) (Connection: mysql, SQL: select * from `users` where `email` = budi@example.com limit 1) at D:/New folder (20)/New folder/sistemkpi-tlab/vendor/laravel/framework/src/Illuminate/Database/Connection.php:825)
[stacktrace]
#0 D:/New folder (20)/New folder/sistemkpi-tlab/vendor/laravel/framework/src/Illuminate/Database/Connection.php(779): Illuminate/Database/Connection->runQueryCallback('select * from `...', Array, Object(Closure))
#1 D:/New folder (20)/New folder/sistemkpi-tlab/vendor/laravel/framework/src/Illuminate/Database/Connection.php(398): Illuminate/Database/Connection->run('select * from `...', Array, Object(Closure))
#2 D:/New folder (20)/New folder/sistemkpi-tlab/vendor/laravel/framework/src/Illuminate/Database/Query/Builder.php(3106): Illuminate/Database/Connection->select('select * from `...', Array, true)
#3 D:/New folder (20)/New folder/sistemkpi-tlab/vendor/laravel/framework/src/Illuminate/Database/Query/Builder.php(3091): Illuminate/Database/Query/Builder->runSelect()
#4 D:/New folder (20)/New folder/sistemkpi-tlab/vendor/laravel/framework/src/Illuminate/Database/Query/Builder.php(3676): Illuminate/Database/Query/Builder->{closure:Illuminate/Database/Query/Builder::get():3090}()
#5 D:/New folder (20)/New folder/sistemkpi-tlab/vendor/laravel/framework/src/Illuminate/Database/Query/Builder.php(3090): Illuminate/Database/Query/Builder->onceWithColumns(Array, Object(Closure))
#6 D:/New folder (20)/New folder/sistemkpi-tlab/vendor/laravel/framework/src/Illuminate/Database/Eloquent/Builder.php(811): Illuminate/Database/Query/Builder->get(Array)
#7 D:/New folder (20)/New folder/sistemkpi-tlab/vendor/laravel/framework/src/Illuminate/Database/Eloquent/Builder.php(793): Illuminate/Database/Eloquent/Builder->getModels(Array)
#8 D:/New folder (20)/New folder/sistemkpi-tlab/vendor/laravel/framework/src/Illuminate/Database/Concerns/BuildsQueries.php(343): Illuminate/Database/Eloquent/Builder->get(Array)
#9 D:/New folder (20)/New folder/sistemkpi-tlab/vendor/laravel/framework/src/Illuminate/Auth/EloquentUserProvider.php(139): Illuminate/Database/Eloquent/Builder->first()
#10 D:/New folder (20)/New folder/sistemkpi-tlab/vendor/laravel/framework/src/Illuminate/Auth/SessionGuard.php(415): Illuminate/Auth/EloquentUserProvider->retrieveByCredentials(Object(SensitiveParameterValue))
#11 D:/New folder (20)/New folder/sistemkpi-tlab/vendor/laravel/framework/src/Illuminate/Support/Timebox.php(34): Illuminate/Auth/SessionGuard->{closure:Illuminate/Auth/SessionGuard::attempt():412}(Object(Illuminate/Support/Timebox))
#12 D:/New folder (20)/New folder/sistemkpi-tlab/vendor/laravel/framework/src/Illuminate/Auth/SessionGuard.php(412): Illuminate/Support/Timebox->call(Object(Closure), 200000)
#13 D:/New folder (20)/New folder/sistemkpi-tlab/vendor/laravel/framework/src/Illuminate/Auth/AuthManager.php(340): Illuminate/Auth/SessionGuard->attempt(Array, false)
#14 D:/New folder (20)/New folder/sistemkpi-tlab/vendor/laravel/framework/src/Illuminate/Support/Facades/Facade.php(361): Illuminate/Auth/AuthManager->__call('attempt', Array)
#15 D:/New folder (20)/New folder/sistemkpi-tlab/app/Http/Controllers/AuthController.php(36): Illuminate/Support/Facades/Facade::__callStatic('attempt', Array)
#16 D:/New folder (20)/New folder/sistemkpi-tlab/vendor/laravel/framework/src/Illuminate/Routing/ControllerDispatcher.php(47): App/Http/Controllers/AuthController->login(Object(Illuminate/Http/Request))
#17 D:/New folder (20)/New folder/sistemkpi-tlab/vendor/laravel/framework/src/Illuminate/Routing/Route.php(266): Illuminate/Routing/ControllerDispatcher->dispatch(Object(Illuminate/Routing/Route), Object(App/Http/Controllers/AuthController), 'login')
#18 D:/New folder (20)/New folder/sistemkpi-tlab/vendor/laravel/framework/src/Illuminate/Routing/Route.php(212): Illuminate/Routing/Route->runController()
#19 D:/New folder (20)/New folder/sistemkpi-tlab/vendor/laravel/framework/src/Illuminate/Routing/Router.php(808): Illuminate/Routing/Route->run()
#20 D:/New folder (20)/New folder/sistemkpi-tlab/vendor/laravel/framework/src/Illuminate/Pipeline/Pipeline.php(170): Illuminate/Routing/Router->{closure:Illuminate/Routing/Router::runRouteWithinStack():807}(Object(Illuminate/Http/Request))
#21 D:/New folder (20)/New folder/sistemkpi-tlab/vendor/laravel/framework/src/Illuminate/Routing/Middleware/SubstituteBindings.php(51): Illuminate/Pipeline/Pipeline->{closure:Illuminate/Pipeline/Pipeline::prepareDestination():168}(Object(Illuminate/Http/Request))
#22 D:/New folder (20)/New folder/sistemkpi-tlab/vendor/laravel/framework/src/Illuminate/Pipeline/Pipeline.php(209): Illuminate/Routing/Middleware/SubstituteBindings->handle(Object(Illuminate/Http/Request), Object(Closure))
#23 D:/New folder (20)/New folder/sistemkpi-tlab/vendor/laravel/framework/src/Illuminate/Foundation/Http/Middleware/VerifyCsrfToken.php(88): Illuminate/Pipeline/Pipeline->{closure:{closure:Illuminate/Pipeline/Pipeline::carry():184}:185}(Object(Illuminate/Http/Request))
#24 D:/New folder (20)/New folder/sistemkpi-tlab/vendor/laravel/framework/src/Illuminate/Pipeline/Pipeline.php(209): Illuminate/Foundation/Http/Middleware/VerifyCsrfToken->handle(Object(Illuminate/Http/Request), Object(Closure))
#25 D:/New folder (20)/New folder/sistemkpi-tlab/vendor/laravel/framework/src/Illuminate/View/Middleware/ShareErrorsFromSession.php(49): Illuminate/Pipeline/Pipeline->{closure:{closure:Illuminate/Pipeline/Pipeline::carry():184}:185}(Object(Illuminate/Http/Request))
#26 D:/New folder (20)/New folder/sistemkpi-tlab/vendor/laravel/framework/src/Illuminate/Pipeline/Pipeline.php(209): Illuminate/View/Middleware/ShareErrorsFromSession->handle(Object(Illuminate/Http/Request), Object(Closure))
#27 D:/New folder (20)/New folder/sistemkpi-tlab/vendor/laravel/framework/src/Illuminate/Session/Middleware/StartSession.php(121): Illuminate/Pipeline/Pipeline->{closure:{closure:Illuminate/Pipeline/Pipeline::carry():184}:185}(Object(Illuminate/Http/Request))
#28 D:/New folder (20)/New folder/sistemkpi-tlab/vendor/laravel/framework/src/Illuminate/Session/Middleware/StartSession.php(64): Illuminate/Session/Middleware/StartSession->handleStatefulRequest(Object(Illuminate/Http/Request), Object(Illuminate/Session/Store), Object(Closure))
#29 D:/New folder (20)/New folder/sistemkpi-tlab/vendor/laravel/framework/src/Illuminate/Pipeline/Pipeline.php(209): Illuminate/Session/Middleware/StartSession->handle(Object(Illuminate/Http/Request), Object(Closure))
#30 D:/New folder (20)/New folder/sistemkpi-tlab/vendor/laravel/framework/src/Illuminate/Cookie/Middleware/AddQueuedCookiesToResponse.php(37): Illuminate/Pipeline/Pipeline->{closure:{closure:Illuminate/Pipeline/Pipeline::carry():184}:185}(Object(Illuminate/Http/Request))
#31 D:/New folder (20)/New folder/sistemkpi-tlab/vendor/laravel/framework/src/Illuminate/Pipeline/Pipeline.php(209): Illuminate/Cookie/Middleware/AddQueuedCookiesToResponse->handle(Object(Illuminate/Http/Request), Object(Closure))
#32 D:/New folder (20)/New folder/sistemkpi-tlab/vendor/laravel/framework/src/Illuminate/Cookie/Middleware/EncryptCookies.php(75): Illuminate/Pipeline/Pipeline->{closure:{closure:Illuminate/Pipeline/Pipeline::carry():184}:185}(Object(Illuminate/Http/Request))
#33 D:/New folder (20)/New folder/sistemkpi-tlab/vendor/laravel/framework/src/Illuminate/Pipeline/Pipeline.php(209): Illuminate/Cookie/Middleware/EncryptCookies->handle(Object(Illuminate/Http/Request), Object(Closure))
#34 D:/New folder (20)/New folder/sistemkpi-tlab/vendor/laravel/framework/src/Illuminate/Pipeline/Pipeline.php(127): Illuminate/Pipeline/Pipeline->{closure:{closure:Illuminate/Pipeline/Pipeline::carry():184}:185}(Object(Illuminate/Http/Request))
#35 D:/New folder (20)/New folder/sistemkpi-tlab/vendor/laravel/framework/src/Illuminate/Routing/Router.php(807): Illuminate/Pipeline/Pipeline->then(Object(Closure))
#36 D:/New folder (20)/New folder/sistemkpi-tlab/vendor/laravel/framework/src/Illuminate/Routing/Router.php(786): Illuminate/Routing/Router->runRouteWithinStack(Object(Illuminate/Routing/Route), Object(Illuminate/Http/Request))
#37 D:/New folder (20)/New folder/sistemkpi-tlab/vendor/laravel/framework/src/Illuminate/Routing/Router.php(750): Illuminate/Routing/Router->runRoute(Object(Illuminate/Http/Request), Object(Illuminate/Routing/Route))
#38 D:/New folder (20)/New folder/sistemkpi-tlab/vendor/laravel/framework/src/Illuminate/Routing/Router.php(739): Illuminate/Routing/Router->dispatchToRoute(Object(Illuminate/Http/Request))
#39 D:/New folder (20)/New folder/sistemkpi-tlab/vendor/laravel/framework/src/Illuminate/Foundation/Http/Kernel.php(201): Illuminate/Routing/Router->dispatch(Object(Illuminate/Http/Request))
#40 D:/New folder (20)/New folder/sistemkpi-tlab/vendor/laravel/framework/src/Illuminate/Pipeline/Pipeline.php(170): Illuminate/Foundation/Http/Kernel->{closure:Illuminate/Foundation/Http/Kernel::dispatchToRouter():198}(Object(Illuminate/Http/Request))
#41 D:/New folder (20)/New folder/sistemkpi-tlab/vendor/laravel/framework/src/Illuminate/Foundation/Http/Middleware/TransformsRequest.php(21): Illuminate/Pipeline/Pipeline->{closure:Illuminate/Pipeline/Pipeline::prepareDestination():168}(Object(Illuminate/Http/Request))
#42 D:/New folder (20)/New folder/sistemkpi-tlab/vendor/laravel/framework/src/Illuminate/Foundation/Http/Middleware/ConvertEmptyStringsToNull.php(31): Illuminate/Foundation/Http/Middleware/TransformsRequest->handle(Object(Illuminate/Http/Request), Object(Closure))
#43 D:/New folder (20)/New folder/sistemkpi-tlab/vendor/laravel/framework/src/Illuminate/Pipeline/Pipeline.php(209): Illuminate/Foundation/Http/Middleware/ConvertEmptyStringsToNull->handle(Object(Illuminate/Http/Request), Object(Closure))
#44 D:/New folder (20)/New folder/sistemkpi-tlab/vendor/laravel/framework/src/Illuminate/Foundation/Http/Middleware/TransformsRequest.php(21): Illuminate/Pipeline/Pipeline->{closure:{closure:Illuminate/Pipeline/Pipeline::carry():184}:185}(Object(Illuminate/Http/Request))
#45 D:/New folder (20)/New folder/sistemkpi-tlab/vendor/laravel/framework/src/Illuminate/Foundation/Http/Middleware/TrimStrings.php(51): Illuminate/Foundation/Http/Middleware/TransformsRequest->handle(Object(Illuminate/Http/Request), Object(Closure))
#46 D:/New folder (20)/New folder/sistemkpi-tlab/vendor/laravel/framework/src/Illuminate/Pipeline/Pipeline.php(209): Illuminate/Foundation/Http/Middleware/TrimStrings->handle(Object(Illuminate/Http/Request), Object(Closure))
#47 D:/New folder (20)/New folder/sistemkpi-tlab/vendor/laravel/framework/src/Illuminate/Http/Middleware/ValidatePostSize.php(27): Illuminate/Pipeline/Pipeline->{closure:{closure:Illuminate/Pipeline/Pipeline::carry():184}:185}(Object(Illuminate/Http/Request))
#48 D:/New folder (20)/New folder/sistemkpi-tlab/vendor/laravel/framework/src/Illuminate/Pipeline/Pipeline.php(209): Illuminate/Http/Middleware/ValidatePostSize->handle(Object(Illuminate/Http/Request), Object(Closure))
#49 D:/New folder (20)/New folder/sistemkpi-tlab/vendor/laravel/framework/src/Illuminate/Foundation/Http/Middleware/PreventRequestsDuringMaintenance.php(110): Illuminate/Pipeline/Pipeline->{closure:{closure:Illuminate/Pipeline/Pipeline::carry():184}:185}(Object(Illuminate/Http/Request))
#50 D:/New folder (20)/New folder/sistemkpi-tlab/vendor/laravel/framework/src/Illuminate/Pipeline/Pipeline.php(209): Illuminate/Foundation/Http/Middleware/PreventRequestsDuringMaintenance->handle(Object(Illuminate/Http/Request), Object(Closure))
#51 D:/New folder (20)/New folder/sistemkpi-tlab/vendor/laravel/framework/src/Illuminate/Http/Middleware/HandleCors.php(49): Illuminate/Pipeline/Pipeline->{closure:{closure:Illuminate/Pipeline/Pipeline::carry():184}:185}(Object(Illuminate/Http/Request))
#52 D:/New folder (20)/New folder/sistemkpi-tlab/vendor/laravel/framework/src/Illuminate/Pipeline/Pipeline.php(209): Illuminate/Http/Middleware/HandleCors->handle(Object(Illuminate/Http/Request), Object(Closure))
#53 D:/New folder (20)/New folder/sistemkpi-tlab/vendor/laravel/framework/src/Illuminate/Http/Middleware/TrustProxies.php(58): Illuminate/Pipeline/Pipeline->{closure:{closure:Illuminate/Pipeline/Pipeline::carry():184}:185}(Object(Illuminate/Http/Request))
#54 D:/New folder (20)/New folder/sistemkpi-tlab/vendor/laravel/framework/src/Illuminate/Pipeline/Pipeline.php(209): Illuminate/Http/Middleware/TrustProxies->handle(Object(Illuminate/Http/Request), Object(Closure))
#55 D:/New folder (20)/New folder/sistemkpi-tlab/vendor/laravel/framework/src/Illuminate/Foundation/Http/Middleware/InvokeDeferredCallbacks.php(22): Illuminate/Pipeline/Pipeline->{closure:{closure:Illuminate/Pipeline/Pipeline::carry():184}:185}(Object(Illuminate/Http/Request))
#56 D:/New folder (20)/New folder/sistemkpi-tlab/vendor/laravel/framework/src/Illuminate/Pipeline/Pipeline.php(209): Illuminate/Foundation/Http/Middleware/InvokeDeferredCallbacks->handle(Object(Illuminate/Http/Request), Object(Closure))
#57 D:/New folder (20)/New folder/sistemkpi-tlab/vendor/laravel/framework/src/Illuminate/Pipeline/Pipeline.php(127): Illuminate/Pipeline/Pipeline->{closure:{closure:Illuminate/Pipeline/Pipeline::carry():184}:185}(Object(Illuminate/Http/Request))
#58 D:/New folder (20)/New folder/sistemkpi-tlab/vendor/laravel/framework/src/Illuminate/Foundation/Http/Kernel.php(176): Illuminate/Pipeline/Pipeline->then(Object(Closure))
#59 D:/New folder (20)/New folder/sistemkpi-tlab/vendor/laravel/framework/src/Illuminate/Foundation/Http/Kernel.php(145): Illuminate/Foundation/Http/Kernel->sendRequestThroughRouter(Object(Illuminate/Http/Request))
#60 D:/New folder (20)/New folder/sistemkpi-tlab/vendor/laravel/framework/src/Illuminate/Foundation/Application.php(1220): Illuminate/Foundation/Http/Kernel->handle(Object(Illuminate/Http/Request))
#61 D:/New folder (20)/New folder/sistemkpi-tlab/public/index.php(17): Illuminate/Foundation/Application->handleRequest(Object(Illuminate/Http/Request))
#62 D:/New folder (20)/New folder/sistemkpi-tlab/vendor/laravel/framework/src/Illuminate/Foundation/resources/server.php(23): require_once('D://New folder (...')
#63 {main}

[previous exception] [object] (PDOException(code: 1045): SQLSTATE[HY000] [1045] Access denied for user 'root'@'localhost' (using password: YES) at D:/New folder (20)/New folder/sistemkpi-tlab/vendor/laravel/framework/src/Illuminate/Database/Connectors/Connector.php:67)
[stacktrace]
#0 D:/New folder (20)/New folder/sistemkpi-tlab/vendor/laravel/framework/src/Illuminate/Database/Connectors/Connector.php(67): PDO::connect('mysql:host=127....', 'root', Object(SensitiveParameterValue), Array)
#1 D:/New folder (20)/New folder/sistemkpi-tlab/vendor/laravel/framework/src/Illuminate/Database/Connectors/Connector.php(44): Illuminate/Database/Connectors/Connector->createPdoConnection('mysql:host=127....', 'root', Object(SensitiveParameterValue), Array)
#2 D:/New folder (20)/New folder/sistemkpi-tlab/vendor/laravel/framework/src/Illuminate/Database/Connectors/MySqlConnector.php(24): Illuminate/Database/Connectors/Connector->createConnection('mysql:host=127....', Array, Array)
#3 D:/New folder (20)/New folder/sistemkpi-tlab/vendor/laravel/framework/src/Illuminate/Database/Connectors/ConnectionFactory.php(185): Illuminate/Database/Connectors/MySqlConnector->connect(Array)
#4 [internal function]: Illuminate/Database/Connectors/ConnectionFactory->{closure:Illuminate/Database/Connectors/ConnectionFactory::createPdoResolverWithHosts():180}()
#5 D:/New folder (20)/New folder/sistemkpi-tlab/vendor/laravel/framework/src/Illuminate/Database/Connection.php(1231): call_user_func(Object(Closure))
#6 D:/New folder (20)/New folder/sistemkpi-tlab/vendor/laravel/framework/src/Illuminate/Database/Connection.php(1267): Illuminate/Database/Connection->getPdo()
#7 D:/New folder (20)/New folder/sistemkpi-tlab/vendor/laravel/framework/src/Illuminate/Database/Connection.php(512): Illuminate/Database/Connection->getReadPdo()
#8 D:/New folder (20)/New folder/sistemkpi-tlab/vendor/laravel/framework/src/Illuminate/Database/Connection.php(407): Illuminate/Database/Connection->getPdoForSelect(true)
#9 D:/New folder (20)/New folder/sistemkpi-tlab/vendor/laravel/framework/src/Illuminate/Database/Connection.php(812): Illuminate/Database/Connection->{closure:Illuminate/Database/Connection::select():398}('select * from `...', Array)
#10 D:/New folder (20)/New folder/sistemkpi-tlab/vendor/laravel/framework/src/Illuminate/Database/Connection.php(779): Illuminate/Database/Connection->runQueryCallback('select * from `...', Array, Object(Closure))
#11 D:/New folder (20)/New folder/sistemkpi-tlab/vendor/laravel/framework/src/Illuminate/Database/Connection.php(398): Illuminate/Database/Connection->run('select * from `...', Array, Object(Closure))
#12 D:/New folder (20)/New folder/sistemkpi-tlab/vendor/laravel/framework/src/Illuminate/Database/Query/Builder.php(3106): Illuminate/Database/Connection->select('select * from `...', Array, true)
#13 D:/New folder (20)/New folder/sistemkpi-tlab/vendor/laravel/framework/src/Illuminate/Database/Query/Builder.php(3091): Illuminate/Database/Query/Builder->runSelect()
#14 D:/New folder (20)/New folder/sistemkpi-tlab/vendor/laravel/framework/src/Illuminate/Database/Query/Builder.php(3676): Illuminate/Database/Query/Builder->{closure:Illuminate/Database/Query/Builder::get():3090}()
#15 D:/New folder (20)/New folder/sistemkpi-tlab/vendor/laravel/framework/src/Illuminate/Database/Query/Builder.php(3090): Illuminate/Database/Query/Builder->onceWithColumns(Array, Object(Closure))
#16 D:/New folder (20)/New folder/sistemkpi-tlab/vendor/laravel/framework/src/Illuminate/Database/Eloquent/Builder.php(811): Illuminate/Database/Query/Builder->get(Array)
#17 D:/New folder (20)/New folder/sistemkpi-tlab/vendor/laravel/framework/src/Illuminate/Database/Eloquent/Builder.php(793): Illuminate/Database/Eloquent/Builder->getModels(Array)
#18 D:/New folder (20)/New folder/sistemkpi-tlab/vendor/laravel/framework/src/Illuminate/Database/Concerns/BuildsQueries.php(343): Illuminate/Database/Eloquent/Builder->get(Array)
#19 D:/New folder (20)/New folder/sistemkpi-tlab/vendor/laravel/framework/src/Illuminate/Auth/EloquentUserProvider.php(139): Illuminate/Database/Eloquent/Builder->first()
#20 D:/New folder (20)/New folder/sistemkpi-tlab/vendor/laravel/framework/src/Illuminate/Auth/SessionGuard.php(415): Illuminate/Auth/EloquentUserProvider->retrieveByCredentials(Object(SensitiveParameterValue))
#21 D:/New folder (20)/New folder/sistemkpi-tlab/vendor/laravel/framework/src/Illuminate/Support/Timebox.php(34): Illuminate/Auth/SessionGuard->{closure:Illuminate/Auth/SessionGuard::attempt():412}(Object(Illuminate/Support/Timebox))
#22 D:/New folder (20)/New folder/sistemkpi-tlab/vendor/laravel/framework/src/Illuminate/Auth/SessionGuard.php(412): Illuminate/Support/Timebox->call(Object(Closure), 200000)
#23 D:/New folder (20)/New folder/sistemkpi-tlab/vendor/laravel/framework/src/Illuminate/Auth/AuthManager.php(340): Illuminate/Auth/SessionGuard->attempt(Array, false)
#24 D:/New folder (20)/New folder/sistemkpi-tlab/vendor/laravel/framework/src/Illuminate/Support/Facades/Facade.php(361): Illuminate/Auth/AuthManager->__call('attempt', Array)
#25 D:/New folder (20)/New folder/sistemkpi-tlab/app/Http/Controllers/AuthController.php(36): Illuminate/Support/Facades/Facade::__callStatic('attempt', Array)
#26 D:/New folder (20)/New folder/sistemkpi-tlab/vendor/laravel/framework/src/Illuminate/Routing/ControllerDispatcher.php(47): App/Http/Controllers/AuthController->login(Object(Illuminate/Http/Request))
#27 D:/New folder (20)/New folder/sistemkpi-tlab/vendor/laravel/framework/src/Illuminate/Routing/Route.php(266): Illuminate/Routing/ControllerDispatcher->dispatch(Object(Illuminate/Routing/Route), Object(App/Http/Controllers/AuthController), 'login')
#28 D:/New folder (20)/New folder/sistemkpi-tlab/vendor/laravel/framework/src/Illuminate/Routing/Route.php(212): Illuminate/Routing/Route->runController()
#29 D:/New folder (20)/New folder/sistemkpi-tlab/vendor/laravel/framework/src/Illuminate/Routing/Router.php(808): Illuminate/Routing/Route->run()
#30 D:/New folder (20)/New folder/sistemkpi-tlab/vendor/laravel/framework/src/Illuminate/Pipeline/Pipeline.php(170): Illuminate/Routing/Router->{closure:Illuminate/Routing/Router::runRouteWithinStack():807}(Object(Illuminate/Http/Request))
#31 D:/New folder (20)/New folder/sistemkpi-tlab/vendor/laravel/framework/src/Illuminate/Routing/Middleware/SubstituteBindings.php(51): Illuminate/Pipeline/Pipeline->{closure:Illuminate/Pipeline/Pipeline::prepareDestination():168}(Object(Illuminate/Http/Request))
#32 D:/New folder (20)/New folder/sistemkpi-tlab/vendor/laravel/framework/src/Illuminate/Pipeline/Pipeline.php(209): Illuminate/Routing/Middleware/SubstituteBindings->handle(Object(Illuminate/Http/Request), Object(Closure))
#33 D:/New folder (20)/New folder/sistemkpi-tlab/vendor/laravel/framework/src/Illuminate/Foundation/Http/Middleware/VerifyCsrfToken.php(88): Illuminate/Pipeline/Pipeline->{closure:{closure:Illuminate/Pipeline/Pipeline::carry():184}:185}(Object(Illuminate/Http/Request))
#34 D:/New folder (20)/New folder/sistemkpi-tlab/vendor/laravel/framework/src/Illuminate/Pipeline/Pipeline.php(209): Illuminate/Foundation/Http/Middleware/VerifyCsrfToken->handle(Object(Illuminate/Http/Request), Object(Closure))
#35 D:/New folder (20)/New folder/sistemkpi-tlab/vendor/laravel/framework/src/Illuminate/View/Middleware/ShareErrorsFromSession.php(49): Illuminate/Pipeline/Pipeline->{closure:{closure:Illuminate/Pipeline/Pipeline::carry():184}:185}(Object(Illuminate/Http/Request))
#36 D:/New folder (20)/New folder/sistemkpi-tlab/vendor/laravel/framework/src/Illuminate/Pipeline/Pipeline.php(209): Illuminate/View/Middleware/ShareErrorsFromSession->handle(Object(Illuminate/Http/Request), Object(Closure))
#37 D:/New folder (20)/New folder/sistemkpi-tlab/vendor/laravel/framework/src/Illuminate/Session/Middleware/StartSession.php(121): Illuminate/Pipeline/Pipeline->{closure:{closure:Illuminate/Pipeline/Pipeline::carry():184}:185}(Object(Illuminate/Http/Request))
#38 D:/New folder (20)/New folder/sistemkpi-tlab/vendor/laravel/framework/src/Illuminate/Session/Middleware/StartSession.php(64): Illuminate/Session/Middleware/StartSession->handleStatefulRequest(Object(Illuminate/Http/Request), Object(Illuminate/Session/Store), Object(Closure))
#39 D:/New folder (20)/New folder/sistemkpi-tlab/vendor/laravel/framework/src/Illuminate/Pipeline/Pipeline.php(209): Illuminate/Session/Middleware/StartSession->handle(Object(Illuminate/Http/Request), Object(Closure))
#40 D:/New folder (20)/New folder/sistemkpi-tlab/vendor/laravel/framework/src/Illuminate/Cookie/Middleware/AddQueuedCookiesToResponse.php(37): Illuminate/Pipeline/Pipeline->{closure:{closure:Illuminate/Pipeline/Pipeline::carry():184}:185}(Object(Illuminate/Http/Request))
#41 D:/New folder (20)/New folder/sistemkpi-tlab/vendor/laravel/framework/src/Illuminate/Pipeline/Pipeline.php(209): Illuminate/Cookie/Middleware/AddQueuedCookiesToResponse->handle(Object(Illuminate/Http/Request), Object(Closure))
#42 D:/New folder (20)/New folder/sistemkpi-tlab/vendor/laravel/framework/src/Illuminate/Cookie/Middleware/EncryptCookies.php(75): Illuminate/Pipeline/Pipeline->{closure:{closure:Illuminate/Pipeline/Pipeline::carry():184}:185}(Object(Illuminate/Http/Request))
#43 D:/New folder (20)/New folder/sistemkpi-tlab/vendor/laravel/framework/src/Illuminate/Pipeline/Pipeline.php(209): Illuminate/Cookie/Middleware/EncryptCookies->handle(Object(Illuminate/Http/Request), Object(Closure))
#44 D:/New folder (20)/New folder/sistemkpi-tlab/vendor/laravel/framework/src/Illuminate/Pipeline/Pipeline.php(127): Illuminate/Pipeline/Pipeline->{closure:{closure:Illuminate/Pipeline/Pipeline::carry():184}:185}(Object(Illuminate/Http/Request))
#45 D:/New folder (20)/New folder/sistemkpi-tlab/vendor/laravel/framework/src/Illuminate/Routing/Router.php(807): Illuminate/Pipeline/Pipeline->then(Object(Closure))
#46 D:/New folder (20)/New folder/sistemkpi-tlab/vendor/laravel/framework/src/Illuminate/Routing/Router.php(786): Illuminate/Routing/Router->runRouteWithinStack(Object(Illuminate/Routing/Route), Object(Illuminate/Http/Request))
#47 D:/New folder (20)/New folder/sistemkpi-tlab/vendor/laravel/framework/src/Illuminate/Routing/Router.php(750): Illuminate/Routing/Router->runRoute(Object(Illuminate/Http/Request), Object(Illuminate/Routing/Route))
#48 D:/New folder (20)/New folder/sistemkpi-tlab/vendor/laravel/framework/src/Illuminate/Routing/Router.php(739): Illuminate/Routing/Router->dispatchToRoute(Object(Illuminate/Http/Request))
#49 D:/New folder (20)/New folder/sistemkpi-tlab/vendor/laravel/framework/src/Illuminate/Foundation/Http/Kernel.php(201): Illuminate/Routing/Router->dispatch(Object(Illuminate/Http/Request))
#50 D:/New folder (20)/New folder/sistemkpi-tlab/vendor/laravel/framework/src/Illuminate/Pipeline/Pipeline.php(170): Illuminate/Foundation/Http/Kernel->{closure:Illuminate/Foundation/Http/Kernel::dispatchToRouter():198}(Object(Illuminate/Http/Request))
#51 D:/New folder (20)/New folder/sistemkpi-tlab/vendor/laravel/framework/src/Illuminate/Foundation/Http/Middleware/TransformsRequest.php(21): Illuminate/Pipeline/Pipeline->{closure:Illuminate/Pipeline/Pipeline::prepareDestination():168}(Object(Illuminate/Http/Request))
#52 D:/New folder (20)/New folder/sistemkpi-tlab/vendor/laravel/framework/src/Illuminate/Foundation/Http/Middleware/ConvertEmptyStringsToNull.php(31): Illuminate/Foundation/Http/Middleware/TransformsRequest->handle(Object(Illuminate/Http/Request), Object(Closure))
#53 D:/New folder (20)/New folder/sistemkpi-tlab/vendor/laravel/framework/src/Illuminate/Pipeline/Pipeline.php(209): Illuminate/Foundation/Http/Middleware/ConvertEmptyStringsToNull->handle(Object(Illuminate/Http/Request), Object(Closure))
#54 D:/New folder (20)/New folder/sistemkpi-tlab/vendor/laravel/framework/src/Illuminate/Foundation/Http/Middleware/TransformsRequest.php(21): Illuminate/Pipeline/Pipeline->{closure:{closure:Illuminate/Pipeline/Pipeline::carry():184}:185}(Object(Illuminate/Http/Request))
#55 D:/New folder (20)/New folder/sistemkpi-tlab/vendor/laravel/framework/src/Illuminate/Foundation/Http/Middleware/TrimStrings.php(51): Illuminate/Foundation/Http/Middleware/TransformsRequest->handle(Object(Illuminate/Http/Request), Object(Closure))
#56 D:/New folder (20)/New folder/sistemkpi-tlab/vendor/laravel/framework/src/Illuminate/Pipeline/Pipeline.php(209): Illuminate/Foundation/Http/Middleware/TrimStrings->handle(Object(Illuminate/Http/Request), Object(Closure))
#57 D:/New folder (20)/New folder/sistemkpi-tlab/vendor/laravel/framework/src/Illuminate/Http/Middleware/ValidatePostSize.php(27): Illuminate/Pipeline/Pipeline->{closure:{closure:Illuminate/Pipeline/Pipeline::carry():184}:185}(Object(Illuminate/Http/Request))
#58 D:/New folder (20)/New folder/sistemkpi-tlab/vendor/laravel/framework/src/Illuminate/Pipeline/Pipeline.php(209): Illuminate/Http/Middleware/ValidatePostSize->handle(Object(Illuminate/Http/Request), Object(Closure))
#59 D:/New folder (20)/New folder/sistemkpi-tlab/vendor/laravel/framework/src/Illuminate/Foundation/Http/Middleware/PreventRequestsDuringMaintenance.php(110): Illuminate/Pipeline/Pipeline->{closure:{closure:Illuminate/Pipeline/Pipeline::carry():184}:185}(Object(Illuminate/Http/Request))
#60 D:/New folder (20)/New folder/sistemkpi-tlab/vendor/laravel/framework/src/Illuminate/Pipeline/Pipeline.php(209): Illuminate/Foundation/Http/Middleware/PreventRequestsDuringMaintenance->handle(Object(Illuminate/Http/Request), Object(Closure))
#61 D:/New folder (20)/New folder/sistemkpi-tlab/vendor/laravel/framework/src/Illuminate/Http/Middleware/HandleCors.php(49): Illuminate/Pipeline/Pipeline->{closure:{closure:Illuminate/Pipeline/Pipeline::carry():184}:185}(Object(Illuminate/Http/Request))
#62 D:/New folder (20)/New folder/sistemkpi-tlab/vendor/laravel/framework/src/Illuminate/Pipeline/Pipeline.php(209): Illuminate/Http/Middleware/HandleCors->handle(Object(Illuminate/Http/Request), Object(Closure))
#63 D:/New folder (20)/New folder/sistemkpi-tlab/vendor/laravel/framework/src/Illuminate/Http/Middleware/TrustProxies.php(58): Illuminate/Pipeline/Pipeline->{closure:{closure:Illuminate/Pipeline/Pipeline::carry():184}:185}(Object(Illuminate/Http/Request))
#64 D:/New folder (20)/New folder/sistemkpi-tlab/vendor/laravel/framework/src/Illuminate/Pipeline/Pipeline.php(209): Illuminate/Http/Middleware/TrustProxies->handle(Object(Illuminate/Http/Request), Object(Closure))
#65 D:/New folder (20)/New folder/sistemkpi-tlab/vendor/laravel/framework/src/Illuminate/Foundation/Http/Middleware/InvokeDeferredCallbacks.php(22): Illuminate/Pipeline/Pipeline->{closure:{closure:Illuminate/Pipeline/Pipeline::carry():184}:185}(Object(Illuminate/Http/Request))
#66 D:/New folder (20)/New folder/sistemkpi-tlab/vendor/laravel/framework/src/Illuminate/Pipeline/Pipeline.php(209): Illuminate/Foundation/Http/Middleware/InvokeDeferredCallbacks->handle(Object(Illuminate/Http/Request), Object(Closure))
#67 D:/New folder (20)/New folder/sistemkpi-tlab/vendor/laravel/framework/src/Illuminate/Pipeline/Pipeline.php(127): Illuminate/Pipeline/Pipeline->{closure:{closure:Illuminate/Pipeline/Pipeline::carry():184}:185}(Object(Illuminate/Http/Request))
#68 D:/New folder (20)/New folder/sistemkpi-tlab/vendor/laravel/framework/src/Illuminate/Foundation/Http/Kernel.php(176): Illuminate/Pipeline/Pipeline->then(Object(Closure))
#69 D:/New folder (20)/New folder/sistemkpi-tlab/vendor/laravel/framework/src/Illuminate/Foundation/Http/Kernel.php(145): Illuminate/Foundation/Http/Kernel->sendRequestThroughRouter(Object(Illuminate/Http/Request))
#70 D:/New folder (20)/New folder/sistemkpi-tlab/vendor/laravel/framework/src/Illuminate/Foundation/Application.php(1220): Illuminate/Foundation/Http/Kernel->handle(Object(Illuminate/Http/Request))
#71 D:/New folder (20)/New folder/sistemkpi-tlab/public/index.php(17): Illuminate/Foundation/Application->handleRequest(Object(Illuminate/Http/Request))
#72 D:/New folder (20)/New folder/sistemkpi-tlab/vendor/laravel/framework/src/Illuminate/Foundation/resources/server.php(23): require_once('D://New folder (...')
#73 {main}
"} 
[2026-06-19 11:15:41] local.ERROR: SQLSTATE[HY000] [1045] Access denied for user 'root'@'localhost' (using password: YES) (Connection: mysql, SQL: select * from `users` where `email` = budi@example.com limit 1) {"exception":"[object] (Illuminate\\Database\\QueryException(code: 1045): SQLSTATE[HY000] [1045] Access denied for user 'root'@'localhost' (using password: YES) (Connection: mysql, SQL: select * from `users` where `email` = budi@example.com limit 1) at D:/New folder (20)/New folder/sistemkpi-tlab/vendor/laravel/framework/src/Illuminate/Database/Connection.php:825)
[stacktrace]
#0 D:/New folder (20)/New folder/sistemkpi-tlab/vendor/laravel/framework/src/Illuminate/Database/Connection.php(779): Illuminate/Database/Connection->runQueryCallback('select * from `...', Array, Object(Closure))
#1 D:/New folder (20)/New folder/sistemkpi-tlab/vendor/laravel/framework/src/Illuminate/Database/Connection.php(398): Illuminate/Database/Connection->run('select * from `...', Array, Object(Closure))
#2 D:/New folder (20)/New folder/sistemkpi-tlab/vendor/laravel/framework/src/Illuminate/Database/Query/Builder.php(3106): Illuminate/Database/Connection->select('select * from `...', Array, true)
#3 D:/New folder (20)/New folder/sistemkpi-tlab/vendor/laravel/framework/src/Illuminate/Database/Query/Builder.php(3091): Illuminate/Database/Query/Builder->runSelect()
#4 D:/New folder (20)/New folder/sistemkpi-tlab/vendor/laravel/framework/src/Illuminate/Database/Query/Builder.php(3676): Illuminate/Database/Query/Builder->{closure:Illuminate/Database/Query/Builder::get():3090}()
#5 D:/New folder (20)/New folder/sistemkpi-tlab/vendor/laravel/framework/src/Illuminate/Database/Query/Builder.php(3090): Illuminate/Database/Query/Builder->onceWithColumns(Array, Object(Closure))
#6 D:/New folder (20)/New folder/sistemkpi-tlab/vendor/laravel/framework/src/Illuminate/Database/Eloquent/Builder.php(811): Illuminate/Database/Query/Builder->get(Array)
#7 D:/New folder (20)/New folder/sistemkpi-tlab/vendor/laravel/framework/src/Illuminate/Database/Eloquent/Builder.php(793): Illuminate/Database/Eloquent/Builder->getModels(Array)
#8 D:/New folder (20)/New folder/sistemkpi-tlab/vendor/laravel/framework/src/Illuminate/Database/Concerns/BuildsQueries.php(343): Illuminate/Database/Eloquent/Builder->get(Array)
#9 D:/New folder (20)/New folder/sistemkpi-tlab/vendor/laravel/framework/src/Illuminate/Auth/EloquentUserProvider.php(139): Illuminate/Database/Eloquent/Builder->first()
#10 D:/New folder (20)/New folder/sistemkpi-tlab/vendor/laravel/framework/src/Illuminate/Auth/SessionGuard.php(415): Illuminate/Auth/EloquentUserProvider->retrieveByCredentials(Object(SensitiveParameterValue))
#11 D:/New folder (20)/New folder/sistemkpi-tlab/vendor/laravel/framework/src/Illuminate/Support/Timebox.php(34): Illuminate/Auth/SessionGuard->{closure:Illuminate/Auth/SessionGuard::attempt():412}(Object(Illuminate/Support/Timebox))
#12 D:/New folder (20)/New folder/sistemkpi-tlab/vendor/laravel/framework/src/Illuminate/Auth/SessionGuard.php(412): Illuminate/Support/Timebox->call(Object(Closure), 200000)
#13 D:/New folder (20)/New folder/sistemkpi-tlab/vendor/laravel/framework/src/Illuminate/Auth/AuthManager.php(340): Illuminate/Auth/SessionGuard->attempt(Array, false)
#14 D:/New folder (20)/New folder/sistemkpi-tlab/vendor/laravel/framework/src/Illuminate/Support/Facades/Facade.php(361): Illuminate/Auth/AuthManager->__call('attempt', Array)
#15 D:/New folder (20)/New folder/sistemkpi-tlab/app/Http/Controllers/AuthController.php(36): Illuminate/Support/Facades/Facade::__callStatic('attempt', Array)
#16 D:/New folder (20)/New folder/sistemkpi-tlab/vendor/laravel/framework/src/Illuminate/Routing/ControllerDispatcher.php(47): App/Http/Controllers/AuthController->login(Object(Illuminate/Http/Request))
#17 D:/New folder (20)/New folder/sistemkpi-tlab/vendor/laravel/framework/src/Illuminate/Routing/Route.php(266): Illuminate/Routing/ControllerDispatcher->dispatch(Object(Illuminate/Routing/Route), Object(App/Http/Controllers/AuthController), 'login')
#18 D:/New folder (20)/New folder/sistemkpi-tlab/vendor/laravel/framework/src/Illuminate/Routing/Route.php(212): Illuminate/Routing/Route->runController()
#19 D:/New folder (20)/New folder/sistemkpi-tlab/vendor/laravel/framework/src/Illuminate/Routing/Router.php(808): Illuminate/Routing/Route->run()
#20 D:/New folder (20)/New folder/sistemkpi-tlab/vendor/laravel/framework/src/Illuminate/Pipeline/Pipeline.php(170): Illuminate/Routing/Router->{closure:Illuminate/Routing/Router::runRouteWithinStack():807}(Object(Illuminate/Http/Request))
#21 D:/New folder (20)/New folder/sistemkpi-tlab/vendor/laravel/framework/src/Illuminate/Routing/Middleware/SubstituteBindings.php(51): Illuminate/Pipeline/Pipeline->{closure:Illuminate/Pipeline/Pipeline::prepareDestination():168}(Object(Illuminate/Http/Request))
#22 D:/New folder (20)/New folder/sistemkpi-tlab/vendor/laravel/framework/src/Illuminate/Pipeline/Pipeline.php(209): Illuminate/Routing/Middleware/SubstituteBindings->handle(Object(Illuminate/Http/Request), Object(Closure))
#23 D:/New folder (20)/New folder/sistemkpi-tlab/vendor/laravel/framework/src/Illuminate/Foundation/Http/Middleware/VerifyCsrfToken.php(88): Illuminate/Pipeline/Pipeline->{closure:{closure:Illuminate/Pipeline/Pipeline::carry():184}:185}(Object(Illuminate/Http/Request))
#24 D:/New folder (20)/New folder/sistemkpi-tlab/vendor/laravel/framework/src/Illuminate/Pipeline/Pipeline.php(209): Illuminate/Foundation/Http/Middleware/VerifyCsrfToken->handle(Object(Illuminate/Http/Request), Object(Closure))
#25 D:/New folder (20)/New folder/sistemkpi-tlab/vendor/laravel/framework/src/Illuminate/View/Middleware/ShareErrorsFromSession.php(49): Illuminate/Pipeline/Pipeline->{closure:{closure:Illuminate/Pipeline/Pipeline::carry():184}:185}(Object(Illuminate/Http/Request))
#26 D:/New folder (20)/New folder/sistemkpi-tlab/vendor/laravel/framework/src/Illuminate/Pipeline/Pipeline.php(209): Illuminate/View/Middleware/ShareErrorsFromSession->handle(Object(Illuminate/Http/Request), Object(Closure))
#27 D:/New folder (20)/New folder/sistemkpi-tlab/vendor/laravel/framework/src/Illuminate/Session/Middleware/StartSession.php(121): Illuminate/Pipeline/Pipeline->{closure:{closure:Illuminate/Pipeline/Pipeline::carry():184}:185}(Object(Illuminate/Http/Request))
#28 D:/New folder (20)/New folder/sistemkpi-tlab/vendor/laravel/framework/src/Illuminate/Session/Middleware/StartSession.php(64): Illuminate/Session/Middleware/StartSession->handleStatefulRequest(Object(Illuminate/Http/Request), Object(Illuminate/Session/Store), Object(Closure))
#29 D:/New folder (20)/New folder/sistemkpi-tlab/vendor/laravel/framework/src/Illuminate/Pipeline/Pipeline.php(209): Illuminate/Session/Middleware/StartSession->handle(Object(Illuminate/Http/Request), Object(Closure))
#30 D:/New folder (20)/New folder/sistemkpi-tlab/vendor/laravel/framework/src/Illuminate/Cookie/Middleware/AddQueuedCookiesToResponse.php(37): Illuminate/Pipeline/Pipeline->{closure:{closure:Illuminate/Pipeline/Pipeline::carry():184}:185}(Object(Illuminate/Http/Request))
#31 D:/New folder (20)/New folder/sistemkpi-tlab/vendor/laravel/framework/src/Illuminate/Pipeline/Pipeline.php(209): Illuminate/Cookie/Middleware/AddQueuedCookiesToResponse->handle(Object(Illuminate/Http/Request), Object(Closure))
#32 D:/New folder (20)/New folder/sistemkpi-tlab/vendor/laravel/framework/src/Illuminate/Cookie/Middleware/EncryptCookies.php(75): Illuminate/Pipeline/Pipeline->{closure:{closure:Illuminate/Pipeline/Pipeline::carry():184}:185}(Object(Illuminate/Http/Request))
#33 D:/New folder (20)/New folder/sistemkpi-tlab/vendor/laravel/framework/src/Illuminate/Pipeline/Pipeline.php(209): Illuminate/Cookie/Middleware/EncryptCookies->handle(Object(Illuminate/Http/Request), Object(Closure))
#34 D:/New folder (20)/New folder/sistemkpi-tlab/vendor/laravel/framework/src/Illuminate/Pipeline/Pipeline.php(127): Illuminate/Pipeline/Pipeline->{closure:{closure:Illuminate/Pipeline/Pipeline::carry():184}:185}(Object(Illuminate/Http/Request))
#35 D:/New folder (20)/New folder/sistemkpi-tlab/vendor/laravel/framework/src/Illuminate/Routing/Router.php(807): Illuminate/Pipeline/Pipeline->then(Object(Closure))
#36 D:/New folder (20)/New folder/sistemkpi-tlab/vendor/laravel/framework/src/Illuminate/Routing/Router.php(786): Illuminate/Routing/Router->runRouteWithinStack(Object(Illuminate/Routing/Route), Object(Illuminate/Http/Request))
#37 D:/New folder (20)/New folder/sistemkpi-tlab/vendor/laravel/framework/src/Illuminate/Routing/Router.php(750): Illuminate/Routing/Router->runRoute(Object(Illuminate/Http/Request), Object(Illuminate/Routing/Route))
#38 D:/New folder (20)/New folder/sistemkpi-tlab/vendor/laravel/framework/src/Illuminate/Routing/Router.php(739): Illuminate/Routing/Router->dispatchToRoute(Object(Illuminate/Http/Request))
#39 D:/New folder (20)/New folder/sistemkpi-tlab/vendor/laravel/framework/src/Illuminate/Foundation/Http/Kernel.php(201): Illuminate/Routing/Router->dispatch(Object(Illuminate/Http/Request))
#40 D:/New folder (20)/New folder/sistemkpi-tlab/vendor/laravel/framework/src/Illuminate/Pipeline/Pipeline.php(170): Illuminate/Foundation/Http/Kernel->{closure:Illuminate/Foundation/Http/Kernel::dispatchToRouter():198}(Object(Illuminate/Http/Request))
#41 D:/New folder (20)/New folder/sistemkpi-tlab/vendor/laravel/framework/src/Illuminate/Foundation/Http/Middleware/TransformsRequest.php(21): Illuminate/Pipeline/Pipeline->{closure:Illuminate/Pipeline/Pipeline::prepareDestination():168}(Object(Illuminate/Http/Request))
#42 D:/New folder (20)/New folder/sistemkpi-tlab/vendor/laravel/framework/src/Illuminate/Foundation/Http/Middleware/ConvertEmptyStringsToNull.php(31): Illuminate/Foundation/Http/Middleware/TransformsRequest->handle(Object(Illuminate/Http/Request), Object(Closure))
#43 D:/New folder (20)/New folder/sistemkpi-tlab/vendor/laravel/framework/src/Illuminate/Pipeline/Pipeline.php(209): Illuminate/Foundation/Http/Middleware/ConvertEmptyStringsToNull->handle(Object(Illuminate/Http/Request), Object(Closure))
#44 D:/New folder (20)/New folder/sistemkpi-tlab/vendor/laravel/framework/src/Illuminate/Foundation/Http/Middleware/TransformsRequest.php(21): Illuminate/Pipeline/Pipeline->{closure:{closure:Illuminate/Pipeline/Pipeline::carry():184}:185}(Object(Illuminate/Http/Request))
#45 D:/New folder (20)/New folder/sistemkpi-tlab/vendor/laravel/framework/src/Illuminate/Foundation/Http/Middleware/TrimStrings.php(51): Illuminate/Foundation/Http/Middleware/TransformsRequest->handle(Object(Illuminate/Http/Request), Object(Closure))
#46 D:/New folder (20)/New folder/sistemkpi-tlab/vendor/laravel/framework/src/Illuminate/Pipeline/Pipeline.php(209): Illuminate/Foundation/Http/Middleware/TrimStrings->handle(Object(Illuminate/Http/Request), Object(Closure))
#47 D:/New folder (20)/New folder/sistemkpi-tlab/vendor/laravel/framework/src/Illuminate/Http/Middleware/ValidatePostSize.php(27): Illuminate/Pipeline/Pipeline->{closure:{closure:Illuminate/Pipeline/Pipeline::carry():184}:185}(Object(Illuminate/Http/Request))
#48 D:/New folder (20)/New folder/sistemkpi-tlab/vendor/laravel/framework/src/Illuminate/Pipeline/Pipeline.php(209): Illuminate/Http/Middleware/ValidatePostSize->handle(Object(Illuminate/Http/Request), Object(Closure))
#49 D:/New folder (20)/New folder/sistemkpi-tlab/vendor/laravel/framework/src/Illuminate/Foundation/Http/Middleware/PreventRequestsDuringMaintenance.php(110): Illuminate/Pipeline/Pipeline->{closure:{closure:Illuminate/Pipeline/Pipeline::carry():184}:185}(Object(Illuminate/Http/Request))
#50 D:/New folder (20)/New folder/sistemkpi-tlab/vendor/laravel/framework/src/Illuminate/Pipeline/Pipeline.php(209): Illuminate/Foundation/Http/Middleware/PreventRequestsDuringMaintenance->handle(Object(Illuminate/Http/Request), Object(Closure))
#51 D:/New folder (20)/New folder/sistemkpi-tlab/vendor/laravel/framework/src/Illuminate/Http/Middleware/HandleCors.php(49): Illuminate/Pipeline/Pipeline->{closure:{closure:Illuminate/Pipeline/Pipeline::carry():184}:185}(Object(Illuminate/Http/Request))
#52 D:/New folder (20)/New folder/sistemkpi-tlab/vendor/laravel/framework/src/Illuminate/Pipeline/Pipeline.php(209): Illuminate/Http/Middleware/HandleCors->handle(Object(Illuminate/Http/Request), Object(Closure))
#53 D:/New folder (20)/New folder/sistemkpi-tlab/vendor/laravel/framework/src/Illuminate/Http/Middleware/TrustProxies.php(58): Illuminate/Pipeline/Pipeline->{closure:{closure:Illuminate/Pipeline/Pipeline::carry():184}:185}(Object(Illuminate/Http/Request))
#54 D:/New folder (20)/New folder/sistemkpi-tlab/vendor/laravel/framework/src/Illuminate/Pipeline/Pipeline.php(209): Illuminate/Http/Middleware/TrustProxies->handle(Object(Illuminate/Http/Request), Object(Closure))
#55 D:/New folder (20)/New folder/sistemkpi-tlab/vendor/laravel/framework/src/Illuminate/Foundation/Http/Middleware/InvokeDeferredCallbacks.php(22): Illuminate/Pipeline/Pipeline->{closure:{closure:Illuminate/Pipeline/Pipeline::carry():184}:185}(Object(Illuminate/Http/Request))
#56 D:/New folder (20)/New folder/sistemkpi-tlab/vendor/laravel/framework/src/Illuminate/Pipeline/Pipeline.php(209): Illuminate/Foundation/Http/Middleware/InvokeDeferredCallbacks->handle(Object(Illuminate/Http/Request), Object(Closure))
#57 D:/New folder (20)/New folder/sistemkpi-tlab/vendor/laravel/framework/src/Illuminate/Pipeline/Pipeline.php(127): Illuminate/Pipeline/Pipeline->{closure:{closure:Illuminate/Pipeline/Pipeline::carry():184}:185}(Object(Illuminate/Http/Request))
#58 D:/New folder (20)/New folder/sistemkpi-tlab/vendor/laravel/framework/src/Illuminate/Foundation/Http/Kernel.php(176): Illuminate/Pipeline/Pipeline->then(Object(Closure))
#59 D:/New folder (20)/New folder/sistemkpi-tlab/vendor/laravel/framework/src/Illuminate/Foundation/Http/Kernel.php(145): Illuminate/Foundation/Http/Kernel->sendRequestThroughRouter(Object(Illuminate/Http/Request))
#60 D:/New folder (20)/New folder/sistemkpi-tlab/vendor/laravel/framework/src/Illuminate/Foundation/Application.php(1220): Illuminate/Foundation/Http/Kernel->handle(Object(Illuminate/Http/Request))
#61 D:/New folder (20)/New folder/sistemkpi-tlab/public/index.php(17): Illuminate/Foundation/Application->handleRequest(Object(Illuminate/Http/Request))
#62 D:/New folder (20)/New folder/sistemkpi-tlab/vendor/laravel/framework/src/Illuminate/Foundation/resources/server.php(23): require_once('D://New folder (...')
#63 {main}

[previous exception] [object] (PDOException(code: 1045): SQLSTATE[HY000] [1045] Access denied for user 'root'@'localhost' (using password: YES) at D:/New folder (20)/New folder/sistemkpi-tlab/vendor/laravel/framework/src/Illuminate/Database/Connectors/Connector.php:67)
[stacktrace]
#0 D:/New folder (20)/New folder/sistemkpi-tlab/vendor/laravel/framework/src/Illuminate/Database/Connectors/Connector.php(67): PDO::connect('mysql:host=127....', 'root', Object(SensitiveParameterValue), Array)
#1 D:/New folder (20)/New folder/sistemkpi-tlab/vendor/laravel/framework/src/Illuminate/Database/Connectors/Connector.php(44): Illuminate/Database/Connectors/Connector->createPdoConnection('mysql:host=127....', 'root', Object(SensitiveParameterValue), Array)
#2 D:/New folder (20)/New folder/sistemkpi-tlab/vendor/laravel/framework/src/Illuminate/Database/Connectors/MySqlConnector.php(24): Illuminate/Database/Connectors/Connector->createConnection('mysql:host=127....', Array, Array)
#3 D:/New folder (20)/New folder/sistemkpi-tlab/vendor/laravel/framework/src/Illuminate/Database/Connectors/ConnectionFactory.php(185): Illuminate/Database/Connectors/MySqlConnector->connect(Array)
#4 [internal function]: Illuminate/Database/Connectors/ConnectionFactory->{closure:Illuminate/Database/Connectors/ConnectionFactory::createPdoResolverWithHosts():180}()
#5 D:/New folder (20)/New folder/sistemkpi-tlab/vendor/laravel/framework/src/Illuminate/Database/Connection.php(1231): call_user_func(Object(Closure))
#6 D:/New folder (20)/New folder/sistemkpi-tlab/vendor/laravel/framework/src/Illuminate/Database/Connection.php(1267): Illuminate/Database/Connection->getPdo()
#7 D:/New folder (20)/New folder/sistemkpi-tlab/vendor/laravel/framework/src/Illuminate/Database/Connection.php(512): Illuminate/Database/Connection->getReadPdo()
#8 D:/New folder (20)/New folder/sistemkpi-tlab/vendor/laravel/framework/src/Illuminate/Database/Connection.php(407): Illuminate/Database/Connection->getPdoForSelect(true)
#9 D:/New folder (20)/New folder/sistemkpi-tlab/vendor/laravel/framework/src/Illuminate/Database/Connection.php(812): Illuminate/Database/Connection->{closure:Illuminate/Database/Connection::select():398}('select * from `...', Array)
#10 D:/New folder (20)/New folder/sistemkpi-tlab/vendor/laravel/framework/src/Illuminate/Database/Connection.php(779): Illuminate/Database/Connection->runQueryCallback('select * from `...', Array, Object(Closure))
#11 D:/New folder (20)/New folder/sistemkpi-tlab/vendor/laravel/framework/src/Illuminate/Database/Connection.php(398): Illuminate/Database/Connection->run('select * from `...', Array, Object(Closure))
#12 D:/New folder (20)/New folder/sistemkpi-tlab/vendor/laravel/framework/src/Illuminate/Database/Query/Builder.php(3106): Illuminate/Database/Connection->select('select * from `...', Array, true)
#13 D:/New folder (20)/New folder/sistemkpi-tlab/vendor/laravel/framework/src/Illuminate/Database/Query/Builder.php(3091): Illuminate/Database/Query/Builder->runSelect()
#14 D:/New folder (20)/New folder/sistemkpi-tlab/vendor/laravel/framework/src/Illuminate/Database/Query/Builder.php(3676): Illuminate/Database/Query/Builder->{closure:Illuminate/Database/Query/Builder::get():3090}()
#15 D:/New folder (20)/New folder/sistemkpi-tlab/vendor/laravel/framework/src/Illuminate/Database/Query/Builder.php(3090): Illuminate/Database/Query/Builder->onceWithColumns(Array, Object(Closure))
#16 D:/New folder (20)/New folder/sistemkpi-tlab/vendor/laravel/framework/src/Illuminate/Database/Eloquent/Builder.php(811): Illuminate/Database/Query/Builder->get(Array)
#17 D:/New folder (20)/New folder/sistemkpi-tlab/vendor/laravel/framework/src/Illuminate/Database/Eloquent/Builder.php(793): Illuminate/Database/Eloquent/Builder->getModels(Array)
#18 D:/New folder (20)/New folder/sistemkpi-tlab/vendor/laravel/framework/src/Illuminate/Database/Concerns/BuildsQueries.php(343): Illuminate/Database/Eloquent/Builder->get(Array)
#19 D:/New folder (20)/New folder/sistemkpi-tlab/vendor/laravel/framework/src/Illuminate/Auth/EloquentUserProvider.php(139): Illuminate/Database/Eloquent/Builder->first()
#20 D:/New folder (20)/New folder/sistemkpi-tlab/vendor/laravel/framework/src/Illuminate/Auth/SessionGuard.php(415): Illuminate/Auth/EloquentUserProvider->retrieveByCredentials(Object(SensitiveParameterValue))
#21 D:/New folder (20)/New folder/sistemkpi-tlab/vendor/laravel/framework/src/Illuminate/Support/Timebox.php(34): Illuminate/Auth/SessionGuard->{closure:Illuminate/Auth/SessionGuard::attempt():412}(Object(Illuminate/Support/Timebox))
#22 D:/New folder (20)/New folder/sistemkpi-tlab/vendor/laravel/framework/src/Illuminate/Auth/SessionGuard.php(412): Illuminate/Support/Timebox->call(Object(Closure), 200000)
#23 D:/New folder (20)/New folder/sistemkpi-tlab/vendor/laravel/framework/src/Illuminate/Auth/AuthManager.php(340): Illuminate/Auth/SessionGuard->attempt(Array, false)
#24 D:/New folder (20)/New folder/sistemkpi-tlab/vendor/laravel/framework/src/Illuminate/Support/Facades/Facade.php(361): Illuminate/Auth/AuthManager->__call('attempt', Array)
#25 D:/New folder (20)/New folder/sistemkpi-tlab/app/Http/Controllers/AuthController.php(36): Illuminate/Support/Facades/Facade::__callStatic('attempt', Array)
#26 D:/New folder (20)/New folder/sistemkpi-tlab/vendor/laravel/framework/src/Illuminate/Routing/ControllerDispatcher.php(47): App/Http/Controllers/AuthController->login(Object(Illuminate/Http/Request))
#27 D:/New folder (20)/New folder/sistemkpi-tlab/vendor/laravel/framework/src/Illuminate/Routing/Route.php(266): Illuminate/Routing/ControllerDispatcher->dispatch(Object(Illuminate/Routing/Route), Object(App/Http/Controllers/AuthController), 'login')
#28 D:/New folder (20)/New folder/sistemkpi-tlab/vendor/laravel/framework/src/Illuminate/Routing/Route.php(212): Illuminate/Routing/Route->runController()
#29 D:/New folder (20)/New folder/sistemkpi-tlab/vendor/laravel/framework/src/Illuminate/Routing/Router.php(808): Illuminate/Routing/Route->run()
#30 D:/New folder (20)/New folder/sistemkpi-tlab/vendor/laravel/framework/src/Illuminate/Pipeline/Pipeline.php(170): Illuminate/Routing/Router->{closure:Illuminate/Routing/Router::runRouteWithinStack():807}(Object(Illuminate/Http/Request))
#31 D:/New folder (20)/New folder/sistemkpi-tlab/vendor/laravel/framework/src/Illuminate/Routing/Middleware/SubstituteBindings.php(51): Illuminate/Pipeline/Pipeline->{closure:Illuminate/Pipeline/Pipeline::prepareDestination():168}(Object(Illuminate/Http/Request))
#32 D:/New folder (20)/New folder/sistemkpi-tlab/vendor/laravel/framework/src/Illuminate/Pipeline/Pipeline.php(209): Illuminate/Routing/Middleware/SubstituteBindings->handle(Object(Illuminate/Http/Request), Object(Closure))
#33 D:/New folder (20)/New folder/sistemkpi-tlab/vendor/laravel/framework/src/Illuminate/Foundation/Http/Middleware/VerifyCsrfToken.php(88): Illuminate/Pipeline/Pipeline->{closure:{closure:Illuminate/Pipeline/Pipeline::carry():184}:185}(Object(Illuminate/Http/Request))
#34 D:/New folder (20)/New folder/sistemkpi-tlab/vendor/laravel/framework/src/Illuminate/Pipeline/Pipeline.php(209): Illuminate/Foundation/Http/Middleware/VerifyCsrfToken->handle(Object(Illuminate/Http/Request), Object(Closure))
#35 D:/New folder (20)/New folder/sistemkpi-tlab/vendor/laravel/framework/src/Illuminate/View/Middleware/ShareErrorsFromSession.php(49): Illuminate/Pipeline/Pipeline->{closure:{closure:Illuminate/Pipeline/Pipeline::carry():184}:185}(Object(Illuminate/Http/Request))
#36 D:/New folder (20)/New folder/sistemkpi-tlab/vendor/laravel/framework/src/Illuminate/Pipeline/Pipeline.php(209): Illuminate/View/Middleware/ShareErrorsFromSession->handle(Object(Illuminate/Http/Request), Object(Closure))
#37 D:/New folder (20)/New folder/sistemkpi-tlab/vendor/laravel/framework/src/Illuminate/Session/Middleware/StartSession.php(121): Illuminate/Pipeline/Pipeline->{closure:{closure:Illuminate/Pipeline/Pipeline::carry():184}:185}(Object(Illuminate/Http/Request))
#38 D:/New folder (20)/New folder/sistemkpi-tlab/vendor/laravel/framework/src/Illuminate/Session/Middleware/StartSession.php(64): Illuminate/Session/Middleware/StartSession->handleStatefulRequest(Object(Illuminate/Http/Request), Object(Illuminate/Session/Store), Object(Closure))
#39 D:/New folder (20)/New folder/sistemkpi-tlab/vendor/laravel/framework/src/Illuminate/Pipeline/Pipeline.php(209): Illuminate/Session/Middleware/StartSession->handle(Object(Illuminate/Http/Request), Object(Closure))
#40 D:/New folder (20)/New folder/sistemkpi-tlab/vendor/laravel/framework/src/Illuminate/Cookie/Middleware/AddQueuedCookiesToResponse.php(37): Illuminate/Pipeline/Pipeline->{closure:{closure:Illuminate/Pipeline/Pipeline::carry():184}:185}(Object(Illuminate/Http/Request))
#41 D:/New folder (20)/New folder/sistemkpi-tlab/vendor/laravel/framework/src/Illuminate/Pipeline/Pipeline.php(209): Illuminate/Cookie/Middleware/AddQueuedCookiesToResponse->handle(Object(Illuminate/Http/Request), Object(Closure))
#42 D:/New folder (20)/New folder/sistemkpi-tlab/vendor/laravel/framework/src/Illuminate/Cookie/Middleware/EncryptCookies.php(75): Illuminate/Pipeline/Pipeline->{closure:{closure:Illuminate/Pipeline/Pipeline::carry():184}:185}(Object(Illuminate/Http/Request))
#43 D:/New folder (20)/New folder/sistemkpi-tlab/vendor/laravel/framework/src/Illuminate/Pipeline/Pipeline.php(209): Illuminate/Cookie/Middleware/EncryptCookies->handle(Object(Illuminate/Http/Request), Object(Closure))
#44 D:/New folder (20)/New folder/sistemkpi-tlab/vendor/laravel/framework/src/Illuminate/Pipeline/Pipeline.php(127): Illuminate/Pipeline/Pipeline->{closure:{closure:Illuminate/Pipeline/Pipeline::carry():184}:185}(Object(Illuminate/Http/Request))
#45 D:/New folder (20)/New folder/sistemkpi-tlab/vendor/laravel/framework/src/Illuminate/Routing/Router.php(807): Illuminate/Pipeline/Pipeline->then(Object(Closure))
#46 D:/New folder (20)/New folder/sistemkpi-tlab/vendor/laravel/framework/src/Illuminate/Routing/Router.php(786): Illuminate/Routing/Router->runRouteWithinStack(Object(Illuminate/Routing/Route), Object(Illuminate/Http/Request))
#47 D:/New folder (20)/New folder/sistemkpi-tlab/vendor/laravel/framework/src/Illuminate/Routing/Router.php(750): Illuminate/Routing/Router->runRoute(Object(Illuminate/Http/Request), Object(Illuminate/Routing/Route))
#48 D:/New folder (20)/New folder/sistemkpi-tlab/vendor/laravel/framework/src/Illuminate/Routing/Router.php(739): Illuminate/Routing/Router->dispatchToRoute(Object(Illuminate/Http/Request))
#49 D:/New folder (20)/New folder/sistemkpi-tlab/vendor/laravel/framework/src/Illuminate/Foundation/Http/Kernel.php(201): Illuminate/Routing/Router->dispatch(Object(Illuminate/Http/Request))
#50 D:/New folder (20)/New folder/sistemkpi-tlab/vendor/laravel/framework/src/Illuminate/Pipeline/Pipeline.php(170): Illuminate/Foundation/Http/Kernel->{closure:Illuminate/Foundation/Http/Kernel::dispatchToRouter():198}(Object(Illuminate/Http/Request))
#51 D:/New folder (20)/New folder/sistemkpi-tlab/vendor/laravel/framework/src/Illuminate/Foundation/Http/Middleware/TransformsRequest.php(21): Illuminate/Pipeline/Pipeline->{closure:Illuminate/Pipeline/Pipeline::prepareDestination():168}(Object(Illuminate/Http/Request))
#52 D:/New folder (20)/New folder/sistemkpi-tlab/vendor/laravel/framework/src/Illuminate/Foundation/Http/Middleware/ConvertEmptyStringsToNull.php(31): Illuminate/Foundation/Http/Middleware/TransformsRequest->handle(Object(Illuminate/Http/Request), Object(Closure))
#53 D:/New folder (20)/New folder/sistemkpi-tlab/vendor/laravel/framework/src/Illuminate/Pipeline/Pipeline.php(209): Illuminate/Foundation/Http/Middleware/ConvertEmptyStringsToNull->handle(Object(Illuminate/Http/Request), Object(Closure))
#54 D:/New folder (20)/New folder/sistemkpi-tlab/vendor/laravel/framework/src/Illuminate/Foundation/Http/Middleware/TransformsRequest.php(21): Illuminate/Pipeline/Pipeline->{closure:{closure:Illuminate/Pipeline/Pipeline::carry():184}:185}(Object(Illuminate/Http/Request))
#55 D:/New folder (20)/New folder/sistemkpi-tlab/vendor/laravel/framework/src/Illuminate/Foundation/Http/Middleware/TrimStrings.php(51): Illuminate/Foundation/Http/Middleware/TransformsRequest->handle(Object(Illuminate/Http/Request), Object(Closure))
#56 D:/New folder (20)/New folder/sistemkpi-tlab/vendor/laravel/framework/src/Illuminate/Pipeline/Pipeline.php(209): Illuminate/Foundation/Http/Middleware/TrimStrings->handle(Object(Illuminate/Http/Request), Object(Closure))
#57 D:/New folder (20)/New folder/sistemkpi-tlab/vendor/laravel/framework/src/Illuminate/Http/Middleware/ValidatePostSize.php(27): Illuminate/Pipeline/Pipeline->{closure:{closure:Illuminate/Pipeline/Pipeline::carry():184}:185}(Object(Illuminate/Http/Request))
#58 D:/New folder (20)/New folder/sistemkpi-tlab/vendor/laravel/framework/src/Illuminate/Pipeline/Pipeline.php(209): Illuminate/Http/Middleware/ValidatePostSize->handle(Object(Illuminate/Http/Request), Object(Closure))
#59 D:/New folder (20)/New folder/sistemkpi-tlab/vendor/laravel/framework/src/Illuminate/Foundation/Http/Middleware/PreventRequestsDuringMaintenance.php(110): Illuminate/Pipeline/Pipeline->{closure:{closure:Illuminate/Pipeline/Pipeline::carry():184}:185}(Object(Illuminate/Http/Request))
#60 D:/New folder (20)/New folder/sistemkpi-tlab/vendor/laravel/framework/src/Illuminate/Pipeline/Pipeline.php(209): Illuminate/Foundation/Http/Middleware/PreventRequestsDuringMaintenance->handle(Object(Illuminate/Http/Request), Object(Closure))
#61 D:/New folder (20)/New folder/sistemkpi-tlab/vendor/laravel/framework/src/Illuminate/Http/Middleware/HandleCors.php(49): Illuminate/Pipeline/Pipeline->{closure:{closure:Illuminate/Pipeline/Pipeline::carry():184}:185}(Object(Illuminate/Http/Request))
#62 D:/New folder (20)/New folder/sistemkpi-tlab/vendor/laravel/framework/src/Illuminate/Pipeline/Pipeline.php(209): Illuminate/Http/Middleware/HandleCors->handle(Object(Illuminate/Http/Request), Object(Closure))
#63 D:/New folder (20)/New folder/sistemkpi-tlab/vendor/laravel/framework/src/Illuminate/Http/Middleware/TrustProxies.php(58): Illuminate/Pipeline/Pipeline->{closure:{closure:Illuminate/Pipeline/Pipeline::carry():184}:185}(Object(Illuminate/Http/Request))
#64 D:/New folder (20)/New folder/sistemkpi-tlab/vendor/laravel/framework/src/Illuminate/Pipeline/Pipeline.php(209): Illuminate/Http/Middleware/TrustProxies->handle(Object(Illuminate/Http/Request), Object(Closure))
#65 D:/New folder (20)/New folder/sistemkpi-tlab/vendor/laravel/framework/src/Illuminate/Foundation/Http/Middleware/InvokeDeferredCallbacks.php(22): Illuminate/Pipeline/Pipeline->{closure:{closure:Illuminate/Pipeline/Pipeline::carry():184}:185}(Object(Illuminate/Http/Request))
#66 D:/New folder (20)/New folder/sistemkpi-tlab/vendor/laravel/framework/src/Illuminate/Pipeline/Pipeline.php(209): Illuminate/Foundation/Http/Middleware/InvokeDeferredCallbacks->handle(Object(Illuminate/Http/Request), Object(Closure))
#67 D:/New folder (20)/New folder/sistemkpi-tlab/vendor/laravel/framework/src/Illuminate/Pipeline/Pipeline.php(127): Illuminate/Pipeline/Pipeline->{closure:{closure:Illuminate/Pipeline/Pipeline::carry():184}:185}(Object(Illuminate/Http/Request))
#68 D:/New folder (20)/New folder/sistemkpi-tlab/vendor/laravel/framework/src/Illuminate/Foundation/Http/Kernel.php(176): Illuminate/Pipeline/Pipeline->then(Object(Closure))
#69 D:/New folder (20)/New folder/sistemkpi-tlab/vendor/laravel/framework/src/Illuminate/Foundation/Http/Kernel.php(145): Illuminate/Foundation/Http/Kernel->sendRequestThroughRouter(Object(Illuminate/Http/Request))
#70 D:/New folder (20)/New folder/sistemkpi-tlab/vendor/laravel/framework/src/Illuminate/Foundation/Application.php(1220): Illuminate/Foundation/Http/Kernel->handle(Object(Illuminate/Http/Request))
#71 D:/New folder (20)/New folder/sistemkpi-tlab/public/index.php(17): Illuminate/Foundation/Application->handleRequest(Object(Illuminate/Http/Request))
#72 D:/New folder (20)/New folder/sistemkpi-tlab/vendor/laravel/framework/src/Illuminate/Foundation/resources/server.php(23): require_once('D://New folder (...')
#73 {main}
"} 
[2026-06-19 11:21:53] local.ERROR: SQLSTATE[HY000] [1045] Access denied for user 'root'@'localhost' (using password: YES) (Connection: mysql, SQL: select * from `users` where `email` = budi@example.com limit 1) {"exception":"[object] (Illuminate\\Database\\QueryException(code: 1045): SQLSTATE[HY000] [1045] Access denied for user 'root'@'localhost' (using password: YES) (Connection: mysql, SQL: select * from `users` where `email` = budi@example.com limit 1) at D:/New folder (20)/New folder/sistemkpi-tlab/vendor/laravel/framework/src/Illuminate/Database/Connection.php:825)
[stacktrace]
#0 D:/New folder (20)/New folder/sistemkpi-tlab/vendor/laravel/framework/src/Illuminate/Database/Connection.php(779): Illuminate/Database/Connection->runQueryCallback('select * from `...', Array, Object(Closure))
#1 D:/New folder (20)/New folder/sistemkpi-tlab/vendor/laravel/framework/src/Illuminate/Database/Connection.php(398): Illuminate/Database/Connection->run('select * from `...', Array, Object(Closure))
#2 D:/New folder (20)/New folder/sistemkpi-tlab/vendor/laravel/framework/src/Illuminate/Database/Query/Builder.php(3106): Illuminate/Database/Connection->select('select * from `...', Array, true)
#3 D:/New folder (20)/New folder/sistemkpi-tlab/vendor/laravel/framework/src/Illuminate/Database/Query/Builder.php(3091): Illuminate/Database/Query/Builder->runSelect()
#4 D:/New folder (20)/New folder/sistemkpi-tlab/vendor/laravel/framework/src/Illuminate/Database/Query/Builder.php(3676): Illuminate/Database/Query/Builder->{closure:Illuminate/Database/Query/Builder::get():3090}()
#5 D:/New folder (20)/New folder/sistemkpi-tlab/vendor/laravel/framework/src/Illuminate/Database/Query/Builder.php(3090): Illuminate/Database/Query/Builder->onceWithColumns(Array, Object(Closure))
#6 D:/New folder (20)/New folder/sistemkpi-tlab/vendor/laravel/framework/src/Illuminate/Database/Eloquent/Builder.php(811): Illuminate/Database/Query/Builder->get(Array)
#7 D:/New folder (20)/New folder/sistemkpi-tlab/vendor/laravel/framework/src/Illuminate/Database/Eloquent/Builder.php(793): Illuminate/Database/Eloquent/Builder->getModels(Array)
#8 D:/New folder (20)/New folder/sistemkpi-tlab/vendor/laravel/framework/src/Illuminate/Database/Concerns/BuildsQueries.php(343): Illuminate/Database/Eloquent/Builder->get(Array)
#9 D:/New folder (20)/New folder/sistemkpi-tlab/vendor/laravel/framework/src/Illuminate/Auth/EloquentUserProvider.php(139): Illuminate/Database/Eloquent/Builder->first()
#10 D:/New folder (20)/New folder/sistemkpi-tlab/vendor/laravel/framework/src/Illuminate/Auth/SessionGuard.php(415): Illuminate/Auth/EloquentUserProvider->retrieveByCredentials(Object(SensitiveParameterValue))
#11 D:/New folder (20)/New folder/sistemkpi-tlab/vendor/laravel/framework/src/Illuminate/Support/Timebox.php(34): Illuminate/Auth/SessionGuard->{closure:Illuminate/Auth/SessionGuard::attempt():412}(Object(Illuminate/Support/Timebox))
#12 D:/New folder (20)/New folder/sistemkpi-tlab/vendor/laravel/framework/src/Illuminate/Auth/SessionGuard.php(412): Illuminate/Support/Timebox->call(Object(Closure), 200000)
#13 D:/New folder (20)/New folder/sistemkpi-tlab/vendor/laravel/framework/src/Illuminate/Auth/AuthManager.php(340): Illuminate/Auth/SessionGuard->attempt(Array, false)
#14 D:/New folder (20)/New folder/sistemkpi-tlab/vendor/laravel/framework/src/Illuminate/Support/Facades/Facade.php(361): Illuminate/Auth/AuthManager->__call('attempt', Array)
#15 D:/New folder (20)/New folder/sistemkpi-tlab/app/Http/Controllers/AuthController.php(36): Illuminate/Support/Facades/Facade::__callStatic('attempt', Array)
#16 D:/New folder (20)/New folder/sistemkpi-tlab/vendor/laravel/framework/src/Illuminate/Routing/ControllerDispatcher.php(47): App/Http/Controllers/AuthController->login(Object(Illuminate/Http/Request))
#17 D:/New folder (20)/New folder/sistemkpi-tlab/vendor/laravel/framework/src/Illuminate/Routing/Route.php(266): Illuminate/Routing/ControllerDispatcher->dispatch(Object(Illuminate/Routing/Route), Object(App/Http/Controllers/AuthController), 'login')
#18 D:/New folder (20)/New folder/sistemkpi-tlab/vendor/laravel/framework/src/Illuminate/Routing/Route.php(212): Illuminate/Routing/Route->runController()
#19 D:/New folder (20)/New folder/sistemkpi-tlab/vendor/laravel/framework/src/Illuminate/Routing/Router.php(808): Illuminate/Routing/Route->run()
#20 D:/New folder (20)/New folder/sistemkpi-tlab/vendor/laravel/framework/src/Illuminate/Pipeline/Pipeline.php(170): Illuminate/Routing/Router->{closure:Illuminate/Routing/Router::runRouteWithinStack():807}(Object(Illuminate/Http/Request))
#21 D:/New folder (20)/New folder/sistemkpi-tlab/vendor/laravel/framework/src/Illuminate/Routing/Middleware/SubstituteBindings.php(51): Illuminate/Pipeline/Pipeline->{closure:Illuminate/Pipeline/Pipeline::prepareDestination():168}(Object(Illuminate/Http/Request))
#22 D:/New folder (20)/New folder/sistemkpi-tlab/vendor/laravel/framework/src/Illuminate/Pipeline/Pipeline.php(209): Illuminate/Routing/Middleware/SubstituteBindings->handle(Object(Illuminate/Http/Request), Object(Closure))
#23 D:/New folder (20)/New folder/sistemkpi-tlab/vendor/laravel/framework/src/Illuminate/Foundation/Http/Middleware/VerifyCsrfToken.php(88): Illuminate/Pipeline/Pipeline->{closure:{closure:Illuminate/Pipeline/Pipeline::carry():184}:185}(Object(Illuminate/Http/Request))
#24 D:/New folder (20)/New folder/sistemkpi-tlab/vendor/laravel/framework/src/Illuminate/Pipeline/Pipeline.php(209): Illuminate/Foundation/Http/Middleware/VerifyCsrfToken->handle(Object(Illuminate/Http/Request), Object(Closure))
#25 D:/New folder (20)/New folder/sistemkpi-tlab/vendor/laravel/framework/src/Illuminate/View/Middleware/ShareErrorsFromSession.php(49): Illuminate/Pipeline/Pipeline->{closure:{closure:Illuminate/Pipeline/Pipeline::carry():184}:185}(Object(Illuminate/Http/Request))
#26 D:/New folder (20)/New folder/sistemkpi-tlab/vendor/laravel/framework/src/Illuminate/Pipeline/Pipeline.php(209): Illuminate/View/Middleware/ShareErrorsFromSession->handle(Object(Illuminate/Http/Request), Object(Closure))
#27 D:/New folder (20)/New folder/sistemkpi-tlab/vendor/laravel/framework/src/Illuminate/Session/Middleware/StartSession.php(121): Illuminate/Pipeline/Pipeline->{closure:{closure:Illuminate/Pipeline/Pipeline::carry():184}:185}(Object(Illuminate/Http/Request))
#28 D:/New folder (20)/New folder/sistemkpi-tlab/vendor/laravel/framework/src/Illuminate/Session/Middleware/StartSession.php(64): Illuminate/Session/Middleware/StartSession->handleStatefulRequest(Object(Illuminate/Http/Request), Object(Illuminate/Session/Store), Object(Closure))
#29 D:/New folder (20)/New folder/sistemkpi-tlab/vendor/laravel/framework/src/Illuminate/Pipeline/Pipeline.php(209): Illuminate/Session/Middleware/StartSession->handle(Object(Illuminate/Http/Request), Object(Closure))
#30 D:/New folder (20)/New folder/sistemkpi-tlab/vendor/laravel/framework/src/Illuminate/Cookie/Middleware/AddQueuedCookiesToResponse.php(37): Illuminate/Pipeline/Pipeline->{closure:{closure:Illuminate/Pipeline/Pipeline::carry():184}:185}(Object(Illuminate/Http/Request))
#31 D:/New folder (20)/New folder/sistemkpi-tlab/vendor/laravel/framework/src/Illuminate/Pipeline/Pipeline.php(209): Illuminate/Cookie/Middleware/AddQueuedCookiesToResponse->handle(Object(Illuminate/Http/Request), Object(Closure))
#32 D:/New folder (20)/New folder/sistemkpi-tlab/vendor/laravel/framework/src/Illuminate/Cookie/Middleware/EncryptCookies.php(75): Illuminate/Pipeline/Pipeline->{closure:{closure:Illuminate/Pipeline/Pipeline::carry():184}:185}(Object(Illuminate/Http/Request))
#33 D:/New folder (20)/New folder/sistemkpi-tlab/vendor/laravel/framework/src/Illuminate/Pipeline/Pipeline.php(209): Illuminate/Cookie/Middleware/EncryptCookies->handle(Object(Illuminate/Http/Request), Object(Closure))
#34 D:/New folder (20)/New folder/sistemkpi-tlab/vendor/laravel/framework/src/Illuminate/Pipeline/Pipeline.php(127): Illuminate/Pipeline/Pipeline->{closure:{closure:Illuminate/Pipeline/Pipeline::carry():184}:185}(Object(Illuminate/Http/Request))
#35 D:/New folder (20)/New folder/sistemkpi-tlab/vendor/laravel/framework/src/Illuminate/Routing/Router.php(807): Illuminate/Pipeline/Pipeline->then(Object(Closure))
#36 D:/New folder (20)/New folder/sistemkpi-tlab/vendor/laravel/framework/src/Illuminate/Routing/Router.php(786): Illuminate/Routing/Router->runRouteWithinStack(Object(Illuminate/Routing/Route), Object(Illuminate/Http/Request))
#37 D:/New folder (20)/New folder/sistemkpi-tlab/vendor/laravel/framework/src/Illuminate/Routing/Router.php(750): Illuminate/Routing/Router->runRoute(Object(Illuminate/Http/Request), Object(Illuminate/Routing/Route))
#38 D:/New folder (20)/New folder/sistemkpi-tlab/vendor/laravel/framework/src/Illuminate/Routing/Router.php(739): Illuminate/Routing/Router->dispatchToRoute(Object(Illuminate/Http/Request))
#39 D:/New folder (20)/New folder/sistemkpi-tlab/vendor/laravel/framework/src/Illuminate/Foundation/Http/Kernel.php(201): Illuminate/Routing/Router->dispatch(Object(Illuminate/Http/Request))
#40 D:/New folder (20)/New folder/sistemkpi-tlab/vendor/laravel/framework/src/Illuminate/Pipeline/Pipeline.php(170): Illuminate/Foundation/Http/Kernel->{closure:Illuminate/Foundation/Http/Kernel::dispatchToRouter():198}(Object(Illuminate/Http/Request))
#41 D:/New folder (20)/New folder/sistemkpi-tlab/vendor/laravel/framework/src/Illuminate/Foundation/Http/Middleware/TransformsRequest.php(21): Illuminate/Pipeline/Pipeline->{closure:Illuminate/Pipeline/Pipeline::prepareDestination():168}(Object(Illuminate/Http/Request))
#42 D:/New folder (20)/New folder/sistemkpi-tlab/vendor/laravel/framework/src/Illuminate/Foundation/Http/Middleware/ConvertEmptyStringsToNull.php(31): Illuminate/Foundation/Http/Middleware/TransformsRequest->handle(Object(Illuminate/Http/Request), Object(Closure))
#43 D:/New folder (20)/New folder/sistemkpi-tlab/vendor/laravel/framework/src/Illuminate/Pipeline/Pipeline.php(209): Illuminate/Foundation/Http/Middleware/ConvertEmptyStringsToNull->handle(Object(Illuminate/Http/Request), Object(Closure))
#44 D:/New folder (20)/New folder/sistemkpi-tlab/vendor/laravel/framework/src/Illuminate/Foundation/Http/Middleware/TransformsRequest.php(21): Illuminate/Pipeline/Pipeline->{closure:{closure:Illuminate/Pipeline/Pipeline::carry():184}:185}(Object(Illuminate/Http/Request))
#45 D:/New folder (20)/New folder/sistemkpi-tlab/vendor/laravel/framework/src/Illuminate/Foundation/Http/Middleware/TrimStrings.php(51): Illuminate/Foundation/Http/Middleware/TransformsRequest->handle(Object(Illuminate/Http/Request), Object(Closure))
#46 D:/New folder (20)/New folder/sistemkpi-tlab/vendor/laravel/framework/src/Illuminate/Pipeline/Pipeline.php(209): Illuminate/Foundation/Http/Middleware/TrimStrings->handle(Object(Illuminate/Http/Request), Object(Closure))
#47 D:/New folder (20)/New folder/sistemkpi-tlab/vendor/laravel/framework/src/Illuminate/Http/Middleware/ValidatePostSize.php(27): Illuminate/Pipeline/Pipeline->{closure:{closure:Illuminate/Pipeline/Pipeline::carry():184}:185}(Object(Illuminate/Http/Request))
#48 D:/New folder (20)/New folder/sistemkpi-tlab/vendor/laravel/framework/src/Illuminate/Pipeline/Pipeline.php(209): Illuminate/Http/Middleware/ValidatePostSize->handle(Object(Illuminate/Http/Request), Object(Closure))
#49 D:/New folder (20)/New folder/sistemkpi-tlab/vendor/laravel/framework/src/Illuminate/Foundation/Http/Middleware/PreventRequestsDuringMaintenance.php(110): Illuminate/Pipeline/Pipeline->{closure:{closure:Illuminate/Pipeline/Pipeline::carry():184}:185}(Object(Illuminate/Http/Request))
#50 D:/New folder (20)/New folder/sistemkpi-tlab/vendor/laravel/framework/src/Illuminate/Pipeline/Pipeline.php(209): Illuminate/Foundation/Http/Middleware/PreventRequestsDuringMaintenance->handle(Object(Illuminate/Http/Request), Object(Closure))
#51 D:/New folder (20)/New folder/sistemkpi-tlab/vendor/laravel/framework/src/Illuminate/Http/Middleware/HandleCors.php(49): Illuminate/Pipeline/Pipeline->{closure:{closure:Illuminate/Pipeline/Pipeline::carry():184}:185}(Object(Illuminate/Http/Request))
#52 D:/New folder (20)/New folder/sistemkpi-tlab/vendor/laravel/framework/src/Illuminate/Pipeline/Pipeline.php(209): Illuminate/Http/Middleware/HandleCors->handle(Object(Illuminate/Http/Request), Object(Closure))
#53 D:/New folder (20)/New folder/sistemkpi-tlab/vendor/laravel/framework/src/Illuminate/Http/Middleware/TrustProxies.php(58): Illuminate/Pipeline/Pipeline->{closure:{closure:Illuminate/Pipeline/Pipeline::carry():184}:185}(Object(Illuminate/Http/Request))
#54 D:/New folder (20)/New folder/sistemkpi-tlab/vendor/laravel/framework/src/Illuminate/Pipeline/Pipeline.php(209): Illuminate/Http/Middleware/TrustProxies->handle(Object(Illuminate/Http/Request), Object(Closure))
#55 D:/New folder (20)/New folder/sistemkpi-tlab/vendor/laravel/framework/src/Illuminate/Foundation/Http/Middleware/InvokeDeferredCallbacks.php(22): Illuminate/Pipeline/Pipeline->{closure:{closure:Illuminate/Pipeline/Pipeline::carry():184}:185}(Object(Illuminate/Http/Request))
#56 D:/New folder (20)/New folder/sistemkpi-tlab/vendor/laravel/framework/src/Illuminate/Pipeline/Pipeline.php(209): Illuminate/Foundation/Http/Middleware/InvokeDeferredCallbacks->handle(Object(Illuminate/Http/Request), Object(Closure))
#57 D:/New folder (20)/New folder/sistemkpi-tlab/vendor/laravel/framework/src/Illuminate/Pipeline/Pipeline.php(127): Illuminate/Pipeline/Pipeline->{closure:{closure:Illuminate/Pipeline/Pipeline::carry():184}:185}(Object(Illuminate/Http/Request))
#58 D:/New folder (20)/New folder/sistemkpi-tlab/vendor/laravel/framework/src/Illuminate/Foundation/Http/Kernel.php(176): Illuminate/Pipeline/Pipeline->then(Object(Closure))
#59 D:/New folder (20)/New folder/sistemkpi-tlab/vendor/laravel/framework/src/Illuminate/Foundation/Http/Kernel.php(145): Illuminate/Foundation/Http/Kernel->sendRequestThroughRouter(Object(Illuminate/Http/Request))
#60 D:/New folder (20)/New folder/sistemkpi-tlab/vendor/laravel/framework/src/Illuminate/Foundation/Application.php(1220): Illuminate/Foundation/Http/Kernel->handle(Object(Illuminate/Http/Request))
#61 D:/New folder (20)/New folder/sistemkpi-tlab/public/index.php(17): Illuminate/Foundation/Application->handleRequest(Object(Illuminate/Http/Request))
#62 D:/New folder (20)/New folder/sistemkpi-tlab/vendor/laravel/framework/src/Illuminate/Foundation/resources/server.php(23): require_once('D://New folder (...')
#63 {main}

[previous exception] [object] (PDOException(code: 1045): SQLSTATE[HY000] [1045] Access denied for user 'root'@'localhost' (using password: YES) at D:/New folder (20)/New folder/sistemkpi-tlab/vendor/laravel/framework/src/Illuminate/Database/Connectors/Connector.php:67)
[stacktrace]
#0 D:/New folder (20)/New folder/sistemkpi-tlab/vendor/laravel/framework/src/Illuminate/Database/Connectors/Connector.php(67): PDO::connect('mysql:host=127....', 'root', Object(SensitiveParameterValue), Array)
#1 D:/New folder (20)/New folder/sistemkpi-tlab/vendor/laravel/framework/src/Illuminate/Database/Connectors/Connector.php(44): Illuminate/Database/Connectors/Connector->createPdoConnection('mysql:host=127....', 'root', Object(SensitiveParameterValue), Array)
#2 D:/New folder (20)/New folder/sistemkpi-tlab/vendor/laravel/framework/src/Illuminate/Database/Connectors/MySqlConnector.php(24): Illuminate/Database/Connectors/Connector->createConnection('mysql:host=127....', Array, Array)
#3 D:/New folder (20)/New folder/sistemkpi-tlab/vendor/laravel/framework/src/Illuminate/Database/Connectors/ConnectionFactory.php(185): Illuminate/Database/Connectors/MySqlConnector->connect(Array)
#4 [internal function]: Illuminate/Database/Connectors/ConnectionFactory->{closure:Illuminate/Database/Connectors/ConnectionFactory::createPdoResolverWithHosts():180}()
#5 D:/New folder (20)/New folder/sistemkpi-tlab/vendor/laravel/framework/src/Illuminate/Database/Connection.php(1231): call_user_func(Object(Closure))
#6 D:/New folder (20)/New folder/sistemkpi-tlab/vendor/laravel/framework/src/Illuminate/Database/Connection.php(1267): Illuminate/Database/Connection->getPdo()
#7 D:/New folder (20)/New folder/sistemkpi-tlab/vendor/laravel/framework/src/Illuminate/Database/Connection.php(512): Illuminate/Database/Connection->getReadPdo()
#8 D:/New folder (20)/New folder/sistemkpi-tlab/vendor/laravel/framework/src/Illuminate/Database/Connection.php(407): Illuminate/Database/Connection->getPdoForSelect(true)
#9 D:/New folder (20)/New folder/sistemkpi-tlab/vendor/laravel/framework/src/Illuminate/Database/Connection.php(812): Illuminate/Database/Connection->{closure:Illuminate/Database/Connection::select():398}('select * from `...', Array)
#10 D:/New folder (20)/New folder/sistemkpi-tlab/vendor/laravel/framework/src/Illuminate/Database/Connection.php(779): Illuminate/Database/Connection->runQueryCallback('select * from `...', Array, Object(Closure))
#11 D:/New folder (20)/New folder/sistemkpi-tlab/vendor/laravel/framework/src/Illuminate/Database/Connection.php(398): Illuminate/Database/Connection->run('select * from `...', Array, Object(Closure))
#12 D:/New folder (20)/New folder/sistemkpi-tlab/vendor/laravel/framework/src/Illuminate/Database/Query/Builder.php(3106): Illuminate/Database/Connection->select('select * from `...', Array, true)
#13 D:/New folder (20)/New folder/sistemkpi-tlab/vendor/laravel/framework/src/Illuminate/Database/Query/Builder.php(3091): Illuminate/Database/Query/Builder->runSelect()
#14 D:/New folder (20)/New folder/sistemkpi-tlab/vendor/laravel/framework/src/Illuminate/Database/Query/Builder.php(3676): Illuminate/Database/Query/Builder->{closure:Illuminate/Database/Query/Builder::get():3090}()
#15 D:/New folder (20)/New folder/sistemkpi-tlab/vendor/laravel/framework/src/Illuminate/Database/Query/Builder.php(3090): Illuminate/Database/Query/Builder->onceWithColumns(Array, Object(Closure))
#16 D:/New folder (20)/New folder/sistemkpi-tlab/vendor/laravel/framework/src/Illuminate/Database/Eloquent/Builder.php(811): Illuminate/Database/Query/Builder->get(Array)
#17 D:/New folder (20)/New folder/sistemkpi-tlab/vendor/laravel/framework/src/Illuminate/Database/Eloquent/Builder.php(793): Illuminate/Database/Eloquent/Builder->getModels(Array)
#18 D:/New folder (20)/New folder/sistemkpi-tlab/vendor/laravel/framework/src/Illuminate/Database/Concerns/BuildsQueries.php(343): Illuminate/Database/Eloquent/Builder->get(Array)
#19 D:/New folder (20)/New folder/sistemkpi-tlab/vendor/laravel/framework/src/Illuminate/Auth/EloquentUserProvider.php(139): Illuminate/Database/Eloquent/Builder->first()
#20 D:/New folder (20)/New folder/sistemkpi-tlab/vendor/laravel/framework/src/Illuminate/Auth/SessionGuard.php(415): Illuminate/Auth/EloquentUserProvider->retrieveByCredentials(Object(SensitiveParameterValue))
#21 D:/New folder (20)/New folder/sistemkpi-tlab/vendor/laravel/framework/src/Illuminate/Support/Timebox.php(34): Illuminate/Auth/SessionGuard->{closure:Illuminate/Auth/SessionGuard::attempt():412}(Object(Illuminate/Support/Timebox))
#22 D:/New folder (20)/New folder/sistemkpi-tlab/vendor/laravel/framework/src/Illuminate/Auth/SessionGuard.php(412): Illuminate/Support/Timebox->call(Object(Closure), 200000)
#23 D:/New folder (20)/New folder/sistemkpi-tlab/vendor/laravel/framework/src/Illuminate/Auth/AuthManager.php(340): Illuminate/Auth/SessionGuard->attempt(Array, false)
#24 D:/New folder (20)/New folder/sistemkpi-tlab/vendor/laravel/framework/src/Illuminate/Support/Facades/Facade.php(361): Illuminate/Auth/AuthManager->__call('attempt', Array)
#25 D:/New folder (20)/New folder/sistemkpi-tlab/app/Http/Controllers/AuthController.php(36): Illuminate/Support/Facades/Facade::__callStatic('attempt', Array)
#26 D:/New folder (20)/New folder/sistemkpi-tlab/vendor/laravel/framework/src/Illuminate/Routing/ControllerDispatcher.php(47): App/Http/Controllers/AuthController->login(Object(Illuminate/Http/Request))
#27 D:/New folder (20)/New folder/sistemkpi-tlab/vendor/laravel/framework/src/Illuminate/Routing/Route.php(266): Illuminate/Routing/ControllerDispatcher->dispatch(Object(Illuminate/Routing/Route), Object(App/Http/Controllers/AuthController), 'login')
#28 D:/New folder (20)/New folder/sistemkpi-tlab/vendor/laravel/framework/src/Illuminate/Routing/Route.php(212): Illuminate/Routing/Route->runController()
#29 D:/New folder (20)/New folder/sistemkpi-tlab/vendor/laravel/framework/src/Illuminate/Routing/Router.php(808): Illuminate/Routing/Route->run()
#30 D:/New folder (20)/New folder/sistemkpi-tlab/vendor/laravel/framework/src/Illuminate/Pipeline/Pipeline.php(170): Illuminate/Routing/Router->{closure:Illuminate/Routing/Router::runRouteWithinStack():807}(Object(Illuminate/Http/Request))
#31 D:/New folder (20)/New folder/sistemkpi-tlab/vendor/laravel/framework/src/Illuminate/Routing/Middleware/SubstituteBindings.php(51): Illuminate/Pipeline/Pipeline->{closure:Illuminate/Pipeline/Pipeline::prepareDestination():168}(Object(Illuminate/Http/Request))
#32 D:/New folder (20)/New folder/sistemkpi-tlab/vendor/laravel/framework/src/Illuminate/Pipeline/Pipeline.php(209): Illuminate/Routing/Middleware/SubstituteBindings->handle(Object(Illuminate/Http/Request), Object(Closure))
#33 D:/New folder (20)/New folder/sistemkpi-tlab/vendor/laravel/framework/src/Illuminate/Foundation/Http/Middleware/VerifyCsrfToken.php(88): Illuminate/Pipeline/Pipeline->{closure:{closure:Illuminate/Pipeline/Pipeline::carry():184}:185}(Object(Illuminate/Http/Request))
#34 D:/New folder (20)/New folder/sistemkpi-tlab/vendor/laravel/framework/src/Illuminate/Pipeline/Pipeline.php(209): Illuminate/Foundation/Http/Middleware/VerifyCsrfToken->handle(Object(Illuminate/Http/Request), Object(Closure))
#35 D:/New folder (20)/New folder/sistemkpi-tlab/vendor/laravel/framework/src/Illuminate/View/Middleware/ShareErrorsFromSession.php(49): Illuminate/Pipeline/Pipeline->{closure:{closure:Illuminate/Pipeline/Pipeline::carry():184}:185}(Object(Illuminate/Http/Request))
#36 D:/New folder (20)/New folder/sistemkpi-tlab/vendor/laravel/framework/src/Illuminate/Pipeline/Pipeline.php(209): Illuminate/View/Middleware/ShareErrorsFromSession->handle(Object(Illuminate/Http/Request), Object(Closure))
#37 D:/New folder (20)/New folder/sistemkpi-tlab/vendor/laravel/framework/src/Illuminate/Session/Middleware/StartSession.php(121): Illuminate/Pipeline/Pipeline->{closure:{closure:Illuminate/Pipeline/Pipeline::carry():184}:185}(Object(Illuminate/Http/Request))
#38 D:/New folder (20)/New folder/sistemkpi-tlab/vendor/laravel/framework/src/Illuminate/Session/Middleware/StartSession.php(64): Illuminate/Session/Middleware/StartSession->handleStatefulRequest(Object(Illuminate/Http/Request), Object(Illuminate/Session/Store), Object(Closure))
#39 D:/New folder (20)/New folder/sistemkpi-tlab/vendor/laravel/framework/src/Illuminate/Pipeline/Pipeline.php(209): Illuminate/Session/Middleware/StartSession->handle(Object(Illuminate/Http/Request), Object(Closure))
#40 D:/New folder (20)/New folder/sistemkpi-tlab/vendor/laravel/framework/src/Illuminate/Cookie/Middleware/AddQueuedCookiesToResponse.php(37): Illuminate/Pipeline/Pipeline->{closure:{closure:Illuminate/Pipeline/Pipeline::carry():184}:185}(Object(Illuminate/Http/Request))
#41 D:/New folder (20)/New folder/sistemkpi-tlab/vendor/laravel/framework/src/Illuminate/Pipeline/Pipeline.php(209): Illuminate/Cookie/Middleware/AddQueuedCookiesToResponse->handle(Object(Illuminate/Http/Request), Object(Closure))
#42 D:/New folder (20)/New folder/sistemkpi-tlab/vendor/laravel/framework/src/Illuminate/Cookie/Middleware/EncryptCookies.php(75): Illuminate/Pipeline/Pipeline->{closure:{closure:Illuminate/Pipeline/Pipeline::carry():184}:185}(Object(Illuminate/Http/Request))
#43 D:/New folder (20)/New folder/sistemkpi-tlab/vendor/laravel/framework/src/Illuminate/Pipeline/Pipeline.php(209): Illuminate/Cookie/Middleware/EncryptCookies->handle(Object(Illuminate/Http/Request), Object(Closure))
#44 D:/New folder (20)/New folder/sistemkpi-tlab/vendor/laravel/framework/src/Illuminate/Pipeline/Pipeline.php(127): Illuminate/Pipeline/Pipeline->{closure:{closure:Illuminate/Pipeline/Pipeline::carry():184}:185}(Object(Illuminate/Http/Request))
#45 D:/New folder (20)/New folder/sistemkpi-tlab/vendor/laravel/framework/src/Illuminate/Routing/Router.php(807): Illuminate/Pipeline/Pipeline->then(Object(Closure))
#46 D:/New folder (20)/New folder/sistemkpi-tlab/vendor/laravel/framework/src/Illuminate/Routing/Router.php(786): Illuminate/Routing/Router->runRouteWithinStack(Object(Illuminate/Routing/Route), Object(Illuminate/Http/Request))
#47 D:/New folder (20)/New folder/sistemkpi-tlab/vendor/laravel/framework/src/Illuminate/Routing/Router.php(750): Illuminate/Routing/Router->runRoute(Object(Illuminate/Http/Request), Object(Illuminate/Routing/Route))
#48 D:/New folder (20)/New folder/sistemkpi-tlab/vendor/laravel/framework/src/Illuminate/Routing/Router.php(739): Illuminate/Routing/Router->dispatchToRoute(Object(Illuminate/Http/Request))
#49 D:/New folder (20)/New folder/sistemkpi-tlab/vendor/laravel/framework/src/Illuminate/Foundation/Http/Kernel.php(201): Illuminate/Routing/Router->dispatch(Object(Illuminate/Http/Request))
#50 D:/New folder (20)/New folder/sistemkpi-tlab/vendor/laravel/framework/src/Illuminate/Pipeline/Pipeline.php(170): Illuminate/Foundation/Http/Kernel->{closure:Illuminate/Foundation/Http/Kernel::dispatchToRouter():198}(Object(Illuminate/Http/Request))
#51 D:/New folder (20)/New folder/sistemkpi-tlab/vendor/laravel/framework/src/Illuminate/Foundation/Http/Middleware/TransformsRequest.php(21): Illuminate/Pipeline/Pipeline->{closure:Illuminate/Pipeline/Pipeline::prepareDestination():168}(Object(Illuminate/Http/Request))
#52 D:/New folder (20)/New folder/sistemkpi-tlab/vendor/laravel/framework/src/Illuminate/Foundation/Http/Middleware/ConvertEmptyStringsToNull.php(31): Illuminate/Foundation/Http/Middleware/TransformsRequest->handle(Object(Illuminate/Http/Request), Object(Closure))
#53 D:/New folder (20)/New folder/sistemkpi-tlab/vendor/laravel/framework/src/Illuminate/Pipeline/Pipeline.php(209): Illuminate/Foundation/Http/Middleware/ConvertEmptyStringsToNull->handle(Object(Illuminate/Http/Request), Object(Closure))
#54 D:/New folder (20)/New folder/sistemkpi-tlab/vendor/laravel/framework/src/Illuminate/Foundation/Http/Middleware/TransformsRequest.php(21): Illuminate/Pipeline/Pipeline->{closure:{closure:Illuminate/Pipeline/Pipeline::carry():184}:185}(Object(Illuminate/Http/Request))
#55 D:/New folder (20)/New folder/sistemkpi-tlab/vendor/laravel/framework/src/Illuminate/Foundation/Http/Middleware/TrimStrings.php(51): Illuminate/Foundation/Http/Middleware/TransformsRequest->handle(Object(Illuminate/Http/Request), Object(Closure))
#56 D:/New folder (20)/New folder/sistemkpi-tlab/vendor/laravel/framework/src/Illuminate/Pipeline/Pipeline.php(209): Illuminate/Foundation/Http/Middleware/TrimStrings->handle(Object(Illuminate/Http/Request), Object(Closure))
#57 D:/New folder (20)/New folder/sistemkpi-tlab/vendor/laravel/framework/src/Illuminate/Http/Middleware/ValidatePostSize.php(27): Illuminate/Pipeline/Pipeline->{closure:{closure:Illuminate/Pipeline/Pipeline::carry():184}:185}(Object(Illuminate/Http/Request))
#58 D:/New folder (20)/New folder/sistemkpi-tlab/vendor/laravel/framework/src/Illuminate/Pipeline/Pipeline.php(209): Illuminate/Http/Middleware/ValidatePostSize->handle(Object(Illuminate/Http/Request), Object(Closure))
#59 D:/New folder (20)/New folder/sistemkpi-tlab/vendor/laravel/framework/src/Illuminate/Foundation/Http/Middleware/PreventRequestsDuringMaintenance.php(110): Illuminate/Pipeline/Pipeline->{closure:{closure:Illuminate/Pipeline/Pipeline::carry():184}:185}(Object(Illuminate/Http/Request))
#60 D:/New folder (20)/New folder/sistemkpi-tlab/vendor/laravel/framework/src/Illuminate/Pipeline/Pipeline.php(209): Illuminate/Foundation/Http/Middleware/PreventRequestsDuringMaintenance->handle(Object(Illuminate/Http/Request), Object(Closure))
#61 D:/New folder (20)/New folder/sistemkpi-tlab/vendor/laravel/framework/src/Illuminate/Http/Middleware/HandleCors.php(49): Illuminate/Pipeline/Pipeline->{closure:{closure:Illuminate/Pipeline/Pipeline::carry():184}:185}(Object(Illuminate/Http/Request))
#62 D:/New folder (20)/New folder/sistemkpi-tlab/vendor/laravel/framework/src/Illuminate/Pipeline/Pipeline.php(209): Illuminate/Http/Middleware/HandleCors->handle(Object(Illuminate/Http/Request), Object(Closure))
#63 D:/New folder (20)/New folder/sistemkpi-tlab/vendor/laravel/framework/src/Illuminate/Http/Middleware/TrustProxies.php(58): Illuminate/Pipeline/Pipeline->{closure:{closure:Illuminate/Pipeline/Pipeline::carry():184}:185}(Object(Illuminate/Http/Request))
#64 D:/New folder (20)/New folder/sistemkpi-tlab/vendor/laravel/framework/src/Illuminate/Pipeline/Pipeline.php(209): Illuminate/Http/Middleware/TrustProxies->handle(Object(Illuminate/Http/Request), Object(Closure))
#65 D:/New folder (20)/New folder/sistemkpi-tlab/vendor/laravel/framework/src/Illuminate/Foundation/Http/Middleware/InvokeDeferredCallbacks.php(22): Illuminate/Pipeline/Pipeline->{closure:{closure:Illuminate/Pipeline/Pipeline::carry():184}:185}(Object(Illuminate/Http/Request))
#66 D:/New folder (20)/New folder/sistemkpi-tlab/vendor/laravel/framework/src/Illuminate/Pipeline/Pipeline.php(209): Illuminate/Foundation/Http/Middleware/InvokeDeferredCallbacks->handle(Object(Illuminate/Http/Request), Object(Closure))
#67 D:/New folder (20)/New folder/sistemkpi-tlab/vendor/laravel/framework/src/Illuminate/Pipeline/Pipeline.php(127): Illuminate/Pipeline/Pipeline->{closure:{closure:Illuminate/Pipeline/Pipeline::carry():184}:185}(Object(Illuminate/Http/Request))
#68 D:/New folder (20)/New folder/sistemkpi-tlab/vendor/laravel/framework/src/Illuminate/Foundation/Http/Kernel.php(176): Illuminate/Pipeline/Pipeline->then(Object(Closure))
#69 D:/New folder (20)/New folder/sistemkpi-tlab/vendor/laravel/framework/src/Illuminate/Foundation/Http/Kernel.php(145): Illuminate/Foundation/Http/Kernel->sendRequestThroughRouter(Object(Illuminate/Http/Request))
#70 D:/New folder (20)/New folder/sistemkpi-tlab/vendor/laravel/framework/src/Illuminate/Foundation/Application.php(1220): Illuminate/Foundation/Http/Kernel->handle(Object(Illuminate/Http/Request))
#71 D:/New folder (20)/New folder/sistemkpi-tlab/public/index.php(17): Illuminate/Foundation/Application->handleRequest(Object(Illuminate/Http/Request))
#72 D:/New folder (20)/New folder/sistemkpi-tlab/vendor/laravel/framework/src/Illuminate/Foundation/resources/server.php(23): require_once('D://New folder (...')
#73 {main}
"} 
[2026-06-19 11:23:03] local.ERROR: PHP Parse error: Syntax error, unexpected T_NS_SEPARATOR, expecting ')' on line 1 {"exception":"[object] (Psy\\Exception\\ParseErrorException(code: 0): PHP Parse error: Syntax error, unexpected T_NS_SEPARATOR, expecting ')' on line 1 at D:/New folder (20)/New folder/sistemkpi-tlab/vendor/psy/psysh/src/Exception/ParseErrorException.php:44)
[stacktrace]
#0 D:/New folder (20)/New folder/sistemkpi-tlab/vendor/psy/psysh/src/CodeCleaner.php(657): Psy/Exception/ParseErrorException::fromParseError(Object(PhpParser/Error))
#1 D:/New folder (20)/New folder/sistemkpi-tlab/vendor/psy/psysh/src/CodeCleaner.php(273): Psy/CodeCleaner->parse('<?php try { DB:...', false)
#2 D:/New folder (20)/New folder/sistemkpi-tlab/vendor/psy/psysh/src/Shell.php(1364): Psy/CodeCleaner->clean(Array, false)
#3 D:/New folder (20)/New folder/sistemkpi-tlab/vendor/psy/psysh/src/Shell.php(1471): Psy/Shell->appendCode('try { DB::conne...', true, false)
#4 D:/New folder (20)/New folder/sistemkpi-tlab/vendor/psy/psysh/src/Shell.php(2180): Psy/Shell->setCode('try { DB::conne...', true)
#5 D:/New folder (20)/New folder/sistemkpi-tlab/vendor/laravel/tinker/src/Console/TinkerCommand.php(77): Psy/Shell->execute('try { DB::conne...')
#6 D:/New folder (20)/New folder/sistemkpi-tlab/vendor/laravel/framework/src/Illuminate/Container/BoundMethod.php(36): Laravel/Tinker/Console/TinkerCommand->handle()
#7 D:/New folder (20)/New folder/sistemkpi-tlab/vendor/laravel/framework/src/Illuminate/Container/Util.php(43): Illuminate/Container/BoundMethod::{closure:Illuminate/Container/BoundMethod::call():35}()
#8 D:/New folder (20)/New folder/sistemkpi-tlab/vendor/laravel/framework/src/Illuminate/Container/BoundMethod.php(95): Illuminate/Container/Util::unwrapIfClosure(Object(Closure))
#9 D:/New folder (20)/New folder/sistemkpi-tlab/vendor/laravel/framework/src/Illuminate/Container/BoundMethod.php(35): Illuminate/Container/BoundMethod::callBoundMethod(Object(Illuminate/Foundation/Application), Array, Object(Closure))
#10 D:/New folder (20)/New folder/sistemkpi-tlab/vendor/laravel/framework/src/Illuminate/Container/Container.php(696): Illuminate/Container/BoundMethod::call(Object(Illuminate/Foundation/Application), Array, Array, NULL)
#11 D:/New folder (20)/New folder/sistemkpi-tlab/vendor/laravel/framework/src/Illuminate/Console/Command.php(213): Illuminate/Container/Container->call(Array)
#12 D:/New folder (20)/New folder/sistemkpi-tlab/vendor/symfony/console/Command/Command.php(341): Illuminate/Console/Command->execute(Object(Symfony/Component/Console/Input/ArgvInput), Object(Illuminate/Console/OutputStyle))
#13 D:/New folder (20)/New folder/sistemkpi-tlab/vendor/laravel/framework/src/Illuminate/Console/Command.php(182): Symfony/Component/Console/Command/Command->run(Object(Symfony/Component/Console/Input/ArgvInput), Object(Illuminate/Console/OutputStyle))
#14 D:/New folder (20)/New folder/sistemkpi-tlab/vendor/symfony/console/Application.php(1117): Illuminate/Console/Command->run(Object(Symfony/Component/Console/Input/ArgvInput), Object(Symfony/Component/Console/Output/ConsoleOutput))
#15 D:/New folder (20)/New folder/sistemkpi-tlab/vendor/symfony/console/Application.php(356): Symfony/Component/Console/Application->doRunCommand(Object(Laravel/Tinker/Console/TinkerCommand), Object(Symfony/Component/Console/Input/ArgvInput), Object(Symfony/Component/Console/Output/ConsoleOutput))
#16 D:/New folder (20)/New folder/sistemkpi-tlab/vendor/symfony/console/Application.php(195): Symfony/Component/Console/Application->doRun(Object(Symfony/Component/Console/Input/ArgvInput), Object(Symfony/Component/Console/Output/ConsoleOutput))
#17 D:/New folder (20)/New folder/sistemkpi-tlab/vendor/laravel/framework/src/Illuminate/Foundation/Console/Kernel.php(198): Symfony/Component/Console/Application->run(Object(Symfony/Component/Console/Input/ArgvInput), Object(Symfony/Component/Console/Output/ConsoleOutput))
#18 D:/New folder (20)/New folder/sistemkpi-tlab/artisan(15): Illuminate/Foundation/Console/Kernel->handle(Object(Symfony/Component/Console/Input/ArgvInput), Object(Symfony/Component/Console/Output/ConsoleOutput))
#19 {main}
"} 
[2026-06-19 11:23:17] local.ERROR: SQLSTATE[HY000] [1045] Access denied for user 'root'@'localhost' (using password: YES) {"exception":"[object] (PDOException(code: 1045): SQLSTATE[HY000] [1045] Access denied for user 'root'@'localhost' (using password: YES) at D:/New folder (20)/New folder/sistemkpi-tlab/vendor/laravel/framework/src/Illuminate/Database/Connectors/Connector.php:67)
[stacktrace]
#0 D:/New folder (20)/New folder/sistemkpi-tlab/vendor/laravel/framework/src/Illuminate/Database/Connectors/Connector.php(67): PDO::connect('mysql:host=127....', 'root', Object(SensitiveParameterValue), Array)
#1 D:/New folder (20)/New folder/sistemkpi-tlab/vendor/laravel/framework/src/Illuminate/Database/Connectors/Connector.php(44): Illuminate/Database/Connectors/Connector->createPdoConnection('mysql:host=127....', 'root', Object(SensitiveParameterValue), Array)
#2 D:/New folder (20)/New folder/sistemkpi-tlab/vendor/laravel/framework/src/Illuminate/Database/Connectors/MySqlConnector.php(24): Illuminate/Database/Connectors/Connector->createConnection('mysql:host=127....', Array, Array)
#3 D:/New folder (20)/New folder/sistemkpi-tlab/vendor/laravel/framework/src/Illuminate/Database/Connectors/ConnectionFactory.php(185): Illuminate/Database/Connectors/MySqlConnector->connect(Array)
#4 [internal function]: Illuminate/Database/Connectors/ConnectionFactory->{closure:Illuminate/Database/Connectors/ConnectionFactory::createPdoResolverWithHosts():180}()
#5 D:/New folder (20)/New folder/sistemkpi-tlab/vendor/laravel/framework/src/Illuminate/Database/Connection.php(1231): call_user_func(Object(Closure))
#6 D:/New folder (20)/New folder/sistemkpi-tlab/vendor/laravel/framework/src/Illuminate/Database/MySqlConnection.php(102): Illuminate/Database/Connection->getPdo()
#7 D:/New folder (20)/New folder/sistemkpi-tlab/vendor/laravel/framework/src/Illuminate/Database/MySqlConnection.php(29): Illuminate/Database/MySqlConnection->isMaria()
#8 D:/New folder (20)/New folder/sistemkpi-tlab/vendor/laravel/framework/src/Illuminate/Database/Console/ShowCommand.php(50): Illuminate/Database/MySqlConnection->getDriverTitle()
#9 D:/New folder (20)/New folder/sistemkpi-tlab/vendor/laravel/framework/src/Illuminate/Container/BoundMethod.php(36): Illuminate/Database/Console/ShowCommand->handle(Object(Illuminate/Database/DatabaseManager))
#10 D:/New folder (20)/New folder/sistemkpi-tlab/vendor/laravel/framework/src/Illuminate/Container/Util.php(43): Illuminate/Container/BoundMethod::{closure:Illuminate/Container/BoundMethod::call():35}()
#11 D:/New folder (20)/New folder/sistemkpi-tlab/vendor/laravel/framework/src/Illuminate/Container/BoundMethod.php(95): Illuminate/Container/Util::unwrapIfClosure(Object(Closure))
#12 D:/New folder (20)/New folder/sistemkpi-tlab/vendor/laravel/framework/src/Illuminate/Container/BoundMethod.php(35): Illuminate/Container/BoundMethod::callBoundMethod(Object(Illuminate/Foundation/Application), Array, Object(Closure))
#13 D:/New folder (20)/New folder/sistemkpi-tlab/vendor/laravel/framework/src/Illuminate/Container/Container.php(696): Illuminate/Container/BoundMethod::call(Object(Illuminate/Foundation/Application), Array, Array, NULL)
#14 D:/New folder (20)/New folder/sistemkpi-tlab/vendor/laravel/framework/src/Illuminate/Console/Command.php(213): Illuminate/Container/Container->call(Array)
#15 D:/New folder (20)/New folder/sistemkpi-tlab/vendor/symfony/console/Command/Command.php(341): Illuminate/Console/Command->execute(Object(Symfony/Component/Console/Input/ArgvInput), Object(Illuminate/Console/OutputStyle))
#16 D:/New folder (20)/New folder/sistemkpi-tlab/vendor/laravel/framework/src/Illuminate/Console/Command.php(182): Symfony/Component/Console/Command/Command->run(Object(Symfony/Component/Console/Input/ArgvInput), Object(Illuminate/Console/OutputStyle))
#17 D:/New folder (20)/New folder/sistemkpi-tlab/vendor/symfony/console/Application.php(1117): Illuminate/Console/Command->run(Object(Symfony/Component/Console/Input/ArgvInput), Object(Symfony/Component/Console/Output/ConsoleOutput))
#18 D:/New folder (20)/New folder/sistemkpi-tlab/vendor/symfony/console/Application.php(356): Symfony/Component/Console/Application->doRunCommand(Object(Illuminate/Database/Console/ShowCommand), Object(Symfony/Component/Console/Input/ArgvInput), Object(Symfony/Component/Console/Output/ConsoleOutput))
#19 D:/New folder (20)/New folder/sistemkpi-tlab/vendor/symfony/console/Application.php(195): Symfony/Component/Console/Application->doRun(Object(Symfony/Component/Console/Input/ArgvInput), Object(Symfony/Component/Console/Output/ConsoleOutput))
#20 D:/New folder (20)/New folder/sistemkpi-tlab/vendor/laravel/framework/src/Illuminate/Foundation/Console/Kernel.php(198): Symfony/Component/Console/Application->run(Object(Symfony/Component/Console/Input/ArgvInput), Object(Symfony/Component/Console/Output/ConsoleOutput))
#21 D:/New folder (20)/New folder/sistemkpi-tlab/artisan(15): Illuminate/Foundation/Console/Kernel->handle(Object(Symfony/Component/Console/Input/ArgvInput), Object(Symfony/Component/Console/Output/ConsoleOutput))
#22 {main}
"} 
[2026-06-19 11:30:06] local.ERROR: SQLSTATE[HY000]: General error: 1 table "kpi_self_developments" already exists (Connection: sqlite, SQL: create table "kpi_self_developments" ("id" integer primary key autoincrement not null, "kpi_form_id" integer not null, "jenis_kegiatan_sd" varchar not null, "koefisien_sd" numeric not null, "kegiatan_sd" text not null, "mandays_sd" integer not null, "point_sd" numeric not null default '0', "created_at" datetime, "updated_at" datetime, foreign key("kpi_form_id") references "kpi_forms"("id") on delete cascade)) {"exception":"[object] (Illuminate\\Database\\QueryException(code: HY000): SQLSTATE[HY000]: General error: 1 table \"kpi_self_developments\" already exists (Connection: sqlite, SQL: create table \"kpi_self_developments\" (\"id\" integer primary key autoincrement not null, \"kpi_form_id\" integer not null, \"jenis_kegiatan_sd\" varchar not null, \"koefisien_sd\" numeric not null, \"kegiatan_sd\" text not null, \"mandays_sd\" integer not null, \"point_sd\" numeric not null default '0', \"created_at\" datetime, \"updated_at\" datetime, foreign key(\"kpi_form_id\") references \"kpi_forms\"(\"id\") on delete cascade)) at D:/New folder (20)/New folder/sistemkpi-tlab/vendor/laravel/framework/src/Illuminate/Database/Connection.php:825)
[stacktrace]
#0 D:/New folder (20)/New folder/sistemkpi-tlab/vendor/laravel/framework/src/Illuminate/Database/Connection.php(779): Illuminate/Database/Connection->runQueryCallback('create table \"k...', Array, Object(Closure))
#1 D:/New folder (20)/New folder/sistemkpi-tlab/vendor/laravel/framework/src/Illuminate/Database/Connection.php(560): Illuminate/Database/Connection->run('create table \"k...', Array, Object(Closure))
#2 D:/New folder (20)/New folder/sistemkpi-tlab/vendor/laravel/framework/src/Illuminate/Database/Schema/Blueprint.php(118): Illuminate/Database/Connection->statement('create table \"k...')
#3 D:/New folder (20)/New folder/sistemkpi-tlab/vendor/laravel/framework/src/Illuminate/Database/Schema/Builder.php(564): Illuminate/Database/Schema/Blueprint->build(Object(Illuminate/Database/SQLiteConnection), Object(Illuminate/Database/Schema/Grammars/SQLiteGrammar))
#4 D:/New folder (20)/New folder/sistemkpi-tlab/vendor/laravel/framework/src/Illuminate/Database/Schema/Builder.php(418): Illuminate/Database/Schema/Builder->build(Object(Illuminate/Database/Schema/Blueprint))
#5 D:/New folder (20)/New folder/sistemkpi-tlab/vendor/laravel/framework/src/Illuminate/Support/Facades/Facade.php(361): Illuminate/Database/Schema/Builder->create('kpi_self_develo...', Object(Closure))
#6 D:/New folder (20)/New folder/sistemkpi-tlab/database/migrations/2024_01_01_000005_create_kpi_self_developments_table.php(11): Illuminate/Support/Facades/Facade::__callStatic('create', Array)
#7 D:/New folder (20)/New folder/sistemkpi-tlab/vendor/laravel/framework/src/Illuminate/Database/Migrations/Migrator.php(507): Illuminate/Database/Migrations/Migration@anonymous->up()
#8 D:/New folder (20)/New folder/sistemkpi-tlab/vendor/laravel/framework/src/Illuminate/Database/Migrations/Migrator.php(432): Illuminate/Database/Migrations/Migrator->runMethod(Object(Illuminate/Database/SQLiteConnection), Object(Illuminate/Database/Migrations/Migration@anonymous), 'up')
#9 D:/New folder (20)/New folder/sistemkpi-tlab/vendor/laravel/framework/src/Illuminate/Database/Migrations/Migrator.php(441): Illuminate/Database/Migrations/Migrator->{closure:Illuminate/Database/Migrations/Migrator::runMigration():428}()
#10 D:/New folder (20)/New folder/sistemkpi-tlab/vendor/laravel/framework/src/Illuminate/Database/Migrations/Migrator.php(244): Illuminate/Database/Migrations/Migrator->runMigration(Object(Illuminate/Database/Migrations/Migration@anonymous), 'up')
#11 D:/New folder (20)/New folder/sistemkpi-tlab/vendor/laravel/framework/src/Illuminate/Console/View/Components/Task.php(40): Illuminate/Database/Migrations/Migrator->{closure:Illuminate/Database/Migrations/Migrator::runUp():244}()
#12 D:/New folder (20)/New folder/sistemkpi-tlab/vendor/laravel/framework/src/Illuminate/Database/Migrations/Migrator.php(798): Illuminate/Console/View/Components/Task->render('2024_01_01_0000...', Object(Closure))
#13 D:/New folder (20)/New folder/sistemkpi-tlab/vendor/laravel/framework/src/Illuminate/Database/Migrations/Migrator.php(244): Illuminate/Database/Migrations/Migrator->write('Illuminate//Cons...', '2024_01_01_0000...', Object(Closure))
#14 D:/New folder (20)/New folder/sistemkpi-tlab/vendor/laravel/framework/src/Illuminate/Database/Migrations/Migrator.php(211): Illuminate/Database/Migrations/Migrator->runUp('D://New folder (...', 1, false)
#15 D:/New folder (20)/New folder/sistemkpi-tlab/vendor/laravel/framework/src/Illuminate/Database/Migrations/Migrator.php(138): Illuminate/Database/Migrations/Migrator->runPending(Array, Array)
#16 D:/New folder (20)/New folder/sistemkpi-tlab/vendor/laravel/framework/src/Illuminate/Database/Console/Migrations/MigrateCommand.php(117): Illuminate/Database/Migrations/Migrator->run(Array, Array)
#17 D:/New folder (20)/New folder/sistemkpi-tlab/vendor/laravel/framework/src/Illuminate/Database/Migrations/Migrator.php(658): Illuminate/Database/Console/Migrations/MigrateCommand->{closure:Illuminate/Database/Console/Migrations/MigrateCommand::runMigrations():110}()
#18 D:/New folder (20)/New folder/sistemkpi-tlab/vendor/laravel/framework/src/Illuminate/Database/Console/Migrations/MigrateCommand.php(110): Illuminate/Database/Migrations/Migrator->usingConnection(NULL, Object(Closure))
#19 D:/New folder (20)/New folder/sistemkpi-tlab/vendor/laravel/framework/src/Illuminate/Database/Console/Migrations/MigrateCommand.php(89): Illuminate/Database/Console/Migrations/MigrateCommand->runMigrations()
#20 D:/New folder (20)/New folder/sistemkpi-tlab/vendor/laravel/framework/src/Illuminate/Container/BoundMethod.php(36): Illuminate/Database/Console/Migrations/MigrateCommand->handle()
#21 D:/New folder (20)/New folder/sistemkpi-tlab/vendor/laravel/framework/src/Illuminate/Container/Util.php(43): Illuminate/Container/BoundMethod::{closure:Illuminate/Container/BoundMethod::call():35}()
#22 D:/New folder (20)/New folder/sistemkpi-tlab/vendor/laravel/framework/src/Illuminate/Container/BoundMethod.php(95): Illuminate/Container/Util::unwrapIfClosure(Object(Closure))
#23 D:/New folder (20)/New folder/sistemkpi-tlab/vendor/laravel/framework/src/Illuminate/Container/BoundMethod.php(35): Illuminate/Container/BoundMethod::callBoundMethod(Object(Illuminate/Foundation/Application), Array, Object(Closure))
#24 D:/New folder (20)/New folder/sistemkpi-tlab/vendor/laravel/framework/src/Illuminate/Container/Container.php(696): Illuminate/Container/BoundMethod::call(Object(Illuminate/Foundation/Application), Array, Array, NULL)
#25 D:/New folder (20)/New folder/sistemkpi-tlab/vendor/laravel/framework/src/Illuminate/Console/Command.php(213): Illuminate/Container/Container->call(Array)
#26 D:/New folder (20)/New folder/sistemkpi-tlab/vendor/symfony/console/Command/Command.php(341): Illuminate/Console/Command->execute(Object(Symfony/Component/Console/Input/ArgvInput), Object(Illuminate/Console/OutputStyle))
#27 D:/New folder (20)/New folder/sistemkpi-tlab/vendor/laravel/framework/src/Illuminate/Console/Command.php(182): Symfony/Component/Console/Command/Command->run(Object(Symfony/Component/Console/Input/ArgvInput), Object(Illuminate/Console/OutputStyle))
#28 D:/New folder (20)/New folder/sistemkpi-tlab/vendor/symfony/console/Application.php(1117): Illuminate/Console/Command->run(Object(Symfony/Component/Console/Input/ArgvInput), Object(Symfony/Component/Console/Output/ConsoleOutput))
#29 D:/New folder (20)/New folder/sistemkpi-tlab/vendor/symfony/console/Application.php(356): Symfony/Component/Console/Application->doRunCommand(Object(Illuminate/Database/Console/Migrations/MigrateCommand), Object(Symfony/Component/Console/Input/ArgvInput), Object(Symfony/Component/Console/Output/ConsoleOutput))
#30 D:/New folder (20)/New folder/sistemkpi-tlab/vendor/symfony/console/Application.php(195): Symfony/Component/Console/Application->doRun(Object(Symfony/Component/Console/Input/ArgvInput), Object(Symfony/Component/Console/Output/ConsoleOutput))
#31 D:/New folder (20)/New folder/sistemkpi-tlab/vendor/laravel/framework/src/Illuminate/Foundation/Console/Kernel.php(198): Symfony/Component/Console/Application->run(Object(Symfony/Component/Console/Input/ArgvInput), Object(Symfony/Component/Console/Output/ConsoleOutput))
#32 D:/New folder (20)/New folder/sistemkpi-tlab/artisan(15): Illuminate/Foundation/Console/Kernel->handle(Object(Symfony/Component/Console/Input/ArgvInput), Object(Symfony/Component/Console/Output/ConsoleOutput))
#33 {main}

[previous exception] [object] (PDOException(code: HY000): SQLSTATE[HY000]: General error: 1 table \"kpi_self_developments\" already exists at D:/New folder (20)/New folder/sistemkpi-tlab/vendor/laravel/framework/src/Illuminate/Database/Connection.php:565)
[stacktrace]
#0 D:/New folder (20)/New folder/sistemkpi-tlab/vendor/laravel/framework/src/Illuminate/Database/Connection.php(565): PDO->prepare('create table \"k...')
#1 D:/New folder (20)/New folder/sistemkpi-tlab/vendor/laravel/framework/src/Illuminate/Database/Connection.php(812): Illuminate/Database/Connection->{closure:Illuminate/Database/Connection::statement():560}('create table \"k...', Array)
#2 D:/New folder (20)/New folder/sistemkpi-tlab/vendor/laravel/framework/src/Illuminate/Database/Connection.php(779): Illuminate/Database/Connection->runQueryCallback('create table \"k...', Array, Object(Closure))
#3 D:/New folder (20)/New folder/sistemkpi-tlab/vendor/laravel/framework/src/Illuminate/Database/Connection.php(560): Illuminate/Database/Connection->run('create table \"k...', Array, Object(Closure))
#4 D:/New folder (20)/New folder/sistemkpi-tlab/vendor/laravel/framework/src/Illuminate/Database/Schema/Blueprint.php(118): Illuminate/Database/Connection->statement('create table \"k...')
#5 D:/New folder (20)/New folder/sistemkpi-tlab/vendor/laravel/framework/src/Illuminate/Database/Schema/Builder.php(564): Illuminate/Database/Schema/Blueprint->build(Object(Illuminate/Database/SQLiteConnection), Object(Illuminate/Database/Schema/Grammars/SQLiteGrammar))
#6 D:/New folder (20)/New folder/sistemkpi-tlab/vendor/laravel/framework/src/Illuminate/Database/Schema/Builder.php(418): Illuminate/Database/Schema/Builder->build(Object(Illuminate/Database/Schema/Blueprint))
#7 D:/New folder (20)/New folder/sistemkpi-tlab/vendor/laravel/framework/src/Illuminate/Support/Facades/Facade.php(361): Illuminate/Database/Schema/Builder->create('kpi_self_develo...', Object(Closure))
#8 D:/New folder (20)/New folder/sistemkpi-tlab/database/migrations/2024_01_01_000005_create_kpi_self_developments_table.php(11): Illuminate/Support/Facades/Facade::__callStatic('create', Array)
#9 D:/New folder (20)/New folder/sistemkpi-tlab/vendor/laravel/framework/src/Illuminate/Database/Migrations/Migrator.php(507): Illuminate/Database/Migrations/Migration@anonymous->up()
#10 D:/New folder (20)/New folder/sistemkpi-tlab/vendor/laravel/framework/src/Illuminate/Database/Migrations/Migrator.php(432): Illuminate/Database/Migrations/Migrator->runMethod(Object(Illuminate/Database/SQLiteConnection), Object(Illuminate/Database/Migrations/Migration@anonymous), 'up')
#11 D:/New folder (20)/New folder/sistemkpi-tlab/vendor/laravel/framework/src/Illuminate/Database/Migrations/Migrator.php(441): Illuminate/Database/Migrations/Migrator->{closure:Illuminate/Database/Migrations/Migrator::runMigration():428}()
#12 D:/New folder (20)/New folder/sistemkpi-tlab/vendor/laravel/framework/src/Illuminate/Database/Migrations/Migrator.php(244): Illuminate/Database/Migrations/Migrator->runMigration(Object(Illuminate/Database/Migrations/Migration@anonymous), 'up')
#13 D:/New folder (20)/New folder/sistemkpi-tlab/vendor/laravel/framework/src/Illuminate/Console/View/Components/Task.php(40): Illuminate/Database/Migrations/Migrator->{closure:Illuminate/Database/Migrations/Migrator::runUp():244}()
#14 D:/New folder (20)/New folder/sistemkpi-tlab/vendor/laravel/framework/src/Illuminate/Database/Migrations/Migrator.php(798): Illuminate/Console/View/Components/Task->render('2024_01_01_0000...', Object(Closure))
#15 D:/New folder (20)/New folder/sistemkpi-tlab/vendor/laravel/framework/src/Illuminate/Database/Migrations/Migrator.php(244): Illuminate/Database/Migrations/Migrator->write('Illuminate//Cons...', '2024_01_01_0000...', Object(Closure))
#16 D:/New folder (20)/New folder/sistemkpi-tlab/vendor/laravel/framework/src/Illuminate/Database/Migrations/Migrator.php(211): Illuminate/Database/Migrations/Migrator->runUp('D://New folder (...', 1, false)
#17 D:/New folder (20)/New folder/sistemkpi-tlab/vendor/laravel/framework/src/Illuminate/Database/Migrations/Migrator.php(138): Illuminate/Database/Migrations/Migrator->runPending(Array, Array)
#18 D:/New folder (20)/New folder/sistemkpi-tlab/vendor/laravel/framework/src/Illuminate/Database/Console/Migrations/MigrateCommand.php(117): Illuminate/Database/Migrations/Migrator->run(Array, Array)
#19 D:/New folder (20)/New folder/sistemkpi-tlab/vendor/laravel/framework/src/Illuminate/Database/Migrations/Migrator.php(658): Illuminate/Database/Console/Migrations/MigrateCommand->{closure:Illuminate/Database/Console/Migrations/MigrateCommand::runMigrations():110}()
#20 D:/New folder (20)/New folder/sistemkpi-tlab/vendor/laravel/framework/src/Illuminate/Database/Console/Migrations/MigrateCommand.php(110): Illuminate/Database/Migrations/Migrator->usingConnection(NULL, Object(Closure))
#21 D:/New folder (20)/New folder/sistemkpi-tlab/vendor/laravel/framework/src/Illuminate/Database/Console/Migrations/MigrateCommand.php(89): Illuminate/Database/Console/Migrations/MigrateCommand->runMigrations()
#22 D:/New folder (20)/New folder/sistemkpi-tlab/vendor/laravel/framework/src/Illuminate/Container/BoundMethod.php(36): Illuminate/Database/Console/Migrations/MigrateCommand->handle()
#23 D:/New folder (20)/New folder/sistemkpi-tlab/vendor/laravel/framework/src/Illuminate/Container/Util.php(43): Illuminate/Container/BoundMethod::{closure:Illuminate/Container/BoundMethod::call():35}()
#24 D:/New folder (20)/New folder/sistemkpi-tlab/vendor/laravel/framework/src/Illuminate/Container/BoundMethod.php(95): Illuminate/Container/Util::unwrapIfClosure(Object(Closure))
#25 D:/New folder (20)/New folder/sistemkpi-tlab/vendor/laravel/framework/src/Illuminate/Container/BoundMethod.php(35): Illuminate/Container/BoundMethod::callBoundMethod(Object(Illuminate/Foundation/Application), Array, Object(Closure))
#26 D:/New folder (20)/New folder/sistemkpi-tlab/vendor/laravel/framework/src/Illuminate/Container/Container.php(696): Illuminate/Container/BoundMethod::call(Object(Illuminate/Foundation/Application), Array, Array, NULL)
#27 D:/New folder (20)/New folder/sistemkpi-tlab/vendor/laravel/framework/src/Illuminate/Console/Command.php(213): Illuminate/Container/Container->call(Array)
#28 D:/New folder (20)/New folder/sistemkpi-tlab/vendor/symfony/console/Command/Command.php(341): Illuminate/Console/Command->execute(Object(Symfony/Component/Console/Input/ArgvInput), Object(Illuminate/Console/OutputStyle))
#29 D:/New folder (20)/New folder/sistemkpi-tlab/vendor/laravel/framework/src/Illuminate/Console/Command.php(182): Symfony/Component/Console/Command/Command->run(Object(Symfony/Component/Console/Input/ArgvInput), Object(Illuminate/Console/OutputStyle))
#30 D:/New folder (20)/New folder/sistemkpi-tlab/vendor/symfony/console/Application.php(1117): Illuminate/Console/Command->run(Object(Symfony/Component/Console/Input/ArgvInput), Object(Symfony/Component/Console/Output/ConsoleOutput))
#31 D:/New folder (20)/New folder/sistemkpi-tlab/vendor/symfony/console/Application.php(356): Symfony/Component/Console/Application->doRunCommand(Object(Illuminate/Database/Console/Migrations/MigrateCommand), Object(Symfony/Component/Console/Input/ArgvInput), Object(Symfony/Component/Console/Output/ConsoleOutput))
#32 D:/New folder (20)/New folder/sistemkpi-tlab/vendor/symfony/console/Application.php(195): Symfony/Component/Console/Application->doRun(Object(Symfony/Component/Console/Input/ArgvInput), Object(Symfony/Component/Console/Output/ConsoleOutput))
#33 D:/New folder (20)/New folder/sistemkpi-tlab/vendor/laravel/framework/src/Illuminate/Foundation/Console/Kernel.php(198): Symfony/Component/Console/Application->run(Object(Symfony/Component/Console/Input/ArgvInput), Object(Symfony/Component/Console/Output/ConsoleOutput))
#34 D:/New folder (20)/New folder/sistemkpi-tlab/artisan(15): Illuminate/Foundation/Console/Kernel->handle(Object(Symfony/Component/Console/Input/ArgvInput), Object(Symfony/Component/Console/Output/ConsoleOutput))
#35 {main}
"} 
[2026-06-19 11:32:04] local.ERROR: SQLSTATE[HY000]: General error: 1 table users has no column named status_akun (Connection: sqlite, SQL: insert into "users" ("status_akun", "email", "name", "password", "role", "employee_id", "department", "updated_at", "created_at") values (aktif, budi@example.com, Budi Santoso, $2y$12$zp985YJnF/zqBs3uGp69d.QHcrOR760zfvU9GEW5oBCQWc85eWZ4u, associate, ASS8701, Engineering, 2026-06-19 11:32:04, 2026-06-19 11:32:04)) {"exception":"[object] (Illuminate\\Database\\QueryException(code: HY000): SQLSTATE[HY000]: General error: 1 table users has no column named status_akun (Connection: sqlite, SQL: insert into \"users\" (\"status_akun\", \"email\", \"name\", \"password\", \"role\", \"employee_id\", \"department\", \"updated_at\", \"created_at\") values (aktif, budi@example.com, Budi Santoso, $2y$12$zp985YJnF/zqBs3uGp69d.QHcrOR760zfvU9GEW5oBCQWc85eWZ4u, associate, ASS8701, Engineering, 2026-06-19 11:32:04, 2026-06-19 11:32:04)) at D:/New folder (20)/New folder/sistemkpi-tlab/vendor/laravel/framework/src/Illuminate/Database/Connection.php:825)
[stacktrace]
#0 D:/New folder (20)/New folder/sistemkpi-tlab/vendor/laravel/framework/src/Illuminate/Database/Connection.php(779): Illuminate/Database/Connection->runQueryCallback('insert into \"us...', Array, Object(Closure))
#1 D:/New folder (20)/New folder/sistemkpi-tlab/vendor/laravel/framework/src/Illuminate/Database/Connection.php(560): Illuminate/Database/Connection->run('insert into \"us...', Array, Object(Closure))
#2 D:/New folder (20)/New folder/sistemkpi-tlab/vendor/laravel/framework/src/Illuminate/Database/Connection.php(524): Illuminate/Database/Connection->statement('insert into \"us...', Array)
#3 D:/New folder (20)/New folder/sistemkpi-tlab/vendor/laravel/framework/src/Illuminate/Database/Query/Processors/Processor.php(32): Illuminate/Database/Connection->insert('insert into \"us...', Array)
#4 D:/New folder (20)/New folder/sistemkpi-tlab/vendor/laravel/framework/src/Illuminate/Database/Query/Builder.php(3766): Illuminate/Database/Query/Processors/Processor->processInsertGetId(Object(Illuminate/Database/Query/Builder), 'insert into \"us...', Array, 'id')
#5 D:/New folder (20)/New folder/sistemkpi-tlab/vendor/laravel/framework/src/Illuminate/Database/Eloquent/Builder.php(2120): Illuminate/Database/Query/Builder->insertGetId(Array, 'id')
#6 D:/New folder (20)/New folder/sistemkpi-tlab/vendor/laravel/framework/src/Illuminate/Database/Eloquent/Model.php(1359): Illuminate/Database/Eloquent/Builder->__call('insertGetId', Array)
#7 D:/New folder (20)/New folder/sistemkpi-tlab/vendor/laravel/framework/src/Illuminate/Database/Eloquent/Model.php(1324): Illuminate/Database/Eloquent/Model->insertAndSetId(Object(Illuminate/Database/Eloquent/Builder), Array)
#8 D:/New folder (20)/New folder/sistemkpi-tlab/vendor/laravel/framework/src/Illuminate/Database/Eloquent/Model.php(1163): Illuminate/Database/Eloquent/Model->performInsert(Object(Illuminate/Database/Eloquent/Builder))
#9 D:/New folder (20)/New folder/sistemkpi-tlab/vendor/laravel/framework/src/Illuminate/Database/Eloquent/Builder.php(1128): Illuminate/Database/Eloquent/Model->save()
#10 D:/New folder (20)/New folder/sistemkpi-tlab/vendor/laravel/framework/src/Illuminate/Support/helpers.php(399): Illuminate/Database/Eloquent/Builder->{closure:Illuminate/Database/Eloquent/Builder::create():1127}(Object(App/Models/User))
#11 D:/New folder (20)/New folder/sistemkpi-tlab/vendor/laravel/framework/src/Illuminate/Database/Eloquent/Builder.php(1127): tap(Object(App/Models/User), Object(Closure))
#12 D:/New folder (20)/New folder/sistemkpi-tlab/vendor/laravel/framework/src/Illuminate/Database/Eloquent/Builder.php(634): Illuminate/Database/Eloquent/Builder->create(Array)
#13 D:/New folder (20)/New folder/sistemkpi-tlab/vendor/laravel/framework/src/Illuminate/Database/Eloquent/Builder.php(1864): Illuminate/Database/Eloquent/Builder->{closure:Illuminate/Database/Eloquent/Builder::createOrFirst():634}()
#14 D:/New folder (20)/New folder/sistemkpi-tlab/vendor/laravel/framework/src/Illuminate/Database/Eloquent/Builder.php(634): Illuminate/Database/Eloquent/Builder->withSavepointIfNeeded(Object(Closure))
#15 D:/New folder (20)/New folder/sistemkpi-tlab/vendor/laravel/framework/src/Illuminate/Database/Eloquent/Builder.php(621): Illuminate/Database/Eloquent/Builder->createOrFirst(Array, Array)
#16 D:/New folder (20)/New folder/sistemkpi-tlab/vendor/laravel/framework/src/Illuminate/Support/Traits/ForwardsCalls.php(23): Illuminate/Database/Eloquent/Builder->firstOrCreate(Array, Array)
#17 D:/New folder (20)/New folder/sistemkpi-tlab/vendor/laravel/framework/src/Illuminate/Database/Eloquent/Model.php(2372): Illuminate/Database/Eloquent/Model->forwardCallTo(Object(Illuminate/Database/Eloquent/Builder), 'firstOrCreate', Array)
#18 D:/New folder (20)/New folder/sistemkpi-tlab/vendor/laravel/framework/src/Illuminate/Database/Eloquent/Model.php(2384): Illuminate/Database/Eloquent/Model->__call('firstOrCreate', Array)
#19 D:/New folder (20)/New folder/sistemkpi-tlab/database/seeders/UserSeeder.php(29): Illuminate/Database/Eloquent/Model::__callStatic('firstOrCreate', Array)
#20 D:/New folder (20)/New folder/sistemkpi-tlab/vendor/laravel/framework/src/Illuminate/Container/BoundMethod.php(36): Database/Seeders/UserSeeder->run()
#21 D:/New folder (20)/New folder/sistemkpi-tlab/vendor/laravel/framework/src/Illuminate/Container/Util.php(43): Illuminate/Container/BoundMethod::{closure:Illuminate/Container/BoundMethod::call():35}()
#22 D:/New folder (20)/New folder/sistemkpi-tlab/vendor/laravel/framework/src/Illuminate/Container/BoundMethod.php(95): Illuminate/Container/Util::unwrapIfClosure(Object(Closure))
#23 D:/New folder (20)/New folder/sistemkpi-tlab/vendor/laravel/framework/src/Illuminate/Container/BoundMethod.php(35): Illuminate/Container/BoundMethod::callBoundMethod(Object(Illuminate/Foundation/Application), Array, Object(Closure))
#24 D:/New folder (20)/New folder/sistemkpi-tlab/vendor/laravel/framework/src/Illuminate/Container/Container.php(696): Illuminate/Container/BoundMethod::call(Object(Illuminate/Foundation/Application), Array, Array, NULL)
#25 D:/New folder (20)/New folder/sistemkpi-tlab/vendor/laravel/framework/src/Illuminate/Database/Seeder.php(188): Illuminate/Container/Container->call(Array, Array)
#26 D:/New folder (20)/New folder/sistemkpi-tlab/vendor/laravel/framework/src/Illuminate/Database/Seeder.php(197): Illuminate/Database/Seeder->{closure:Illuminate/Database/Seeder::__invoke():187}()
#27 D:/New folder (20)/New folder/sistemkpi-tlab/vendor/laravel/framework/src/Illuminate/Database/Seeder.php(61): Illuminate/Database/Seeder->__invoke(Array)
#28 D:/New folder (20)/New folder/sistemkpi-tlab/database/seeders/DatabaseSeeder.php(11): Illuminate/Database/Seeder->call('Database//Seeder...')
#29 D:/New folder (20)/New folder/sistemkpi-tlab/vendor/laravel/framework/src/Illuminate/Container/BoundMethod.php(36): Database/Seeders/DatabaseSeeder->run()
#30 D:/New folder (20)/New folder/sistemkpi-tlab/vendor/laravel/framework/src/Illuminate/Container/Util.php(43): Illuminate/Container/BoundMethod::{closure:Illuminate/Container/BoundMethod::call():35}()
#31 D:/New folder (20)/New folder/sistemkpi-tlab/vendor/laravel/framework/src/Illuminate/Container/BoundMethod.php(95): Illuminate/Container/Util::unwrapIfClosure(Object(Closure))
#32 D:/New folder (20)/New folder/sistemkpi-tlab/vendor/laravel/framework/src/Illuminate/Container/BoundMethod.php(35): Illuminate/Container/BoundMethod::callBoundMethod(Object(Illuminate/Foundation/Application), Array, Object(Closure))
#33 D:/New folder (20)/New folder/sistemkpi-tlab/vendor/laravel/framework/src/Illuminate/Container/Container.php(696): Illuminate/Container/BoundMethod::call(Object(Illuminate/Foundation/Application), Array, Array, NULL)
#34 D:/New folder (20)/New folder/sistemkpi-tlab/vendor/laravel/framework/src/Illuminate/Database/Seeder.php(188): Illuminate/Container/Container->call(Array, Array)
#35 D:/New folder (20)/New folder/sistemkpi-tlab/vendor/laravel/framework/src/Illuminate/Database/Seeder.php(197): Illuminate/Database/Seeder->{closure:Illuminate/Database/Seeder::__invoke():187}()
#36 D:/New folder (20)/New folder/sistemkpi-tlab/vendor/laravel/framework/src/Illuminate/Database/Console/Seeds/SeedCommand.php(70): Illuminate/Database/Seeder->__invoke()
#37 D:/New folder (20)/New folder/sistemkpi-tlab/vendor/laravel/framework/src/Illuminate/Database/Eloquent/Concerns/GuardsAttributes.php(155): Illuminate/Database/Console/Seeds/SeedCommand->{closure:Illuminate/Database/Console/Seeds/SeedCommand::handle():69}()
#38 D:/New folder (20)/New folder/sistemkpi-tlab/vendor/laravel/framework/src/Illuminate/Database/Console/Seeds/SeedCommand.php(69): Illuminate/Database/Eloquent/Model::unguarded(Object(Closure))
#39 D:/New folder (20)/New folder/sistemkpi-tlab/vendor/laravel/framework/src/Illuminate/Container/BoundMethod.php(36): Illuminate/Database/Console/Seeds/SeedCommand->handle()
#40 D:/New folder (20)/New folder/sistemkpi-tlab/vendor/laravel/framework/src/Illuminate/Container/Util.php(43): Illuminate/Container/BoundMethod::{closure:Illuminate/Container/BoundMethod::call():35}()
#41 D:/New folder (20)/New folder/sistemkpi-tlab/vendor/laravel/framework/src/Illuminate/Container/BoundMethod.php(95): Illuminate/Container/Util::unwrapIfClosure(Object(Closure))
#42 D:/New folder (20)/New folder/sistemkpi-tlab/vendor/laravel/framework/src/Illuminate/Container/BoundMethod.php(35): Illuminate/Container/BoundMethod::callBoundMethod(Object(Illuminate/Foundation/Application), Array, Object(Closure))
#43 D:/New folder (20)/New folder/sistemkpi-tlab/vendor/laravel/framework/src/Illuminate/Container/Container.php(696): Illuminate/Container/BoundMethod::call(Object(Illuminate/Foundation/Application), Array, Array, NULL)
#44 D:/New folder (20)/New folder/sistemkpi-tlab/vendor/laravel/framework/src/Illuminate/Console/Command.php(213): Illuminate/Container/Container->call(Array)
#45 D:/New folder (20)/New folder/sistemkpi-tlab/vendor/symfony/console/Command/Command.php(341): Illuminate/Console/Command->execute(Object(Symfony/Component/Console/Input/ArgvInput), Object(Illuminate/Console/OutputStyle))
#46 D:/New folder (20)/New folder/sistemkpi-tlab/vendor/laravel/framework/src/Illuminate/Console/Command.php(182): Symfony/Component/Console/Command/Command->run(Object(Symfony/Component/Console/Input/ArgvInput), Object(Illuminate/Console/OutputStyle))
#47 D:/New folder (20)/New folder/sistemkpi-tlab/vendor/symfony/console/Application.php(1117): Illuminate/Console/Command->run(Object(Symfony/Component/Console/Input/ArgvInput), Object(Symfony/Component/Console/Output/ConsoleOutput))
#48 D:/New folder (20)/New folder/sistemkpi-tlab/vendor/symfony/console/Application.php(356): Symfony/Component/Console/Application->doRunCommand(Object(Illuminate/Database/Console/Seeds/SeedCommand), Object(Symfony/Component/Console/Input/ArgvInput), Object(Symfony/Component/Console/Output/ConsoleOutput))
#49 D:/New folder (20)/New folder/sistemkpi-tlab/vendor/symfony/console/Application.php(195): Symfony/Component/Console/Application->doRun(Object(Symfony/Component/Console/Input/ArgvInput), Object(Symfony/Component/Console/Output/ConsoleOutput))
#50 D:/New folder (20)/New folder/sistemkpi-tlab/vendor/laravel/framework/src/Illuminate/Foundation/Console/Kernel.php(198): Symfony/Component/Console/Application->run(Object(Symfony/Component/Console/Input/ArgvInput), Object(Symfony/Component/Console/Output/ConsoleOutput))
#51 D:/New folder (20)/New folder/sistemkpi-tlab/artisan(15): Illuminate/Foundation/Console/Kernel->handle(Object(Symfony/Component/Console/Input/ArgvInput), Object(Symfony/Component/Console/Output/ConsoleOutput))
#52 {main}

[previous exception] [object] (PDOException(code: HY000): SQLSTATE[HY000]: General error: 1 table users has no column named status_akun at D:/New folder (20)/New folder/sistemkpi-tlab/vendor/laravel/framework/src/Illuminate/Database/Connection.php:565)
[stacktrace]
#0 D:/New folder (20)/New folder/sistemkpi-tlab/vendor/laravel/framework/src/Illuminate/Database/Connection.php(565): PDO->prepare('insert into \"us...')
#1 D:/New folder (20)/New folder/sistemkpi-tlab/vendor/laravel/framework/src/Illuminate/Database/Connection.php(812): Illuminate/Database/Connection->{closure:Illuminate/Database/Connection::statement():560}('insert into \"us...', Array)
#2 D:/New folder (20)/New folder/sistemkpi-tlab/vendor/laravel/framework/src/Illuminate/Database/Connection.php(779): Illuminate/Database/Connection->runQueryCallback('insert into \"us...', Array, Object(Closure))
#3 D:/New folder (20)/New folder/sistemkpi-tlab/vendor/laravel/framework/src/Illuminate/Database/Connection.php(560): Illuminate/Database/Connection->run('insert into \"us...', Array, Object(Closure))
#4 D:/New folder (20)/New folder/sistemkpi-tlab/vendor/laravel/framework/src/Illuminate/Database/Connection.php(524): Illuminate/Database/Connection->statement('insert into \"us...', Array)
#5 D:/New folder (20)/New folder/sistemkpi-tlab/vendor/laravel/framework/src/Illuminate/Database/Query/Processors/Processor.php(32): Illuminate/Database/Connection->insert('insert into \"us...', Array)
#6 D:/New folder (20)/New folder/sistemkpi-tlab/vendor/laravel/framework/src/Illuminate/Database/Query/Builder.php(3766): Illuminate/Database/Query/Processors/Processor->processInsertGetId(Object(Illuminate/Database/Query/Builder), 'insert into \"us...', Array, 'id')
#7 D:/New folder (20)/New folder/sistemkpi-tlab/vendor/laravel/framework/src/Illuminate/Database/Eloquent/Builder.php(2120): Illuminate/Database/Query/Builder->insertGetId(Array, 'id')
#8 D:/New folder (20)/New folder/sistemkpi-tlab/vendor/laravel/framework/src/Illuminate/Database/Eloquent/Model.php(1359): Illuminate/Database/Eloquent/Builder->__call('insertGetId', Array)
#9 D:/New folder (20)/New folder/sistemkpi-tlab/vendor/laravel/framework/src/Illuminate/Database/Eloquent/Model.php(1324): Illuminate/Database/Eloquent/Model->insertAndSetId(Object(Illuminate/Database/Eloquent/Builder), Array)
#10 D:/New folder (20)/New folder/sistemkpi-tlab/vendor/laravel/framework/src/Illuminate/Database/Eloquent/Model.php(1163): Illuminate/Database/Eloquent/Model->performInsert(Object(Illuminate/Database/Eloquent/Builder))
#11 D:/New folder (20)/New folder/sistemkpi-tlab/vendor/laravel/framework/src/Illuminate/Database/Eloquent/Builder.php(1128): Illuminate/Database/Eloquent/Model->save()
#12 D:/New folder (20)/New folder/sistemkpi-tlab/vendor/laravel/framework/src/Illuminate/Support/helpers.php(399): Illuminate/Database/Eloquent/Builder->{closure:Illuminate/Database/Eloquent/Builder::create():1127}(Object(App/Models/User))
#13 D:/New folder (20)/New folder/sistemkpi-tlab/vendor/laravel/framework/src/Illuminate/Database/Eloquent/Builder.php(1127): tap(Object(App/Models/User), Object(Closure))
#14 D:/New folder (20)/New folder/sistemkpi-tlab/vendor/laravel/framework/src/Illuminate/Database/Eloquent/Builder.php(634): Illuminate/Database/Eloquent/Builder->create(Array)
#15 D:/New folder (20)/New folder/sistemkpi-tlab/vendor/laravel/framework/src/Illuminate/Database/Eloquent/Builder.php(1864): Illuminate/Database/Eloquent/Builder->{closure:Illuminate/Database/Eloquent/Builder::createOrFirst():634}()
#16 D:/New folder (20)/New folder/sistemkpi-tlab/vendor/laravel/framework/src/Illuminate/Database/Eloquent/Builder.php(634): Illuminate/Database/Eloquent/Builder->withSavepointIfNeeded(Object(Closure))
#17 D:/New folder (20)/New folder/sistemkpi-tlab/vendor/laravel/framework/src/Illuminate/Database/Eloquent/Builder.php(621): Illuminate/Database/Eloquent/Builder->createOrFirst(Array, Array)
#18 D:/New folder (20)/New folder/sistemkpi-tlab/vendor/laravel/framework/src/Illuminate/Support/Traits/ForwardsCalls.php(23): Illuminate/Database/Eloquent/Builder->firstOrCreate(Array, Array)
#19 D:/New folder (20)/New folder/sistemkpi-tlab/vendor/laravel/framework/src/Illuminate/Database/Eloquent/Model.php(2372): Illuminate/Database/Eloquent/Model->forwardCallTo(Object(Illuminate/Database/Eloquent/Builder), 'firstOrCreate', Array)
#20 D:/New folder (20)/New folder/sistemkpi-tlab/vendor/laravel/framework/src/Illuminate/Database/Eloquent/Model.php(2384): Illuminate/Database/Eloquent/Model->__call('firstOrCreate', Array)
#21 D:/New folder (20)/New folder/sistemkpi-tlab/database/seeders/UserSeeder.php(29): Illuminate/Database/Eloquent/Model::__callStatic('firstOrCreate', Array)
#22 D:/New folder (20)/New folder/sistemkpi-tlab/vendor/laravel/framework/src/Illuminate/Container/BoundMethod.php(36): Database/Seeders/UserSeeder->run()
#23 D:/New folder (20)/New folder/sistemkpi-tlab/vendor/laravel/framework/src/Illuminate/Container/Util.php(43): Illuminate/Container/BoundMethod::{closure:Illuminate/Container/BoundMethod::call():35}()
#24 D:/New folder (20)/New folder/sistemkpi-tlab/vendor/laravel/framework/src/Illuminate/Container/BoundMethod.php(95): Illuminate/Container/Util::unwrapIfClosure(Object(Closure))
#25 D:/New folder (20)/New folder/sistemkpi-tlab/vendor/laravel/framework/src/Illuminate/Container/BoundMethod.php(35): Illuminate/Container/BoundMethod::callBoundMethod(Object(Illuminate/Foundation/Application), Array, Object(Closure))
#26 D:/New folder (20)/New folder/sistemkpi-tlab/vendor/laravel/framework/src/Illuminate/Container/Container.php(696): Illuminate/Container/BoundMethod::call(Object(Illuminate/Foundation/Application), Array, Array, NULL)
#27 D:/New folder (20)/New folder/sistemkpi-tlab/vendor/laravel/framework/src/Illuminate/Database/Seeder.php(188): Illuminate/Container/Container->call(Array, Array)
#28 D:/New folder (20)/New folder/sistemkpi-tlab/vendor/laravel/framework/src/Illuminate/Database/Seeder.php(197): Illuminate/Database/Seeder->{closure:Illuminate/Database/Seeder::__invoke():187}()
#29 D:/New folder (20)/New folder/sistemkpi-tlab/vendor/laravel/framework/src/Illuminate/Database/Seeder.php(61): Illuminate/Database/Seeder->__invoke(Array)
#30 D:/New folder (20)/New folder/sistemkpi-tlab/database/seeders/DatabaseSeeder.php(11): Illuminate/Database/Seeder->call('Database//Seeder...')
#31 D:/New folder (20)/New folder/sistemkpi-tlab/vendor/laravel/framework/src/Illuminate/Container/BoundMethod.php(36): Database/Seeders/DatabaseSeeder->run()
#32 D:/New folder (20)/New folder/sistemkpi-tlab/vendor/laravel/framework/src/Illuminate/Container/Util.php(43): Illuminate/Container/BoundMethod::{closure:Illuminate/Container/BoundMethod::call():35}()
#33 D:/New folder (20)/New folder/sistemkpi-tlab/vendor/laravel/framework/src/Illuminate/Container/BoundMethod.php(95): Illuminate/Container/Util::unwrapIfClosure(Object(Closure))
#34 D:/New folder (20)/New folder/sistemkpi-tlab/vendor/laravel/framework/src/Illuminate/Container/BoundMethod.php(35): Illuminate/Container/BoundMethod::callBoundMethod(Object(Illuminate/Foundation/Application), Array, Object(Closure))
#35 D:/New folder (20)/New folder/sistemkpi-tlab/vendor/laravel/framework/src/Illuminate/Container/Container.php(696): Illuminate/Container/BoundMethod::call(Object(Illuminate/Foundation/Application), Array, Array, NULL)
#36 D:/New folder (20)/New folder/sistemkpi-tlab/vendor/laravel/framework/src/Illuminate/Database/Seeder.php(188): Illuminate/Container/Container->call(Array, Array)
#37 D:/New folder (20)/New folder/sistemkpi-tlab/vendor/laravel/framework/src/Illuminate/Database/Seeder.php(197): Illuminate/Database/Seeder->{closure:Illuminate/Database/Seeder::__invoke():187}()
#38 D:/New folder (20)/New folder/sistemkpi-tlab/vendor/laravel/framework/src/Illuminate/Database/Console/Seeds/SeedCommand.php(70): Illuminate/Database/Seeder->__invoke()
#39 D:/New folder (20)/New folder/sistemkpi-tlab/vendor/laravel/framework/src/Illuminate/Database/Eloquent/Concerns/GuardsAttributes.php(155): Illuminate/Database/Console/Seeds/SeedCommand->{closure:Illuminate/Database/Console/Seeds/SeedCommand::handle():69}()
#40 D:/New folder (20)/New folder/sistemkpi-tlab/vendor/laravel/framework/src/Illuminate/Database/Console/Seeds/SeedCommand.php(69): Illuminate/Database/Eloquent/Model::unguarded(Object(Closure))
#41 D:/New folder (20)/New folder/sistemkpi-tlab/vendor/laravel/framework/src/Illuminate/Container/BoundMethod.php(36): Illuminate/Database/Console/Seeds/SeedCommand->handle()
#42 D:/New folder (20)/New folder/sistemkpi-tlab/vendor/laravel/framework/src/Illuminate/Container/Util.php(43): Illuminate/Container/BoundMethod::{closure:Illuminate/Container/BoundMethod::call():35}()
#43 D:/New folder (20)/New folder/sistemkpi-tlab/vendor/laravel/framework/src/Illuminate/Container/BoundMethod.php(95): Illuminate/Container/Util::unwrapIfClosure(Object(Closure))
#44 D:/New folder (20)/New folder/sistemkpi-tlab/vendor/laravel/framework/src/Illuminate/Container/BoundMethod.php(35): Illuminate/Container/BoundMethod::callBoundMethod(Object(Illuminate/Foundation/Application), Array, Object(Closure))
#45 D:/New folder (20)/New folder/sistemkpi-tlab/vendor/laravel/framework/src/Illuminate/Container/Container.php(696): Illuminate/Container/BoundMethod::call(Object(Illuminate/Foundation/Application), Array, Array, NULL)
#46 D:/New folder (20)/New folder/sistemkpi-tlab/vendor/laravel/framework/src/Illuminate/Console/Command.php(213): Illuminate/Container/Container->call(Array)
#47 D:/New folder (20)/New folder/sistemkpi-tlab/vendor/symfony/console/Command/Command.php(341): Illuminate/Console/Command->execute(Object(Symfony/Component/Console/Input/ArgvInput), Object(Illuminate/Console/OutputStyle))
#48 D:/New folder (20)/New folder/sistemkpi-tlab/vendor/laravel/framework/src/Illuminate/Console/Command.php(182): Symfony/Component/Console/Command/Command->run(Object(Symfony/Component/Console/Input/ArgvInput), Object(Illuminate/Console/OutputStyle))
#49 D:/New folder (20)/New folder/sistemkpi-tlab/vendor/symfony/console/Application.php(1117): Illuminate/Console/Command->run(Object(Symfony/Component/Console/Input/ArgvInput), Object(Symfony/Component/Console/Output/ConsoleOutput))
#50 D:/New folder (20)/New folder/sistemkpi-tlab/vendor/symfony/console/Application.php(356): Symfony/Component/Console/Application->doRunCommand(Object(Illuminate/Database/Console/Seeds/SeedCommand), Object(Symfony/Component/Console/Input/ArgvInput), Object(Symfony/Component/Console/Output/ConsoleOutput))
#51 D:/New folder (20)/New folder/sistemkpi-tlab/vendor/symfony/console/Application.php(195): Symfony/Component/Console/Application->doRun(Object(Symfony/Component/Console/Input/ArgvInput), Object(Symfony/Component/Console/Output/ConsoleOutput))
#52 D:/New folder (20)/New folder/sistemkpi-tlab/vendor/laravel/framework/src/Illuminate/Foundation/Console/Kernel.php(198): Symfony/Component/Console/Application->run(Object(Symfony/Component/Console/Input/ArgvInput), Object(Symfony/Component/Console/Output/ConsoleOutput))
#53 D:/New folder (20)/New folder/sistemkpi-tlab/artisan(15): Illuminate/Foundation/Console/Kernel->handle(Object(Symfony/Component/Console/Input/ArgvInput), Object(Symfony/Component/Console/Output/ConsoleOutput))
#54 {main}
"} 
[2026-06-19 11:46:22] local.ERROR: Route [panduan] not defined. (View: D:\New folder (20)\New folder\sistemkpi-tlab\resources\views\layouts\app.blade.php) (View: D:\New folder (20)\New folder\sistemkpi-tlab\resources\views\layouts\app.blade.php) {"userId":1,"exception":"[object] (Illuminate\\View\\ViewException(code: 0): Route [panduan] not defined. (View: D:\\New folder (20)\\New folder\\sistemkpi-tlab\\resources\\views\\layouts\\app.blade.php) (View: D:\\New folder (20)\\New folder\\sistemkpi-tlab\\resources\\views\\layouts\\app.blade.php) at D:/New folder (20)/New folder/sistemkpi-tlab/vendor/laravel/framework/src/Illuminate/Routing/UrlGenerator.php:517)
[stacktrace]
#0 D:/New folder (20)/New folder/sistemkpi-tlab/vendor/laravel/framework/src/Illuminate/View/Engines/PhpEngine.php(60): Illuminate/View/Engines/CompilerEngine->handleViewException(Object(Illuminate/View/ViewException), 1)
#1 D:/New folder (20)/New folder/sistemkpi-tlab/vendor/laravel/framework/src/Illuminate/View/Engines/CompilerEngine.php(75): Illuminate/View/Engines/PhpEngine->evaluatePath('D://New folder (...', Array)
#2 D:/New folder (20)/New folder/sistemkpi-tlab/vendor/laravel/framework/src/Illuminate/View/View.php(209): Illuminate/View/Engines/CompilerEngine->get('D://New folder (...', Array)
#3 D:/New folder (20)/New folder/sistemkpi-tlab/vendor/laravel/framework/src/Illuminate/View/View.php(192): Illuminate/View/View->getContents()
#4 D:/New folder (20)/New folder/sistemkpi-tlab/vendor/laravel/framework/src/Illuminate/View/View.php(161): Illuminate/View/View->renderContents()
#5 D:/New folder (20)/New folder/sistemkpi-tlab/vendor/laravel/framework/src/Illuminate/Http/Response.php(79): Illuminate/View/View->render()
#6 D:/New folder (20)/New folder/sistemkpi-tlab/vendor/laravel/framework/src/Illuminate/Http/Response.php(35): Illuminate/Http/Response->setContent(Object(Illuminate/View/View))
#7 D:/New folder (20)/New folder/sistemkpi-tlab/vendor/laravel/framework/src/Illuminate/Routing/Router.php(920): Illuminate/Http/Response->__construct(Object(Illuminate/View/View), 200, Array)
#8 D:/New folder (20)/New folder/sistemkpi-tlab/vendor/laravel/framework/src/Illuminate/Routing/Router.php(887): Illuminate/Routing/Router::toResponse(Object(Illuminate/Http/Request), Object(Illuminate/View/View))
#9 D:/New folder (20)/New folder/sistemkpi-tlab/vendor/laravel/framework/src/Illuminate/Routing/Router.php(807): Illuminate/Routing/Router->prepareResponse(Object(Illuminate/Http/Request), Object(Illuminate/View/View))
#10 D:/New folder (20)/New folder/sistemkpi-tlab/vendor/laravel/framework/src/Illuminate/Pipeline/Pipeline.php(170): Illuminate/Routing/Router->{closure:Illuminate/Routing/Router::runRouteWithinStack():807}(Object(Illuminate/Http/Request))
#11 D:/New folder (20)/New folder/sistemkpi-tlab/app/Http/Middleware/StaffOnly.php(21): Illuminate/Pipeline/Pipeline->{closure:Illuminate/Pipeline/Pipeline::prepareDestination():168}(Object(Illuminate/Http/Request))
#12 D:/New folder (20)/New folder/sistemkpi-tlab/vendor/laravel/framework/src/Illuminate/Pipeline/Pipeline.php(209): App/Http/Middleware/StaffOnly->handle(Object(Illuminate/Http/Request), Object(Closure))
#13 D:/New folder (20)/New folder/sistemkpi-tlab/vendor/laravel/framework/src/Illuminate/Routing/Middleware/SubstituteBindings.php(51): Illuminate/Pipeline/Pipeline->{closure:{closure:Illuminate/Pipeline/Pipeline::carry():184}:185}(Object(Illuminate/Http/Request))
#14 D:/New folder (20)/New folder/sistemkpi-tlab/vendor/laravel/framework/src/Illuminate/Pipeline/Pipeline.php(209): Illuminate/Routing/Middleware/SubstituteBindings->handle(Object(Illuminate/Http/Request), Object(Closure))
#15 D:/New folder (20)/New folder/sistemkpi-tlab/vendor/laravel/framework/src/Illuminate/Auth/Middleware/Authenticate.php(64): Illuminate/Pipeline/Pipeline->{closure:{closure:Illuminate/Pipeline/Pipeline::carry():184}:185}(Object(Illuminate/Http/Request))
#16 D:/New folder (20)/New folder/sistemkpi-tlab/vendor/laravel/framework/src/Illuminate/Pipeline/Pipeline.php(209): Illuminate/Auth/Middleware/Authenticate->handle(Object(Illuminate/Http/Request), Object(Closure))
#17 D:/New folder (20)/New folder/sistemkpi-tlab/vendor/laravel/framework/src/Illuminate/Foundation/Http/Middleware/VerifyCsrfToken.php(88): Illuminate/Pipeline/Pipeline->{closure:{closure:Illuminate/Pipeline/Pipeline::carry():184}:185}(Object(Illuminate/Http/Request))
#18 D:/New folder (20)/New folder/sistemkpi-tlab/vendor/laravel/framework/src/Illuminate/Pipeline/Pipeline.php(209): Illuminate/Foundation/Http/Middleware/VerifyCsrfToken->handle(Object(Illuminate/Http/Request), Object(Closure))
#19 D:/New folder (20)/New folder/sistemkpi-tlab/vendor/laravel/framework/src/Illuminate/View/Middleware/ShareErrorsFromSession.php(49): Illuminate/Pipeline/Pipeline->{closure:{closure:Illuminate/Pipeline/Pipeline::carry():184}:185}(Object(Illuminate/Http/Request))
#20 D:/New folder (20)/New folder/sistemkpi-tlab/vendor/laravel/framework/src/Illuminate/Pipeline/Pipeline.php(209): Illuminate/View/Middleware/ShareErrorsFromSession->handle(Object(Illuminate/Http/Request), Object(Closure))
#21 D:/New folder (20)/New folder/sistemkpi-tlab/vendor/laravel/framework/src/Illuminate/Session/Middleware/StartSession.php(121): Illuminate/Pipeline/Pipeline->{closure:{closure:Illuminate/Pipeline/Pipeline::carry():184}:185}(Object(Illuminate/Http/Request))
#22 D:/New folder (20)/New folder/sistemkpi-tlab/vendor/laravel/framework/src/Illuminate/Session/Middleware/StartSession.php(64): Illuminate/Session/Middleware/StartSession->handleStatefulRequest(Object(Illuminate/Http/Request), Object(Illuminate/Session/Store), Object(Closure))
#23 D:/New folder (20)/New folder/sistemkpi-tlab/vendor/laravel/framework/src/Illuminate/Pipeline/Pipeline.php(209): Illuminate/Session/Middleware/StartSession->handle(Object(Illuminate/Http/Request), Object(Closure))
#24 D:/New folder (20)/New folder/sistemkpi-tlab/vendor/laravel/framework/src/Illuminate/Cookie/Middleware/AddQueuedCookiesToResponse.php(37): Illuminate/Pipeline/Pipeline->{closure:{closure:Illuminate/Pipeline/Pipeline::carry():184}:185}(Object(Illuminate/Http/Request))
#25 D:/New folder (20)/New folder/sistemkpi-tlab/vendor/laravel/framework/src/Illuminate/Pipeline/Pipeline.php(209): Illuminate/Cookie/Middleware/AddQueuedCookiesToResponse->handle(Object(Illuminate/Http/Request), Object(Closure))
#26 D:/New folder (20)/New folder/sistemkpi-tlab/vendor/laravel/framework/src/Illuminate/Cookie/Middleware/EncryptCookies.php(75): Illuminate/Pipeline/Pipeline->{closure:{closure:Illuminate/Pipeline/Pipeline::carry():184}:185}(Object(Illuminate/Http/Request))
#27 D:/New folder (20)/New folder/sistemkpi-tlab/vendor/laravel/framework/src/Illuminate/Pipeline/Pipeline.php(209): Illuminate/Cookie/Middleware/EncryptCookies->handle(Object(Illuminate/Http/Request), Object(Closure))
#28 D:/New folder (20)/New folder/sistemkpi-tlab/vendor/laravel/framework/src/Illuminate/Pipeline/Pipeline.php(127): Illuminate/Pipeline/Pipeline->{closure:{closure:Illuminate/Pipeline/Pipeline::carry():184}:185}(Object(Illuminate/Http/Request))
#29 D:/New folder (20)/New folder/sistemkpi-tlab/vendor/laravel/framework/src/Illuminate/Routing/Router.php(807): Illuminate/Pipeline/Pipeline->then(Object(Closure))
#30 D:/New folder (20)/New folder/sistemkpi-tlab/vendor/laravel/framework/src/Illuminate/Routing/Router.php(786): Illuminate/Routing/Router->runRouteWithinStack(Object(Illuminate/Routing/Route), Object(Illuminate/Http/Request))
#31 D:/New folder (20)/New folder/sistemkpi-tlab/vendor/laravel/framework/src/Illuminate/Routing/Router.php(750): Illuminate/Routing/Router->runRoute(Object(Illuminate/Http/Request), Object(Illuminate/Routing/Route))
#32 D:/New folder (20)/New folder/sistemkpi-tlab/vendor/laravel/framework/src/Illuminate/Routing/Router.php(739): Illuminate/Routing/Router->dispatchToRoute(Object(Illuminate/Http/Request))
#33 D:/New folder (20)/New folder/sistemkpi-tlab/vendor/laravel/framework/src/Illuminate/Foundation/Http/Kernel.php(201): Illuminate/Routing/Router->dispatch(Object(Illuminate/Http/Request))
#34 D:/New folder (20)/New folder/sistemkpi-tlab/vendor/laravel/framework/src/Illuminate/Pipeline/Pipeline.php(170): Illuminate/Foundation/Http/Kernel->{closure:Illuminate/Foundation/Http/Kernel::dispatchToRouter():198}(Object(Illuminate/Http/Request))
#35 D:/New folder (20)/New folder/sistemkpi-tlab/vendor/laravel/framework/src/Illuminate/Foundation/Http/Middleware/TransformsRequest.php(21): Illuminate/Pipeline/Pipeline->{closure:Illuminate/Pipeline/Pipeline::prepareDestination():168}(Object(Illuminate/Http/Request))
#36 D:/New folder (20)/New folder/sistemkpi-tlab/vendor/laravel/framework/src/Illuminate/Foundation/Http/Middleware/ConvertEmptyStringsToNull.php(31): Illuminate/Foundation/Http/Middleware/TransformsRequest->handle(Object(Illuminate/Http/Request), Object(Closure))
#37 D:/New folder (20)/New folder/sistemkpi-tlab/vendor/laravel/framework/src/Illuminate/Pipeline/Pipeline.php(209): Illuminate/Foundation/Http/Middleware/ConvertEmptyStringsToNull->handle(Object(Illuminate/Http/Request), Object(Closure))
#38 D:/New folder (20)/New folder/sistemkpi-tlab/vendor/laravel/framework/src/Illuminate/Foundation/Http/Middleware/TransformsRequest.php(21): Illuminate/Pipeline/Pipeline->{closure:{closure:Illuminate/Pipeline/Pipeline::carry():184}:185}(Object(Illuminate/Http/Request))
#39 D:/New folder (20)/New folder/sistemkpi-tlab/vendor/laravel/framework/src/Illuminate/Foundation/Http/Middleware/TrimStrings.php(51): Illuminate/Foundation/Http/Middleware/TransformsRequest->handle(Object(Illuminate/Http/Request), Object(Closure))
#40 D:/New folder (20)/New folder/sistemkpi-tlab/vendor/laravel/framework/src/Illuminate/Pipeline/Pipeline.php(209): Illuminate/Foundation/Http/Middleware/TrimStrings->handle(Object(Illuminate/Http/Request), Object(Closure))
#41 D:/New folder (20)/New folder/sistemkpi-tlab/vendor/laravel/framework/src/Illuminate/Http/Middleware/ValidatePostSize.php(27): Illuminate/Pipeline/Pipeline->{closure:{closure:Illuminate/Pipeline/Pipeline::carry():184}:185}(Object(Illuminate/Http/Request))
#42 D:/New folder (20)/New folder/sistemkpi-tlab/vendor/laravel/framework/src/Illuminate/Pipeline/Pipeline.php(209): Illuminate/Http/Middleware/ValidatePostSize->handle(Object(Illuminate/Http/Request), Object(Closure))
#43 D:/New folder (20)/New folder/sistemkpi-tlab/vendor/laravel/framework/src/Illuminate/Foundation/Http/Middleware/PreventRequestsDuringMaintenance.php(110): Illuminate/Pipeline/Pipeline->{closure:{closure:Illuminate/Pipeline/Pipeline::carry():184}:185}(Object(Illuminate/Http/Request))
#44 D:/New folder (20)/New folder/sistemkpi-tlab/vendor/laravel/framework/src/Illuminate/Pipeline/Pipeline.php(209): Illuminate/Foundation/Http/Middleware/PreventRequestsDuringMaintenance->handle(Object(Illuminate/Http/Request), Object(Closure))
#45 D:/New folder (20)/New folder/sistemkpi-tlab/vendor/laravel/framework/src/Illuminate/Http/Middleware/HandleCors.php(49): Illuminate/Pipeline/Pipeline->{closure:{closure:Illuminate/Pipeline/Pipeline::carry():184}:185}(Object(Illuminate/Http/Request))
#46 D:/New folder (20)/New folder/sistemkpi-tlab/vendor/laravel/framework/src/Illuminate/Pipeline/Pipeline.php(209): Illuminate/Http/Middleware/HandleCors->handle(Object(Illuminate/Http/Request), Object(Closure))
#47 D:/New folder (20)/New folder/sistemkpi-tlab/vendor/laravel/framework/src/Illuminate/Http/Middleware/TrustProxies.php(58): Illuminate/Pipeline/Pipeline->{closure:{closure:Illuminate/Pipeline/Pipeline::carry():184}:185}(Object(Illuminate/Http/Request))
#48 D:/New folder (20)/New folder/sistemkpi-tlab/vendor/laravel/framework/src/Illuminate/Pipeline/Pipeline.php(209): Illuminate/Http/Middleware/TrustProxies->handle(Object(Illuminate/Http/Request), Object(Closure))
#49 D:/New folder (20)/New folder/sistemkpi-tlab/vendor/laravel/framework/src/Illuminate/Foundation/Http/Middleware/InvokeDeferredCallbacks.php(22): Illuminate/Pipeline/Pipeline->{closure:{closure:Illuminate/Pipeline/Pipeline::carry():184}:185}(Object(Illuminate/Http/Request))
#50 D:/New folder (20)/New folder/sistemkpi-tlab/vendor/laravel/framework/src/Illuminate/Pipeline/Pipeline.php(209): Illuminate/Foundation/Http/Middleware/InvokeDeferredCallbacks->handle(Object(Illuminate/Http/Request), Object(Closure))
#51 D:/New folder (20)/New folder/sistemkpi-tlab/vendor/laravel/framework/src/Illuminate/Pipeline/Pipeline.php(127): Illuminate/Pipeline/Pipeline->{closure:{closure:Illuminate/Pipeline/Pipeline::carry():184}:185}(Object(Illuminate/Http/Request))
#52 D:/New folder (20)/New folder/sistemkpi-tlab/vendor/laravel/framework/src/Illuminate/Foundation/Http/Kernel.php(176): Illuminate/Pipeline/Pipeline->then(Object(Closure))
#53 D:/New folder (20)/New folder/sistemkpi-tlab/vendor/laravel/framework/src/Illuminate/Foundation/Http/Kernel.php(145): Illuminate/Foundation/Http/Kernel->sendRequestThroughRouter(Object(Illuminate/Http/Request))
#54 D:/New folder (20)/New folder/sistemkpi-tlab/vendor/laravel/framework/src/Illuminate/Foundation/Application.php(1220): Illuminate/Foundation/Http/Kernel->handle(Object(Illuminate/Http/Request))
#55 D:/New folder (20)/New folder/sistemkpi-tlab/public/index.php(17): Illuminate/Foundation/Application->handleRequest(Object(Illuminate/Http/Request))
#56 D:/New folder (20)/New folder/sistemkpi-tlab/vendor/laravel/framework/src/Illuminate/Foundation/resources/server.php(23): require_once('D://New folder (...')
#57 {main}

[previous exception] [object] (Illuminate\\View\\ViewException(code: 0): Route [panduan] not defined. (View: D:\\New folder (20)\\New folder\\sistemkpi-tlab\\resources\\views\\layouts\\app.blade.php) at D:/New folder (20)/New folder/sistemkpi-tlab/vendor/laravel/framework/src/Illuminate/Routing/UrlGenerator.php:517)
[stacktrace]
#0 D:/New folder (20)/New folder/sistemkpi-tlab/vendor/laravel/framework/src/Illuminate/View/Engines/PhpEngine.php(60): Illuminate/View/Engines/CompilerEngine->handleViewException(Object(Symfony/Component/Routing/Exception/RouteNotFoundException), 2)
#1 D:/New folder (20)/New folder/sistemkpi-tlab/vendor/laravel/framework/src/Illuminate/View/Engines/CompilerEngine.php(75): Illuminate/View/Engines/PhpEngine->evaluatePath('D://New folder (...', Array)
#2 D:/New folder (20)/New folder/sistemkpi-tlab/vendor/laravel/framework/src/Illuminate/View/View.php(209): Illuminate/View/Engines/CompilerEngine->get('D://New folder (...', Array)
#3 D:/New folder (20)/New folder/sistemkpi-tlab/vendor/laravel/framework/src/Illuminate/View/View.php(192): Illuminate/View/View->getContents()
#4 D:/New folder (20)/New folder/sistemkpi-tlab/vendor/laravel/framework/src/Illuminate/View/View.php(161): Illuminate/View/View->renderContents()
#5 D:/New folder (20)/New folder/sistemkpi-tlab/storage/framework/views/b423830d8ca62253c2ea822f382ec71d.php(576): Illuminate/View/View->render()
#6 D:/New folder (20)/New folder/sistemkpi-tlab/vendor/laravel/framework/src/Illuminate/Filesystem/Filesystem.php(123): require('D://New folder (...')
#7 D:/New folder (20)/New folder/sistemkpi-tlab/vendor/laravel/framework/src/Illuminate/Filesystem/Filesystem.php(124): Illuminate/Filesystem/Filesystem::{closure:Illuminate/Filesystem/Filesystem::getRequire():120}()
#8 D:/New folder (20)/New folder/sistemkpi-tlab/vendor/laravel/framework/src/Illuminate/View/Engines/PhpEngine.php(58): Illuminate/Filesystem/Filesystem->getRequire('D://New folder (...', Array)
#9 D:/New folder (20)/New folder/sistemkpi-tlab/vendor/laravel/framework/src/Illuminate/View/Engines/CompilerEngine.php(75): Illuminate/View/Engines/PhpEngine->evaluatePath('D://New folder (...', Array)
#10 D:/New folder (20)/New folder/sistemkpi-tlab/vendor/laravel/framework/src/Illuminate/View/View.php(209): Illuminate/View/Engines/CompilerEngine->get('D://New folder (...', Array)
#11 D:/New folder (20)/New folder/sistemkpi-tlab/vendor/laravel/framework/src/Illuminate/View/View.php(192): Illuminate/View/View->getContents()
#12 D:/New folder (20)/New folder/sistemkpi-tlab/vendor/laravel/framework/src/Illuminate/View/View.php(161): Illuminate/View/View->renderContents()
#13 D:/New folder (20)/New folder/sistemkpi-tlab/vendor/laravel/framework/src/Illuminate/Http/Response.php(79): Illuminate/View/View->render()
#14 D:/New folder (20)/New folder/sistemkpi-tlab/vendor/laravel/framework/src/Illuminate/Http/Response.php(35): Illuminate/Http/Response->setContent(Object(Illuminate/View/View))
#15 D:/New folder (20)/New folder/sistemkpi-tlab/vendor/laravel/framework/src/Illuminate/Routing/Router.php(920): Illuminate/Http/Response->__construct(Object(Illuminate/View/View), 200, Array)
#16 D:/New folder (20)/New folder/sistemkpi-tlab/vendor/laravel/framework/src/Illuminate/Routing/Router.php(887): Illuminate/Routing/Router::toResponse(Object(Illuminate/Http/Request), Object(Illuminate/View/View))
#17 D:/New folder (20)/New folder/sistemkpi-tlab/vendor/laravel/framework/src/Illuminate/Routing/Router.php(807): Illuminate/Routing/Router->prepareResponse(Object(Illuminate/Http/Request), Object(Illuminate/View/View))
#18 D:/New folder (20)/New folder/sistemkpi-tlab/vendor/laravel/framework/src/Illuminate/Pipeline/Pipeline.php(170): Illuminate/Routing/Router->{closure:Illuminate/Routing/Router::runRouteWithinStack():807}(Object(Illuminate/Http/Request))
#19 D:/New folder (20)/New folder/sistemkpi-tlab/app/Http/Middleware/StaffOnly.php(21): Illuminate/Pipeline/Pipeline->{closure:Illuminate/Pipeline/Pipeline::prepareDestination():168}(Object(Illuminate/Http/Request))
#20 D:/New folder (20)/New folder/sistemkpi-tlab/vendor/laravel/framework/src/Illuminate/Pipeline/Pipeline.php(209): App/Http/Middleware/StaffOnly->handle(Object(Illuminate/Http/Request), Object(Closure))
#21 D:/New folder (20)/New folder/sistemkpi-tlab/vendor/laravel/framework/src/Illuminate/Routing/Middleware/SubstituteBindings.php(51): Illuminate/Pipeline/Pipeline->{closure:{closure:Illuminate/Pipeline/Pipeline::carry():184}:185}(Object(Illuminate/Http/Request))
#22 D:/New folder (20)/New folder/sistemkpi-tlab/vendor/laravel/framework/src/Illuminate/Pipeline/Pipeline.php(209): Illuminate/Routing/Middleware/SubstituteBindings->handle(Object(Illuminate/Http/Request), Object(Closure))
#23 D:/New folder (20)/New folder/sistemkpi-tlab/vendor/laravel/framework/src/Illuminate/Auth/Middleware/Authenticate.php(64): Illuminate/Pipeline/Pipeline->{closure:{closure:Illuminate/Pipeline/Pipeline::carry():184}:185}(Object(Illuminate/Http/Request))
#24 D:/New folder (20)/New folder/sistemkpi-tlab/vendor/laravel/framework/src/Illuminate/Pipeline/Pipeline.php(209): Illuminate/Auth/Middleware/Authenticate->handle(Object(Illuminate/Http/Request), Object(Closure))
#25 D:/New folder (20)/New folder/sistemkpi-tlab/vendor/laravel/framework/src/Illuminate/Foundation/Http/Middleware/VerifyCsrfToken.php(88): Illuminate/Pipeline/Pipeline->{closure:{closure:Illuminate/Pipeline/Pipeline::carry():184}:185}(Object(Illuminate/Http/Request))
#26 D:/New folder (20)/New folder/sistemkpi-tlab/vendor/laravel/framework/src/Illuminate/Pipeline/Pipeline.php(209): Illuminate/Foundation/Http/Middleware/VerifyCsrfToken->handle(Object(Illuminate/Http/Request), Object(Closure))
#27 D:/New folder (20)/New folder/sistemkpi-tlab/vendor/laravel/framework/src/Illuminate/View/Middleware/ShareErrorsFromSession.php(49): Illuminate/Pipeline/Pipeline->{closure:{closure:Illuminate/Pipeline/Pipeline::carry():184}:185}(Object(Illuminate/Http/Request))
#28 D:/New folder (20)/New folder/sistemkpi-tlab/vendor/laravel/framework/src/Illuminate/Pipeline/Pipeline.php(209): Illuminate/View/Middleware/ShareErrorsFromSession->handle(Object(Illuminate/Http/Request), Object(Closure))
#29 D:/New folder (20)/New folder/sistemkpi-tlab/vendor/laravel/framework/src/Illuminate/Session/Middleware/StartSession.php(121): Illuminate/Pipeline/Pipeline->{closure:{closure:Illuminate/Pipeline/Pipeline::carry():184}:185}(Object(Illuminate/Http/Request))
#30 D:/New folder (20)/New folder/sistemkpi-tlab/vendor/laravel/framework/src/Illuminate/Session/Middleware/StartSession.php(64): Illuminate/Session/Middleware/StartSession->handleStatefulRequest(Object(Illuminate/Http/Request), Object(Illuminate/Session/Store), Object(Closure))
#31 D:/New folder (20)/New folder/sistemkpi-tlab/vendor/laravel/framework/src/Illuminate/Pipeline/Pipeline.php(209): Illuminate/Session/Middleware/StartSession->handle(Object(Illuminate/Http/Request), Object(Closure))
#32 D:/New folder (20)/New folder/sistemkpi-tlab/vendor/laravel/framework/src/Illuminate/Cookie/Middleware/AddQueuedCookiesToResponse.php(37): Illuminate/Pipeline/Pipeline->{closure:{closure:Illuminate/Pipeline/Pipeline::carry():184}:185}(Object(Illuminate/Http/Request))
#33 D:/New folder (20)/New folder/sistemkpi-tlab/vendor/laravel/framework/src/Illuminate/Pipeline/Pipeline.php(209): Illuminate/Cookie/Middleware/AddQueuedCookiesToResponse->handle(Object(Illuminate/Http/Request), Object(Closure))
#34 D:/New folder (20)/New folder/sistemkpi-tlab/vendor/laravel/framework/src/Illuminate/Cookie/Middleware/EncryptCookies.php(75): Illuminate/Pipeline/Pipeline->{closure:{closure:Illuminate/Pipeline/Pipeline::carry():184}:185}(Object(Illuminate/Http/Request))
#35 D:/New folder (20)/New folder/sistemkpi-tlab/vendor/laravel/framework/src/Illuminate/Pipeline/Pipeline.php(209): Illuminate/Cookie/Middleware/EncryptCookies->handle(Object(Illuminate/Http/Request), Object(Closure))
#36 D:/New folder (20)/New folder/sistemkpi-tlab/vendor/laravel/framework/src/Illuminate/Pipeline/Pipeline.php(127): Illuminate/Pipeline/Pipeline->{closure:{closure:Illuminate/Pipeline/Pipeline::carry():184}:185}(Object(Illuminate/Http/Request))
#37 D:/New folder (20)/New folder/sistemkpi-tlab/vendor/laravel/framework/src/Illuminate/Routing/Router.php(807): Illuminate/Pipeline/Pipeline->then(Object(Closure))
#38 D:/New folder (20)/New folder/sistemkpi-tlab/vendor/laravel/framework/src/Illuminate/Routing/Router.php(786): Illuminate/Routing/Router->runRouteWithinStack(Object(Illuminate/Routing/Route), Object(Illuminate/Http/Request))
#39 D:/New folder (20)/New folder/sistemkpi-tlab/vendor/laravel/framework/src/Illuminate/Routing/Router.php(750): Illuminate/Routing/Router->runRoute(Object(Illuminate/Http/Request), Object(Illuminate/Routing/Route))
#40 D:/New folder (20)/New folder/sistemkpi-tlab/vendor/laravel/framework/src/Illuminate/Routing/Router.php(739): Illuminate/Routing/Router->dispatchToRoute(Object(Illuminate/Http/Request))
#41 D:/New folder (20)/New folder/sistemkpi-tlab/vendor/laravel/framework/src/Illuminate/Foundation/Http/Kernel.php(201): Illuminate/Routing/Router->dispatch(Object(Illuminate/Http/Request))
#42 D:/New folder (20)/New folder/sistemkpi-tlab/vendor/laravel/framework/src/Illuminate/Pipeline/Pipeline.php(170): Illuminate/Foundation/Http/Kernel->{closure:Illuminate/Foundation/Http/Kernel::dispatchToRouter():198}(Object(Illuminate/Http/Request))
#43 D:/New folder (20)/New folder/sistemkpi-tlab/vendor/laravel/framework/src/Illuminate/Foundation/Http/Middleware/TransformsRequest.php(21): Illuminate/Pipeline/Pipeline->{closure:Illuminate/Pipeline/Pipeline::prepareDestination():168}(Object(Illuminate/Http/Request))
#44 D:/New folder (20)/New folder/sistemkpi-tlab/vendor/laravel/framework/src/Illuminate/Foundation/Http/Middleware/ConvertEmptyStringsToNull.php(31): Illuminate/Foundation/Http/Middleware/TransformsRequest->handle(Object(Illuminate/Http/Request), Object(Closure))
#45 D:/New folder (20)/New folder/sistemkpi-tlab/vendor/laravel/framework/src/Illuminate/Pipeline/Pipeline.php(209): Illuminate/Foundation/Http/Middleware/ConvertEmptyStringsToNull->handle(Object(Illuminate/Http/Request), Object(Closure))
#46 D:/New folder (20)/New folder/sistemkpi-tlab/vendor/laravel/framework/src/Illuminate/Foundation/Http/Middleware/TransformsRequest.php(21): Illuminate/Pipeline/Pipeline->{closure:{closure:Illuminate/Pipeline/Pipeline::carry():184}:185}(Object(Illuminate/Http/Request))
#47 D:/New folder (20)/New folder/sistemkpi-tlab/vendor/laravel/framework/src/Illuminate/Foundation/Http/Middleware/TrimStrings.php(51): Illuminate/Foundation/Http/Middleware/TransformsRequest->handle(Object(Illuminate/Http/Request), Object(Closure))
#48 D:/New folder (20)/New folder/sistemkpi-tlab/vendor/laravel/framework/src/Illuminate/Pipeline/Pipeline.php(209): Illuminate/Foundation/Http/Middleware/TrimStrings->handle(Object(Illuminate/Http/Request), Object(Closure))
#49 D:/New folder (20)/New folder/sistemkpi-tlab/vendor/laravel/framework/src/Illuminate/Http/Middleware/ValidatePostSize.php(27): Illuminate/Pipeline/Pipeline->{closure:{closure:Illuminate/Pipeline/Pipeline::carry():184}:185}(Object(Illuminate/Http/Request))
#50 D:/New folder (20)/New folder/sistemkpi-tlab/vendor/laravel/framework/src/Illuminate/Pipeline/Pipeline.php(209): Illuminate/Http/Middleware/ValidatePostSize->handle(Object(Illuminate/Http/Request), Object(Closure))
#51 D:/New folder (20)/New folder/sistemkpi-tlab/vendor/laravel/framework/src/Illuminate/Foundation/Http/Middleware/PreventRequestsDuringMaintenance.php(110): Illuminate/Pipeline/Pipeline->{closure:{closure:Illuminate/Pipeline/Pipeline::carry():184}:185}(Object(Illuminate/Http/Request))
#52 D:/New folder (20)/New folder/sistemkpi-tlab/vendor/laravel/framework/src/Illuminate/Pipeline/Pipeline.php(209): Illuminate/Foundation/Http/Middleware/PreventRequestsDuringMaintenance->handle(Object(Illuminate/Http/Request), Object(Closure))
#53 D:/New folder (20)/New folder/sistemkpi-tlab/vendor/laravel/framework/src/Illuminate/Http/Middleware/HandleCors.php(49): Illuminate/Pipeline/Pipeline->{closure:{closure:Illuminate/Pipeline/Pipeline::carry():184}:185}(Object(Illuminate/Http/Request))
#54 D:/New folder (20)/New folder/sistemkpi-tlab/vendor/laravel/framework/src/Illuminate/Pipeline/Pipeline.php(209): Illuminate/Http/Middleware/HandleCors->handle(Object(Illuminate/Http/Request), Object(Closure))
#55 D:/New folder (20)/New folder/sistemkpi-tlab/vendor/laravel/framework/src/Illuminate/Http/Middleware/TrustProxies.php(58): Illuminate/Pipeline/Pipeline->{closure:{closure:Illuminate/Pipeline/Pipeline::carry():184}:185}(Object(Illuminate/Http/Request))
#56 D:/New folder (20)/New folder/sistemkpi-tlab/vendor/laravel/framework/src/Illuminate/Pipeline/Pipeline.php(209): Illuminate/Http/Middleware/TrustProxies->handle(Object(Illuminate/Http/Request), Object(Closure))
#57 D:/New folder (20)/New folder/sistemkpi-tlab/vendor/laravel/framework/src/Illuminate/Foundation/Http/Middleware/InvokeDeferredCallbacks.php(22): Illuminate/Pipeline/Pipeline->{closure:{closure:Illuminate/Pipeline/Pipeline::carry():184}:185}(Object(Illuminate/Http/Request))
#58 D:/New folder (20)/New folder/sistemkpi-tlab/vendor/laravel/framework/src/Illuminate/Pipeline/Pipeline.php(209): Illuminate/Foundation/Http/Middleware/InvokeDeferredCallbacks->handle(Object(Illuminate/Http/Request), Object(Closure))
#59 D:/New folder (20)/New folder/sistemkpi-tlab/vendor/laravel/framework/src/Illuminate/Pipeline/Pipeline.php(127): Illuminate/Pipeline/Pipeline->{closure:{closure:Illuminate/Pipeline/Pipeline::carry():184}:185}(Object(Illuminate/Http/Request))
#60 D:/New folder (20)/New folder/sistemkpi-tlab/vendor/laravel/framework/src/Illuminate/Foundation/Http/Kernel.php(176): Illuminate/Pipeline/Pipeline->then(Object(Closure))
#61 D:/New folder (20)/New folder/sistemkpi-tlab/vendor/laravel/framework/src/Illuminate/Foundation/Http/Kernel.php(145): Illuminate/Foundation/Http/Kernel->sendRequestThroughRouter(Object(Illuminate/Http/Request))
#62 D:/New folder (20)/New folder/sistemkpi-tlab/vendor/laravel/framework/src/Illuminate/Foundation/Application.php(1220): Illuminate/Foundation/Http/Kernel->handle(Object(Illuminate/Http/Request))
#63 D:/New folder (20)/New folder/sistemkpi-tlab/public/index.php(17): Illuminate/Foundation/Application->handleRequest(Object(Illuminate/Http/Request))
#64 D:/New folder (20)/New folder/sistemkpi-tlab/vendor/laravel/framework/src/Illuminate/Foundation/resources/server.php(23): require_once('D://New folder (...')
#65 {main}

[previous exception] [object] (Symfony\\Component\\Routing\\Exception\\RouteNotFoundException(code: 0): Route [panduan] not defined. at D:/New folder (20)/New folder/sistemkpi-tlab/vendor/laravel/framework/src/Illuminate/Routing/UrlGenerator.php:517)
[stacktrace]
#0 D:/New folder (20)/New folder/sistemkpi-tlab/vendor/laravel/framework/src/Illuminate/Foundation/helpers.php(853): Illuminate/Routing/UrlGenerator->route('panduan', Array, true)
#1 D:/New folder (20)/New folder/sistemkpi-tlab/storage/framework/views/86854a95ab27f07b8a6ad8b3c9941f8f.php(112): route('panduan')
#2 D:/New folder (20)/New folder/sistemkpi-tlab/vendor/laravel/framework/src/Illuminate/Filesystem/Filesystem.php(123): require('D://New folder (...')
#3 D:/New folder (20)/New folder/sistemkpi-tlab/vendor/laravel/framework/src/Illuminate/Filesystem/Filesystem.php(124): Illuminate/Filesystem/Filesystem::{closure:Illuminate/Filesystem/Filesystem::getRequire():120}()
#4 D:/New folder (20)/New folder/sistemkpi-tlab/vendor/laravel/framework/src/Illuminate/View/Engines/PhpEngine.php(58): Illuminate/Filesystem/Filesystem->getRequire('D://New folder (...', Array)
#5 D:/New folder (20)/New folder/sistemkpi-tlab/vendor/laravel/framework/src/Illuminate/View/Engines/CompilerEngine.php(75): Illuminate/View/Engines/PhpEngine->evaluatePath('D://New folder (...', Array)
#6 D:/New folder (20)/New folder/sistemkpi-tlab/vendor/laravel/framework/src/Illuminate/View/View.php(209): Illuminate/View/Engines/CompilerEngine->get('D://New folder (...', Array)
#7 D:/New folder (20)/New folder/sistemkpi-tlab/vendor/laravel/framework/src/Illuminate/View/View.php(192): Illuminate/View/View->getContents()
#8 D:/New folder (20)/New folder/sistemkpi-tlab/vendor/laravel/framework/src/Illuminate/View/View.php(161): Illuminate/View/View->renderContents()
#9 D:/New folder (20)/New folder/sistemkpi-tlab/storage/framework/views/b423830d8ca62253c2ea822f382ec71d.php(576): Illuminate/View/View->render()
#10 D:/New folder (20)/New folder/sistemkpi-tlab/vendor/laravel/framework/src/Illuminate/Filesystem/Filesystem.php(123): require('D://New folder (...')
#11 D:/New folder (20)/New folder/sistemkpi-tlab/vendor/laravel/framework/src/Illuminate/Filesystem/Filesystem.php(124): Illuminate/Filesystem/Filesystem::{closure:Illuminate/Filesystem/Filesystem::getRequire():120}()
#12 D:/New folder (20)/New folder/sistemkpi-tlab/vendor/laravel/framework/src/Illuminate/View/Engines/PhpEngine.php(58): Illuminate/Filesystem/Filesystem->getRequire('D://New folder (...', Array)
#13 D:/New folder (20)/New folder/sistemkpi-tlab/vendor/laravel/framework/src/Illuminate/View/Engines/CompilerEngine.php(75): Illuminate/View/Engines/PhpEngine->evaluatePath('D://New folder (...', Array)
#14 D:/New folder (20)/New folder/sistemkpi-tlab/vendor/laravel/framework/src/Illuminate/View/View.php(209): Illuminate/View/Engines/CompilerEngine->get('D://New folder (...', Array)
#15 D:/New folder (20)/New folder/sistemkpi-tlab/vendor/laravel/framework/src/Illuminate/View/View.php(192): Illuminate/View/View->getContents()
#16 D:/New folder (20)/New folder/sistemkpi-tlab/vendor/laravel/framework/src/Illuminate/View/View.php(161): Illuminate/View/View->renderContents()
#17 D:/New folder (20)/New folder/sistemkpi-tlab/vendor/laravel/framework/src/Illuminate/Http/Response.php(79): Illuminate/View/View->render()
#18 D:/New folder (20)/New folder/sistemkpi-tlab/vendor/laravel/framework/src/Illuminate/Http/Response.php(35): Illuminate/Http/Response->setContent(Object(Illuminate/View/View))
#19 D:/New folder (20)/New folder/sistemkpi-tlab/vendor/laravel/framework/src/Illuminate/Routing/Router.php(920): Illuminate/Http/Response->__construct(Object(Illuminate/View/View), 200, Array)
#20 D:/New folder (20)/New folder/sistemkpi-tlab/vendor/laravel/framework/src/Illuminate/Routing/Router.php(887): Illuminate/Routing/Router::toResponse(Object(Illuminate/Http/Request), Object(Illuminate/View/View))
#21 D:/New folder (20)/New folder/sistemkpi-tlab/vendor/laravel/framework/src/Illuminate/Routing/Router.php(807): Illuminate/Routing/Router->prepareResponse(Object(Illuminate/Http/Request), Object(Illuminate/View/View))
#22 D:/New folder (20)/New folder/sistemkpi-tlab/vendor/laravel/framework/src/Illuminate/Pipeline/Pipeline.php(170): Illuminate/Routing/Router->{closure:Illuminate/Routing/Router::runRouteWithinStack():807}(Object(Illuminate/Http/Request))
#23 D:/New folder (20)/New folder/sistemkpi-tlab/app/Http/Middleware/StaffOnly.php(21): Illuminate/Pipeline/Pipeline->{closure:Illuminate/Pipeline/Pipeline::prepareDestination():168}(Object(Illuminate/Http/Request))
#24 D:/New folder (20)/New folder/sistemkpi-tlab/vendor/laravel/framework/src/Illuminate/Pipeline/Pipeline.php(209): App/Http/Middleware/StaffOnly->handle(Object(Illuminate/Http/Request), Object(Closure))
#25 D:/New folder (20)/New folder/sistemkpi-tlab/vendor/laravel/framework/src/Illuminate/Routing/Middleware/SubstituteBindings.php(51): Illuminate/Pipeline/Pipeline->{closure:{closure:Illuminate/Pipeline/Pipeline::carry():184}:185}(Object(Illuminate/Http/Request))
#26 D:/New folder (20)/New folder/sistemkpi-tlab/vendor/laravel/framework/src/Illuminate/Pipeline/Pipeline.php(209): Illuminate/Routing/Middleware/SubstituteBindings->handle(Object(Illuminate/Http/Request), Object(Closure))
#27 D:/New folder (20)/New folder/sistemkpi-tlab/vendor/laravel/framework/src/Illuminate/Auth/Middleware/Authenticate.php(64): Illuminate/Pipeline/Pipeline->{closure:{closure:Illuminate/Pipeline/Pipeline::carry():184}:185}(Object(Illuminate/Http/Request))
#28 D:/New folder (20)/New folder/sistemkpi-tlab/vendor/laravel/framework/src/Illuminate/Pipeline/Pipeline.php(209): Illuminate/Auth/Middleware/Authenticate->handle(Object(Illuminate/Http/Request), Object(Closure))
#29 D:/New folder (20)/New folder/sistemkpi-tlab/vendor/laravel/framework/src/Illuminate/Foundation/Http/Middleware/VerifyCsrfToken.php(88): Illuminate/Pipeline/Pipeline->{closure:{closure:Illuminate/Pipeline/Pipeline::carry():184}:185}(Object(Illuminate/Http/Request))
#30 D:/New folder (20)/New folder/sistemkpi-tlab/vendor/laravel/framework/src/Illuminate/Pipeline/Pipeline.php(209): Illuminate/Foundation/Http/Middleware/VerifyCsrfToken->handle(Object(Illuminate/Http/Request), Object(Closure))
#31 D:/New folder (20)/New folder/sistemkpi-tlab/vendor/laravel/framework/src/Illuminate/View/Middleware/ShareErrorsFromSession.php(49): Illuminate/Pipeline/Pipeline->{closure:{closure:Illuminate/Pipeline/Pipeline::carry():184}:185}(Object(Illuminate/Http/Request))
#32 D:/New folder (20)/New folder/sistemkpi-tlab/vendor/laravel/framework/src/Illuminate/Pipeline/Pipeline.php(209): Illuminate/View/Middleware/ShareErrorsFromSession->handle(Object(Illuminate/Http/Request), Object(Closure))
#33 D:/New folder (20)/New folder/sistemkpi-tlab/vendor/laravel/framework/src/Illuminate/Session/Middleware/StartSession.php(121): Illuminate/Pipeline/Pipeline->{closure:{closure:Illuminate/Pipeline/Pipeline::carry():184}:185}(Object(Illuminate/Http/Request))
#34 D:/New folder (20)/New folder/sistemkpi-tlab/vendor/laravel/framework/src/Illuminate/Session/Middleware/StartSession.php(64): Illuminate/Session/Middleware/StartSession->handleStatefulRequest(Object(Illuminate/Http/Request), Object(Illuminate/Session/Store), Object(Closure))
#35 D:/New folder (20)/New folder/sistemkpi-tlab/vendor/laravel/framework/src/Illuminate/Pipeline/Pipeline.php(209): Illuminate/Session/Middleware/StartSession->handle(Object(Illuminate/Http/Request), Object(Closure))
#36 D:/New folder (20)/New folder/sistemkpi-tlab/vendor/laravel/framework/src/Illuminate/Cookie/Middleware/AddQueuedCookiesToResponse.php(37): Illuminate/Pipeline/Pipeline->{closure:{closure:Illuminate/Pipeline/Pipeline::carry():184}:185}(Object(Illuminate/Http/Request))
#37 D:/New folder (20)/New folder/sistemkpi-tlab/vendor/laravel/framework/src/Illuminate/Pipeline/Pipeline.php(209): Illuminate/Cookie/Middleware/AddQueuedCookiesToResponse->handle(Object(Illuminate/Http/Request), Object(Closure))
#38 D:/New folder (20)/New folder/sistemkpi-tlab/vendor/laravel/framework/src/Illuminate/Cookie/Middleware/EncryptCookies.php(75): Illuminate/Pipeline/Pipeline->{closure:{closure:Illuminate/Pipeline/Pipeline::carry():184}:185}(Object(Illuminate/Http/Request))
#39 D:/New folder (20)/New folder/sistemkpi-tlab/vendor/laravel/framework/src/Illuminate/Pipeline/Pipeline.php(209): Illuminate/Cookie/Middleware/EncryptCookies->handle(Object(Illuminate/Http/Request), Object(Closure))
#40 D:/New folder (20)/New folder/sistemkpi-tlab/vendor/laravel/framework/src/Illuminate/Pipeline/Pipeline.php(127): Illuminate/Pipeline/Pipeline->{closure:{closure:Illuminate/Pipeline/Pipeline::carry():184}:185}(Object(Illuminate/Http/Request))
#41 D:/New folder (20)/New folder/sistemkpi-tlab/vendor/laravel/framework/src/Illuminate/Routing/Router.php(807): Illuminate/Pipeline/Pipeline->then(Object(Closure))
#42 D:/New folder (20)/New folder/sistemkpi-tlab/vendor/laravel/framework/src/Illuminate/Routing/Router.php(786): Illuminate/Routing/Router->runRouteWithinStack(Object(Illuminate/Routing/Route), Object(Illuminate/Http/Request))
#43 D:/New folder (20)/New folder/sistemkpi-tlab/vendor/laravel/framework/src/Illuminate/Routing/Router.php(750): Illuminate/Routing/Router->runRoute(Object(Illuminate/Http/Request), Object(Illuminate/Routing/Route))
#44 D:/New folder (20)/New folder/sistemkpi-tlab/vendor/laravel/framework/src/Illuminate/Routing/Router.php(739): Illuminate/Routing/Router->dispatchToRoute(Object(Illuminate/Http/Request))
#45 D:/New folder (20)/New folder/sistemkpi-tlab/vendor/laravel/framework/src/Illuminate/Foundation/Http/Kernel.php(201): Illuminate/Routing/Router->dispatch(Object(Illuminate/Http/Request))
#46 D:/New folder (20)/New folder/sistemkpi-tlab/vendor/laravel/framework/src/Illuminate/Pipeline/Pipeline.php(170): Illuminate/Foundation/Http/Kernel->{closure:Illuminate/Foundation/Http/Kernel::dispatchToRouter():198}(Object(Illuminate/Http/Request))
#47 D:/New folder (20)/New folder/sistemkpi-tlab/vendor/laravel/framework/src/Illuminate/Foundation/Http/Middleware/TransformsRequest.php(21): Illuminate/Pipeline/Pipeline->{closure:Illuminate/Pipeline/Pipeline::prepareDestination():168}(Object(Illuminate/Http/Request))
#48 D:/New folder (20)/New folder/sistemkpi-tlab/vendor/laravel/framework/src/Illuminate/Foundation/Http/Middleware/ConvertEmptyStringsToNull.php(31): Illuminate/Foundation/Http/Middleware/TransformsRequest->handle(Object(Illuminate/Http/Request), Object(Closure))
#49 D:/New folder (20)/New folder/sistemkpi-tlab/vendor/laravel/framework/src/Illuminate/Pipeline/Pipeline.php(209): Illuminate/Foundation/Http/Middleware/ConvertEmptyStringsToNull->handle(Object(Illuminate/Http/Request), Object(Closure))
#50 D:/New folder (20)/New folder/sistemkpi-tlab/vendor/laravel/framework/src/Illuminate/Foundation/Http/Middleware/TransformsRequest.php(21): Illuminate/Pipeline/Pipeline->{closure:{closure:Illuminate/Pipeline/Pipeline::carry():184}:185}(Object(Illuminate/Http/Request))
#51 D:/New folder (20)/New folder/sistemkpi-tlab/vendor/laravel/framework/src/Illuminate/Foundation/Http/Middleware/TrimStrings.php(51): Illuminate/Foundation/Http/Middleware/TransformsRequest->handle(Object(Illuminate/Http/Request), Object(Closure))
#52 D:/New folder (20)/New folder/sistemkpi-tlab/vendor/laravel/framework/src/Illuminate/Pipeline/Pipeline.php(209): Illuminate/Foundation/Http/Middleware/TrimStrings->handle(Object(Illuminate/Http/Request), Object(Closure))
#53 D:/New folder (20)/New folder/sistemkpi-tlab/vendor/laravel/framework/src/Illuminate/Http/Middleware/ValidatePostSize.php(27): Illuminate/Pipeline/Pipeline->{closure:{closure:Illuminate/Pipeline/Pipeline::carry():184}:185}(Object(Illuminate/Http/Request))
#54 D:/New folder (20)/New folder/sistemkpi-tlab/vendor/laravel/framework/src/Illuminate/Pipeline/Pipeline.php(209): Illuminate/Http/Middleware/ValidatePostSize->handle(Object(Illuminate/Http/Request), Object(Closure))
#55 D:/New folder (20)/New folder/sistemkpi-tlab/vendor/laravel/framework/src/Illuminate/Foundation/Http/Middleware/PreventRequestsDuringMaintenance.php(110): Illuminate/Pipeline/Pipeline->{closure:{closure:Illuminate/Pipeline/Pipeline::carry():184}:185}(Object(Illuminate/Http/Request))
#56 D:/New folder (20)/New folder/sistemkpi-tlab/vendor/laravel/framework/src/Illuminate/Pipeline/Pipeline.php(209): Illuminate/Foundation/Http/Middleware/PreventRequestsDuringMaintenance->handle(Object(Illuminate/Http/Request), Object(Closure))
#57 D:/New folder (20)/New folder/sistemkpi-tlab/vendor/laravel/framework/src/Illuminate/Http/Middleware/HandleCors.php(49): Illuminate/Pipeline/Pipeline->{closure:{closure:Illuminate/Pipeline/Pipeline::carry():184}:185}(Object(Illuminate/Http/Request))
#58 D:/New folder (20)/New folder/sistemkpi-tlab/vendor/laravel/framework/src/Illuminate/Pipeline/Pipeline.php(209): Illuminate/Http/Middleware/HandleCors->handle(Object(Illuminate/Http/Request), Object(Closure))
#59 D:/New folder (20)/New folder/sistemkpi-tlab/vendor/laravel/framework/src/Illuminate/Http/Middleware/TrustProxies.php(58): Illuminate/Pipeline/Pipeline->{closure:{closure:Illuminate/Pipeline/Pipeline::carry():184}:185}(Object(Illuminate/Http/Request))
#60 D:/New folder (20)/New folder/sistemkpi-tlab/vendor/laravel/framework/src/Illuminate/Pipeline/Pipeline.php(209): Illuminate/Http/Middleware/TrustProxies->handle(Object(Illuminate/Http/Request), Object(Closure))
#61 D:/New folder (20)/New folder/sistemkpi-tlab/vendor/laravel/framework/src/Illuminate/Foundation/Http/Middleware/InvokeDeferredCallbacks.php(22): Illuminate/Pipeline/Pipeline->{closure:{closure:Illuminate/Pipeline/Pipeline::carry():184}:185}(Object(Illuminate/Http/Request))
#62 D:/New folder (20)/New folder/sistemkpi-tlab/vendor/laravel/framework/src/Illuminate/Pipeline/Pipeline.php(209): Illuminate/Foundation/Http/Middleware/InvokeDeferredCallbacks->handle(Object(Illuminate/Http/Request), Object(Closure))
#63 D:/New folder (20)/New folder/sistemkpi-tlab/vendor/laravel/framework/src/Illuminate/Pipeline/Pipeline.php(127): Illuminate/Pipeline/Pipeline->{closure:{closure:Illuminate/Pipeline/Pipeline::carry():184}:185}(Object(Illuminate/Http/Request))
#64 D:/New folder (20)/New folder/sistemkpi-tlab/vendor/laravel/framework/src/Illuminate/Foundation/Http/Kernel.php(176): Illuminate/Pipeline/Pipeline->then(Object(Closure))
#65 D:/New folder (20)/New folder/sistemkpi-tlab/vendor/laravel/framework/src/Illuminate/Foundation/Http/Kernel.php(145): Illuminate/Foundation/Http/Kernel->sendRequestThroughRouter(Object(Illuminate/Http/Request))
#66 D:/New folder (20)/New folder/sistemkpi-tlab/vendor/laravel/framework/src/Illuminate/Foundation/Application.php(1220): Illuminate/Foundation/Http/Kernel->handle(Object(Illuminate/Http/Request))
#67 D:/New folder (20)/New folder/sistemkpi-tlab/public/index.php(17): Illuminate/Foundation/Application->handleRequest(Object(Illuminate/Http/Request))
#68 D:/New folder (20)/New folder/sistemkpi-tlab/vendor/laravel/framework/src/Illuminate/Foundation/resources/server.php(23): require_once('D://New folder (...')
#69 {main}
"} 
[2026-06-19 11:58:29] local.ERROR: PHP Parse error: Syntax error, unexpected T_NS_SEPARATOR on line 2 {"exception":"[object] (Psy\\Exception\\ParseErrorException(code: 0): PHP Parse error: Syntax error, unexpected T_NS_SEPARATOR on line 2 at D:/New folder (20)/New folder/sistemkpi-tlab/vendor/psy/psysh/src/Exception/ParseErrorException.php:44)
[stacktrace]
#0 D:/New folder (20)/New folder/sistemkpi-tlab/vendor/psy/psysh/src/CodeCleaner.php(657): Psy/Exception/ParseErrorException::fromParseError(Object(PhpParser/Error))
#1 D:/New folder (20)/New folder/sistemkpi-tlab/vendor/psy/psysh/src/CodeCleaner.php(273): Psy/CodeCleaner->parse('<?php /n// = [/n  ...', false)
#2 D:/New folder (20)/New folder/sistemkpi-tlab/vendor/psy/psysh/src/Shell.php(1364): Psy/CodeCleaner->clean(Array, false)
#3 D:/New folder (20)/New folder/sistemkpi-tlab/vendor/psy/psysh/src/Shell.php(1471): Psy/Shell->appendCode('/n// = [/n    ['ol...', true, false)
#4 D:/New folder (20)/New folder/sistemkpi-tlab/vendor/psy/psysh/src/Shell.php(2180): Psy/Shell->setCode('/n// = [/n    ['ol...', true)
#5 D:/New folder (20)/New folder/sistemkpi-tlab/vendor/laravel/tinker/src/Console/TinkerCommand.php(77): Psy/Shell->execute('/n// = [/n    ['ol...')
#6 D:/New folder (20)/New folder/sistemkpi-tlab/vendor/laravel/framework/src/Illuminate/Container/BoundMethod.php(36): Laravel/Tinker/Console/TinkerCommand->handle()
#7 D:/New folder (20)/New folder/sistemkpi-tlab/vendor/laravel/framework/src/Illuminate/Container/Util.php(43): Illuminate/Container/BoundMethod::{closure:Illuminate/Container/BoundMethod::call():35}()
#8 D:/New folder (20)/New folder/sistemkpi-tlab/vendor/laravel/framework/src/Illuminate/Container/BoundMethod.php(95): Illuminate/Container/Util::unwrapIfClosure(Object(Closure))
#9 D:/New folder (20)/New folder/sistemkpi-tlab/vendor/laravel/framework/src/Illuminate/Container/BoundMethod.php(35): Illuminate/Container/BoundMethod::callBoundMethod(Object(Illuminate/Foundation/Application), Array, Object(Closure))
#10 D:/New folder (20)/New folder/sistemkpi-tlab/vendor/laravel/framework/src/Illuminate/Container/Container.php(696): Illuminate/Container/BoundMethod::call(Object(Illuminate/Foundation/Application), Array, Array, NULL)
#11 D:/New folder (20)/New folder/sistemkpi-tlab/vendor/laravel/framework/src/Illuminate/Console/Command.php(213): Illuminate/Container/Container->call(Array)
#12 D:/New folder (20)/New folder/sistemkpi-tlab/vendor/symfony/console/Command/Command.php(341): Illuminate/Console/Command->execute(Object(Symfony/Component/Console/Input/ArgvInput), Object(Illuminate/Console/OutputStyle))
#13 D:/New folder (20)/New folder/sistemkpi-tlab/vendor/laravel/framework/src/Illuminate/Console/Command.php(182): Symfony/Component/Console/Command/Command->run(Object(Symfony/Component/Console/Input/ArgvInput), Object(Illuminate/Console/OutputStyle))
#14 D:/New folder (20)/New folder/sistemkpi-tlab/vendor/symfony/console/Application.php(1117): Illuminate/Console/Command->run(Object(Symfony/Component/Console/Input/ArgvInput), Object(Symfony/Component/Console/Output/ConsoleOutput))
#15 D:/New folder (20)/New folder/sistemkpi-tlab/vendor/symfony/console/Application.php(356): Symfony/Component/Console/Application->doRunCommand(Object(Laravel/Tinker/Console/TinkerCommand), Object(Symfony/Component/Console/Input/ArgvInput), Object(Symfony/Component/Console/Output/ConsoleOutput))
#16 D:/New folder (20)/New folder/sistemkpi-tlab/vendor/symfony/console/Application.php(195): Symfony/Component/Console/Application->doRun(Object(Symfony/Component/Console/Input/ArgvInput), Object(Symfony/Component/Console/Output/ConsoleOutput))
#17 D:/New folder (20)/New folder/sistemkpi-tlab/vendor/laravel/framework/src/Illuminate/Foundation/Console/Kernel.php(198): Symfony/Component/Console/Application->run(Object(Symfony/Component/Console/Input/ArgvInput), Object(Symfony/Component/Console/Output/ConsoleOutput))
#18 D:/New folder (20)/New folder/sistemkpi-tlab/artisan(15): Illuminate/Foundation/Console/Kernel->handle(Object(Symfony/Component/Console/Input/ArgvInput), Object(Symfony/Component/Console/Output/ConsoleOutput))
#19 {main}
"} 
[2026-06-19 11:58:46] local.ERROR: PHP Parse error: Syntax error, unexpected T_NS_SEPARATOR on line 1 {"exception":"[object] (Psy\\Exception\\ParseErrorException(code: 0): PHP Parse error: Syntax error, unexpected T_NS_SEPARATOR on line 1 at D:/New folder (20)/New folder/sistemkpi-tlab/vendor/psy/psysh/src/Exception/ParseErrorException.php:44)
[stacktrace]
#0 D:/New folder (20)/New folder/sistemkpi-tlab/vendor/psy/psysh/src/CodeCleaner.php(657): Psy/Exception/ParseErrorException::fromParseError(Object(PhpParser/Error))
#1 D:/New folder (20)/New folder/sistemkpi-tlab/vendor/psy/psysh/src/CodeCleaner.php(273): Psy/CodeCleaner->parse('<?php // = App//M...', false)
#2 D:/New folder (20)/New folder/sistemkpi-tlab/vendor/psy/psysh/src/Shell.php(1364): Psy/CodeCleaner->clean(Array, false)
#3 D:/New folder (20)/New folder/sistemkpi-tlab/vendor/psy/psysh/src/Shell.php(1471): Psy/Shell->appendCode('// = App//Models//...', true, false)
#4 D:/New folder (20)/New folder/sistemkpi-tlab/vendor/psy/psysh/src/Shell.php(2180): Psy/Shell->setCode('// = App//Models//...', true)
#5 D:/New folder (20)/New folder/sistemkpi-tlab/vendor/laravel/tinker/src/Console/TinkerCommand.php(77): Psy/Shell->execute('// = App//Models//...')
#6 D:/New folder (20)/New folder/sistemkpi-tlab/vendor/laravel/framework/src/Illuminate/Container/BoundMethod.php(36): Laravel/Tinker/Console/TinkerCommand->handle()
#7 D:/New folder (20)/New folder/sistemkpi-tlab/vendor/laravel/framework/src/Illuminate/Container/Util.php(43): Illuminate/Container/BoundMethod::{closure:Illuminate/Container/BoundMethod::call():35}()
#8 D:/New folder (20)/New folder/sistemkpi-tlab/vendor/laravel/framework/src/Illuminate/Container/BoundMethod.php(95): Illuminate/Container/Util::unwrapIfClosure(Object(Closure))
#9 D:/New folder (20)/New folder/sistemkpi-tlab/vendor/laravel/framework/src/Illuminate/Container/BoundMethod.php(35): Illuminate/Container/BoundMethod::callBoundMethod(Object(Illuminate/Foundation/Application), Array, Object(Closure))
#10 D:/New folder (20)/New folder/sistemkpi-tlab/vendor/laravel/framework/src/Illuminate/Container/Container.php(696): Illuminate/Container/BoundMethod::call(Object(Illuminate/Foundation/Application), Array, Array, NULL)
#11 D:/New folder (20)/New folder/sistemkpi-tlab/vendor/laravel/framework/src/Illuminate/Console/Command.php(213): Illuminate/Container/Container->call(Array)
#12 D:/New folder (20)/New folder/sistemkpi-tlab/vendor/symfony/console/Command/Command.php(341): Illuminate/Console/Command->execute(Object(Symfony/Component/Console/Input/ArgvInput), Object(Illuminate/Console/OutputStyle))
#13 D:/New folder (20)/New folder/sistemkpi-tlab/vendor/laravel/framework/src/Illuminate/Console/Command.php(182): Symfony/Component/Console/Command/Command->run(Object(Symfony/Component/Console/Input/ArgvInput), Object(Illuminate/Console/OutputStyle))
#14 D:/New folder (20)/New folder/sistemkpi-tlab/vendor/symfony/console/Application.php(1117): Illuminate/Console/Command->run(Object(Symfony/Component/Console/Input/ArgvInput), Object(Symfony/Component/Console/Output/ConsoleOutput))
#15 D:/New folder (20)/New folder/sistemkpi-tlab/vendor/symfony/console/Application.php(356): Symfony/Component/Console/Application->doRunCommand(Object(Laravel/Tinker/Console/TinkerCommand), Object(Symfony/Component/Console/Input/ArgvInput), Object(Symfony/Component/Console/Output/ConsoleOutput))
#16 D:/New folder (20)/New folder/sistemkpi-tlab/vendor/symfony/console/Application.php(195): Symfony/Component/Console/Application->doRun(Object(Symfony/Component/Console/Input/ArgvInput), Object(Symfony/Component/Console/Output/ConsoleOutput))
#17 D:/New folder (20)/New folder/sistemkpi-tlab/vendor/laravel/framework/src/Illuminate/Foundation/Console/Kernel.php(198): Symfony/Component/Console/Application->run(Object(Symfony/Component/Console/Input/ArgvInput), Object(Symfony/Component/Console/Output/ConsoleOutput))
#18 D:/New folder (20)/New folder/sistemkpi-tlab/artisan(15): Illuminate/Foundation/Console/Kernel->handle(Object(Symfony/Component/Console/Input/ArgvInput), Object(Symfony/Component/Console/Output/ConsoleOutput))
#19 {main}
"} 
[2026-06-19 12:00:23] local.ERROR: Call to undefined method App\Models\User::withTrashed() {"userId":8,"exception":"[object] (BadMethodCallException(code: 0): Call to undefined method App\\Models\\User::withTrashed() at D:/New folder (20)/New folder/sistemkpi-tlab/vendor/laravel/framework/src/Illuminate/Support/Traits/ForwardsCalls.php:67)
[stacktrace]
#0 D:/New folder (20)/New folder/sistemkpi-tlab/vendor/laravel/framework/src/Illuminate/Support/Traits/ForwardsCalls.php(36): Illuminate/Database/Eloquent/Model::throwBadMethodCallException('withTrashed')
#1 D:/New folder (20)/New folder/sistemkpi-tlab/vendor/laravel/framework/src/Illuminate/Database/Eloquent/Model.php(2372): Illuminate/Database/Eloquent/Model->forwardCallTo(Object(Illuminate/Database/Eloquent/Builder), 'withTrashed', Array)
#2 D:/New folder (20)/New folder/sistemkpi-tlab/vendor/laravel/framework/src/Illuminate/Database/Eloquent/Model.php(2384): Illuminate/Database/Eloquent/Model->__call('withTrashed', Array)
#3 D:/New folder (20)/New folder/sistemkpi-tlab/app/Http/Controllers/AdminController.php(31): Illuminate/Database/Eloquent/Model::__callStatic('withTrashed', Array)
#4 D:/New folder (20)/New folder/sistemkpi-tlab/vendor/laravel/framework/src/Illuminate/Routing/ControllerDispatcher.php(47): App/Http/Controllers/AdminController->users(Object(Illuminate/Http/Request))
#5 D:/New folder (20)/New folder/sistemkpi-tlab/vendor/laravel/framework/src/Illuminate/Routing/Route.php(266): Illuminate/Routing/ControllerDispatcher->dispatch(Object(Illuminate/Routing/Route), Object(App/Http/Controllers/AdminController), 'users')
#6 D:/New folder (20)/New folder/sistemkpi-tlab/vendor/laravel/framework/src/Illuminate/Routing/Route.php(212): Illuminate/Routing/Route->runController()
#7 D:/New folder (20)/New folder/sistemkpi-tlab/vendor/laravel/framework/src/Illuminate/Routing/Router.php(808): Illuminate/Routing/Route->run()
#8 D:/New folder (20)/New folder/sistemkpi-tlab/vendor/laravel/framework/src/Illuminate/Pipeline/Pipeline.php(170): Illuminate/Routing/Router->{closure:Illuminate/Routing/Router::runRouteWithinStack():807}(Object(Illuminate/Http/Request))
#9 D:/New folder (20)/New folder/sistemkpi-tlab/vendor/laravel/framework/src/Illuminate/Routing/Middleware/SubstituteBindings.php(51): Illuminate/Pipeline/Pipeline->{closure:Illuminate/Pipeline/Pipeline::prepareDestination():168}(Object(Illuminate/Http/Request))
#10 D:/New folder (20)/New folder/sistemkpi-tlab/vendor/laravel/framework/src/Illuminate/Pipeline/Pipeline.php(209): Illuminate/Routing/Middleware/SubstituteBindings->handle(Object(Illuminate/Http/Request), Object(Closure))
#11 D:/New folder (20)/New folder/sistemkpi-tlab/vendor/laravel/framework/src/Illuminate/Auth/Middleware/Authenticate.php(64): Illuminate/Pipeline/Pipeline->{closure:{closure:Illuminate/Pipeline/Pipeline::carry():184}:185}(Object(Illuminate/Http/Request))
#12 D:/New folder (20)/New folder/sistemkpi-tlab/vendor/laravel/framework/src/Illuminate/Pipeline/Pipeline.php(209): Illuminate/Auth/Middleware/Authenticate->handle(Object(Illuminate/Http/Request), Object(Closure))
#13 D:/New folder (20)/New folder/sistemkpi-tlab/vendor/laravel/framework/src/Illuminate/Foundation/Http/Middleware/VerifyCsrfToken.php(88): Illuminate/Pipeline/Pipeline->{closure:{closure:Illuminate/Pipeline/Pipeline::carry():184}:185}(Object(Illuminate/Http/Request))
#14 D:/New folder (20)/New folder/sistemkpi-tlab/vendor/laravel/framework/src/Illuminate/Pipeline/Pipeline.php(209): Illuminate/Foundation/Http/Middleware/VerifyCsrfToken->handle(Object(Illuminate/Http/Request), Object(Closure))
#15 D:/New folder (20)/New folder/sistemkpi-tlab/vendor/laravel/framework/src/Illuminate/View/Middleware/ShareErrorsFromSession.php(49): Illuminate/Pipeline/Pipeline->{closure:{closure:Illuminate/Pipeline/Pipeline::carry():184}:185}(Object(Illuminate/Http/Request))
#16 D:/New folder (20)/New folder/sistemkpi-tlab/vendor/laravel/framework/src/Illuminate/Pipeline/Pipeline.php(209): Illuminate/View/Middleware/ShareErrorsFromSession->handle(Object(Illuminate/Http/Request), Object(Closure))
#17 D:/New folder (20)/New folder/sistemkpi-tlab/vendor/laravel/framework/src/Illuminate/Session/Middleware/StartSession.php(121): Illuminate/Pipeline/Pipeline->{closure:{closure:Illuminate/Pipeline/Pipeline::carry():184}:185}(Object(Illuminate/Http/Request))
#18 D:/New folder (20)/New folder/sistemkpi-tlab/vendor/laravel/framework/src/Illuminate/Session/Middleware/StartSession.php(64): Illuminate/Session/Middleware/StartSession->handleStatefulRequest(Object(Illuminate/Http/Request), Object(Illuminate/Session/Store), Object(Closure))
#19 D:/New folder (20)/New folder/sistemkpi-tlab/vendor/laravel/framework/src/Illuminate/Pipeline/Pipeline.php(209): Illuminate/Session/Middleware/StartSession->handle(Object(Illuminate/Http/Request), Object(Closure))
#20 D:/New folder (20)/New folder/sistemkpi-tlab/vendor/laravel/framework/src/Illuminate/Cookie/Middleware/AddQueuedCookiesToResponse.php(37): Illuminate/Pipeline/Pipeline->{closure:{closure:Illuminate/Pipeline/Pipeline::carry():184}:185}(Object(Illuminate/Http/Request))
#21 D:/New folder (20)/New folder/sistemkpi-tlab/vendor/laravel/framework/src/Illuminate/Pipeline/Pipeline.php(209): Illuminate/Cookie/Middleware/AddQueuedCookiesToResponse->handle(Object(Illuminate/Http/Request), Object(Closure))
#22 D:/New folder (20)/New folder/sistemkpi-tlab/vendor/laravel/framework/src/Illuminate/Cookie/Middleware/EncryptCookies.php(75): Illuminate/Pipeline/Pipeline->{closure:{closure:Illuminate/Pipeline/Pipeline::carry():184}:185}(Object(Illuminate/Http/Request))
#23 D:/New folder (20)/New folder/sistemkpi-tlab/vendor/laravel/framework/src/Illuminate/Pipeline/Pipeline.php(209): Illuminate/Cookie/Middleware/EncryptCookies->handle(Object(Illuminate/Http/Request), Object(Closure))
#24 D:/New folder (20)/New folder/sistemkpi-tlab/vendor/laravel/framework/src/Illuminate/Pipeline/Pipeline.php(127): Illuminate/Pipeline/Pipeline->{closure:{closure:Illuminate/Pipeline/Pipeline::carry():184}:185}(Object(Illuminate/Http/Request))
#25 D:/New folder (20)/New folder/sistemkpi-tlab/vendor/laravel/framework/src/Illuminate/Routing/Router.php(807): Illuminate/Pipeline/Pipeline->then(Object(Closure))
#26 D:/New folder (20)/New folder/sistemkpi-tlab/vendor/laravel/framework/src/Illuminate/Routing/Router.php(786): Illuminate/Routing/Router->runRouteWithinStack(Object(Illuminate/Routing/Route), Object(Illuminate/Http/Request))
#27 D:/New folder (20)/New folder/sistemkpi-tlab/vendor/laravel/framework/src/Illuminate/Routing/Router.php(750): Illuminate/Routing/Router->runRoute(Object(Illuminate/Http/Request), Object(Illuminate/Routing/Route))
#28 D:/New folder (20)/New folder/sistemkpi-tlab/vendor/laravel/framework/src/Illuminate/Routing/Router.php(739): Illuminate/Routing/Router->dispatchToRoute(Object(Illuminate/Http/Request))
#29 D:/New folder (20)/New folder/sistemkpi-tlab/vendor/laravel/framework/src/Illuminate/Foundation/Http/Kernel.php(201): Illuminate/Routing/Router->dispatch(Object(Illuminate/Http/Request))
#30 D:/New folder (20)/New folder/sistemkpi-tlab/vendor/laravel/framework/src/Illuminate/Pipeline/Pipeline.php(170): Illuminate/Foundation/Http/Kernel->{closure:Illuminate/Foundation/Http/Kernel::dispatchToRouter():198}(Object(Illuminate/Http/Request))
#31 D:/New folder (20)/New folder/sistemkpi-tlab/vendor/laravel/framework/src/Illuminate/Foundation/Http/Middleware/TransformsRequest.php(21): Illuminate/Pipeline/Pipeline->{closure:Illuminate/Pipeline/Pipeline::prepareDestination():168}(Object(Illuminate/Http/Request))
#32 D:/New folder (20)/New folder/sistemkpi-tlab/vendor/laravel/framework/src/Illuminate/Foundation/Http/Middleware/ConvertEmptyStringsToNull.php(31): Illuminate/Foundation/Http/Middleware/TransformsRequest->handle(Object(Illuminate/Http/Request), Object(Closure))
#33 D:/New folder (20)/New folder/sistemkpi-tlab/vendor/laravel/framework/src/Illuminate/Pipeline/Pipeline.php(209): Illuminate/Foundation/Http/Middleware/ConvertEmptyStringsToNull->handle(Object(Illuminate/Http/Request), Object(Closure))
#34 D:/New folder (20)/New folder/sistemkpi-tlab/vendor/laravel/framework/src/Illuminate/Foundation/Http/Middleware/TransformsRequest.php(21): Illuminate/Pipeline/Pipeline->{closure:{closure:Illuminate/Pipeline/Pipeline::carry():184}:185}(Object(Illuminate/Http/Request))
#35 D:/New folder (20)/New folder/sistemkpi-tlab/vendor/laravel/framework/src/Illuminate/Foundation/Http/Middleware/TrimStrings.php(51): Illuminate/Foundation/Http/Middleware/TransformsRequest->handle(Object(Illuminate/Http/Request), Object(Closure))
#36 D:/New folder (20)/New folder/sistemkpi-tlab/vendor/laravel/framework/src/Illuminate/Pipeline/Pipeline.php(209): Illuminate/Foundation/Http/Middleware/TrimStrings->handle(Object(Illuminate/Http/Request), Object(Closure))
#37 D:/New folder (20)/New folder/sistemkpi-tlab/vendor/laravel/framework/src/Illuminate/Http/Middleware/ValidatePostSize.php(27): Illuminate/Pipeline/Pipeline->{closure:{closure:Illuminate/Pipeline/Pipeline::carry():184}:185}(Object(Illuminate/Http/Request))
#38 D:/New folder (20)/New folder/sistemkpi-tlab/vendor/laravel/framework/src/Illuminate/Pipeline/Pipeline.php(209): Illuminate/Http/Middleware/ValidatePostSize->handle(Object(Illuminate/Http/Request), Object(Closure))
#39 D:/New folder (20)/New folder/sistemkpi-tlab/vendor/laravel/framework/src/Illuminate/Foundation/Http/Middleware/PreventRequestsDuringMaintenance.php(110): Illuminate/Pipeline/Pipeline->{closure:{closure:Illuminate/Pipeline/Pipeline::carry():184}:185}(Object(Illuminate/Http/Request))
#40 D:/New folder (20)/New folder/sistemkpi-tlab/vendor/laravel/framework/src/Illuminate/Pipeline/Pipeline.php(209): Illuminate/Foundation/Http/Middleware/PreventRequestsDuringMaintenance->handle(Object(Illuminate/Http/Request), Object(Closure))
#41 D:/New folder (20)/New folder/sistemkpi-tlab/vendor/laravel/framework/src/Illuminate/Http/Middleware/HandleCors.php(49): Illuminate/Pipeline/Pipeline->{closure:{closure:Illuminate/Pipeline/Pipeline::carry():184}:185}(Object(Illuminate/Http/Request))
#42 D:/New folder (20)/New folder/sistemkpi-tlab/vendor/laravel/framework/src/Illuminate/Pipeline/Pipeline.php(209): Illuminate/Http/Middleware/HandleCors->handle(Object(Illuminate/Http/Request), Object(Closure))
#43 D:/New folder (20)/New folder/sistemkpi-tlab/vendor/laravel/framework/src/Illuminate/Http/Middleware/TrustProxies.php(58): Illuminate/Pipeline/Pipeline->{closure:{closure:Illuminate/Pipeline/Pipeline::carry():184}:185}(Object(Illuminate/Http/Request))
#44 D:/New folder (20)/New folder/sistemkpi-tlab/vendor/laravel/framework/src/Illuminate/Pipeline/Pipeline.php(209): Illuminate/Http/Middleware/TrustProxies->handle(Object(Illuminate/Http/Request), Object(Closure))
#45 D:/New folder (20)/New folder/sistemkpi-tlab/vendor/laravel/framework/src/Illuminate/Foundation/Http/Middleware/InvokeDeferredCallbacks.php(22): Illuminate/Pipeline/Pipeline->{closure:{closure:Illuminate/Pipeline/Pipeline::carry():184}:185}(Object(Illuminate/Http/Request))
#46 D:/New folder (20)/New folder/sistemkpi-tlab/vendor/laravel/framework/src/Illuminate/Pipeline/Pipeline.php(209): Illuminate/Foundation/Http/Middleware/InvokeDeferredCallbacks->handle(Object(Illuminate/Http/Request), Object(Closure))
#47 D:/New folder (20)/New folder/sistemkpi-tlab/vendor/laravel/framework/src/Illuminate/Pipeline/Pipeline.php(127): Illuminate/Pipeline/Pipeline->{closure:{closure:Illuminate/Pipeline/Pipeline::carry():184}:185}(Object(Illuminate/Http/Request))
#48 D:/New folder (20)/New folder/sistemkpi-tlab/vendor/laravel/framework/src/Illuminate/Foundation/Http/Kernel.php(176): Illuminate/Pipeline/Pipeline->then(Object(Closure))
#49 D:/New folder (20)/New folder/sistemkpi-tlab/vendor/laravel/framework/src/Illuminate/Foundation/Http/Kernel.php(145): Illuminate/Foundation/Http/Kernel->sendRequestThroughRouter(Object(Illuminate/Http/Request))
#50 D:/New folder (20)/New folder/sistemkpi-tlab/vendor/laravel/framework/src/Illuminate/Foundation/Application.php(1220): Illuminate/Foundation/Http/Kernel->handle(Object(Illuminate/Http/Request))
#51 D:/New folder (20)/New folder/sistemkpi-tlab/public/index.php(17): Illuminate/Foundation/Application->handleRequest(Object(Illuminate/Http/Request))
#52 D:/New folder (20)/New folder/sistemkpi-tlab/vendor/laravel/framework/src/Illuminate/Foundation/resources/server.php(23): require_once('D://New folder (...')
#53 {main}
"} 
[2026-06-19 12:00:43] local.ERROR: Call to undefined method App\Models\User::withTrashed() {"userId":8,"exception":"[object] (BadMethodCallException(code: 0): Call to undefined method App\\Models\\User::withTrashed() at D:/New folder (20)/New folder/sistemkpi-tlab/vendor/laravel/framework/src/Illuminate/Support/Traits/ForwardsCalls.php:67)
[stacktrace]
#0 D:/New folder (20)/New folder/sistemkpi-tlab/vendor/laravel/framework/src/Illuminate/Support/Traits/ForwardsCalls.php(36): Illuminate/Database/Eloquent/Model::throwBadMethodCallException('withTrashed')
#1 D:/New folder (20)/New folder/sistemkpi-tlab/vendor/laravel/framework/src/Illuminate/Database/Eloquent/Model.php(2372): Illuminate/Database/Eloquent/Model->forwardCallTo(Object(Illuminate/Database/Eloquent/Builder), 'withTrashed', Array)
#2 D:/New folder (20)/New folder/sistemkpi-tlab/vendor/laravel/framework/src/Illuminate/Database/Eloquent/Model.php(2384): Illuminate/Database/Eloquent/Model->__call('withTrashed', Array)
#3 D:/New folder (20)/New folder/sistemkpi-tlab/app/Http/Controllers/AdminController.php(31): Illuminate/Database/Eloquent/Model::__callStatic('withTrashed', Array)
#4 D:/New folder (20)/New folder/sistemkpi-tlab/vendor/laravel/framework/src/Illuminate/Routing/ControllerDispatcher.php(47): App/Http/Controllers/AdminController->users(Object(Illuminate/Http/Request))
#5 D:/New folder (20)/New folder/sistemkpi-tlab/vendor/laravel/framework/src/Illuminate/Routing/Route.php(266): Illuminate/Routing/ControllerDispatcher->dispatch(Object(Illuminate/Routing/Route), Object(App/Http/Controllers/AdminController), 'users')
#6 D:/New folder (20)/New folder/sistemkpi-tlab/vendor/laravel/framework/src/Illuminate/Routing/Route.php(212): Illuminate/Routing/Route->runController()
#7 D:/New folder (20)/New folder/sistemkpi-tlab/vendor/laravel/framework/src/Illuminate/Routing/Router.php(808): Illuminate/Routing/Route->run()
#8 D:/New folder (20)/New folder/sistemkpi-tlab/vendor/laravel/framework/src/Illuminate/Pipeline/Pipeline.php(170): Illuminate/Routing/Router->{closure:Illuminate/Routing/Router::runRouteWithinStack():807}(Object(Illuminate/Http/Request))
#9 D:/New folder (20)/New folder/sistemkpi-tlab/vendor/laravel/framework/src/Illuminate/Routing/Middleware/SubstituteBindings.php(51): Illuminate/Pipeline/Pipeline->{closure:Illuminate/Pipeline/Pipeline::prepareDestination():168}(Object(Illuminate/Http/Request))
#10 D:/New folder (20)/New folder/sistemkpi-tlab/vendor/laravel/framework/src/Illuminate/Pipeline/Pipeline.php(209): Illuminate/Routing/Middleware/SubstituteBindings->handle(Object(Illuminate/Http/Request), Object(Closure))
#11 D:/New folder (20)/New folder/sistemkpi-tlab/vendor/laravel/framework/src/Illuminate/Auth/Middleware/Authenticate.php(64): Illuminate/Pipeline/Pipeline->{closure:{closure:Illuminate/Pipeline/Pipeline::carry():184}:185}(Object(Illuminate/Http/Request))
#12 D:/New folder (20)/New folder/sistemkpi-tlab/vendor/laravel/framework/src/Illuminate/Pipeline/Pipeline.php(209): Illuminate/Auth/Middleware/Authenticate->handle(Object(Illuminate/Http/Request), Object(Closure))
#13 D:/New folder (20)/New folder/sistemkpi-tlab/vendor/laravel/framework/src/Illuminate/Foundation/Http/Middleware/VerifyCsrfToken.php(88): Illuminate/Pipeline/Pipeline->{closure:{closure:Illuminate/Pipeline/Pipeline::carry():184}:185}(Object(Illuminate/Http/Request))
#14 D:/New folder (20)/New folder/sistemkpi-tlab/vendor/laravel/framework/src/Illuminate/Pipeline/Pipeline.php(209): Illuminate/Foundation/Http/Middleware/VerifyCsrfToken->handle(Object(Illuminate/Http/Request), Object(Closure))
#15 D:/New folder (20)/New folder/sistemkpi-tlab/vendor/laravel/framework/src/Illuminate/View/Middleware/ShareErrorsFromSession.php(49): Illuminate/Pipeline/Pipeline->{closure:{closure:Illuminate/Pipeline/Pipeline::carry():184}:185}(Object(Illuminate/Http/Request))
#16 D:/New folder (20)/New folder/sistemkpi-tlab/vendor/laravel/framework/src/Illuminate/Pipeline/Pipeline.php(209): Illuminate/View/Middleware/ShareErrorsFromSession->handle(Object(Illuminate/Http/Request), Object(Closure))
#17 D:/New folder (20)/New folder/sistemkpi-tlab/vendor/laravel/framework/src/Illuminate/Session/Middleware/StartSession.php(121): Illuminate/Pipeline/Pipeline->{closure:{closure:Illuminate/Pipeline/Pipeline::carry():184}:185}(Object(Illuminate/Http/Request))
#18 D:/New folder (20)/New folder/sistemkpi-tlab/vendor/laravel/framework/src/Illuminate/Session/Middleware/StartSession.php(64): Illuminate/Session/Middleware/StartSession->handleStatefulRequest(Object(Illuminate/Http/Request), Object(Illuminate/Session/Store), Object(Closure))
#19 D:/New folder (20)/New folder/sistemkpi-tlab/vendor/laravel/framework/src/Illuminate/Pipeline/Pipeline.php(209): Illuminate/Session/Middleware/StartSession->handle(Object(Illuminate/Http/Request), Object(Closure))
#20 D:/New folder (20)/New folder/sistemkpi-tlab/vendor/laravel/framework/src/Illuminate/Cookie/Middleware/AddQueuedCookiesToResponse.php(37): Illuminate/Pipeline/Pipeline->{closure:{closure:Illuminate/Pipeline/Pipeline::carry():184}:185}(Object(Illuminate/Http/Request))
#21 D:/New folder (20)/New folder/sistemkpi-tlab/vendor/laravel/framework/src/Illuminate/Pipeline/Pipeline.php(209): Illuminate/Cookie/Middleware/AddQueuedCookiesToResponse->handle(Object(Illuminate/Http/Request), Object(Closure))
#22 D:/New folder (20)/New folder/sistemkpi-tlab/vendor/laravel/framework/src/Illuminate/Cookie/Middleware/EncryptCookies.php(75): Illuminate/Pipeline/Pipeline->{closure:{closure:Illuminate/Pipeline/Pipeline::carry():184}:185}(Object(Illuminate/Http/Request))
#23 D:/New folder (20)/New folder/sistemkpi-tlab/vendor/laravel/framework/src/Illuminate/Pipeline/Pipeline.php(209): Illuminate/Cookie/Middleware/EncryptCookies->handle(Object(Illuminate/Http/Request), Object(Closure))
#24 D:/New folder (20)/New folder/sistemkpi-tlab/vendor/laravel/framework/src/Illuminate/Pipeline/Pipeline.php(127): Illuminate/Pipeline/Pipeline->{closure:{closure:Illuminate/Pipeline/Pipeline::carry():184}:185}(Object(Illuminate/Http/Request))
#25 D:/New folder (20)/New folder/sistemkpi-tlab/vendor/laravel/framework/src/Illuminate/Routing/Router.php(807): Illuminate/Pipeline/Pipeline->then(Object(Closure))
#26 D:/New folder (20)/New folder/sistemkpi-tlab/vendor/laravel/framework/src/Illuminate/Routing/Router.php(786): Illuminate/Routing/Router->runRouteWithinStack(Object(Illuminate/Routing/Route), Object(Illuminate/Http/Request))
#27 D:/New folder (20)/New folder/sistemkpi-tlab/vendor/laravel/framework/src/Illuminate/Routing/Router.php(750): Illuminate/Routing/Router->runRoute(Object(Illuminate/Http/Request), Object(Illuminate/Routing/Route))
#28 D:/New folder (20)/New folder/sistemkpi-tlab/vendor/laravel/framework/src/Illuminate/Routing/Router.php(739): Illuminate/Routing/Router->dispatchToRoute(Object(Illuminate/Http/Request))
#29 D:/New folder (20)/New folder/sistemkpi-tlab/vendor/laravel/framework/src/Illuminate/Foundation/Http/Kernel.php(201): Illuminate/Routing/Router->dispatch(Object(Illuminate/Http/Request))
#30 D:/New folder (20)/New folder/sistemkpi-tlab/vendor/laravel/framework/src/Illuminate/Pipeline/Pipeline.php(170): Illuminate/Foundation/Http/Kernel->{closure:Illuminate/Foundation/Http/Kernel::dispatchToRouter():198}(Object(Illuminate/Http/Request))
#31 D:/New folder (20)/New folder/sistemkpi-tlab/vendor/laravel/framework/src/Illuminate/Foundation/Http/Middleware/TransformsRequest.php(21): Illuminate/Pipeline/Pipeline->{closure:Illuminate/Pipeline/Pipeline::prepareDestination():168}(Object(Illuminate/Http/Request))
#32 D:/New folder (20)/New folder/sistemkpi-tlab/vendor/laravel/framework/src/Illuminate/Foundation/Http/Middleware/ConvertEmptyStringsToNull.php(31): Illuminate/Foundation/Http/Middleware/TransformsRequest->handle(Object(Illuminate/Http/Request), Object(Closure))
#33 D:/New folder (20)/New folder/sistemkpi-tlab/vendor/laravel/framework/src/Illuminate/Pipeline/Pipeline.php(209): Illuminate/Foundation/Http/Middleware/ConvertEmptyStringsToNull->handle(Object(Illuminate/Http/Request), Object(Closure))
#34 D:/New folder (20)/New folder/sistemkpi-tlab/vendor/laravel/framework/src/Illuminate/Foundation/Http/Middleware/TransformsRequest.php(21): Illuminate/Pipeline/Pipeline->{closure:{closure:Illuminate/Pipeline/Pipeline::carry():184}:185}(Object(Illuminate/Http/Request))
#35 D:/New folder (20)/New folder/sistemkpi-tlab/vendor/laravel/framework/src/Illuminate/Foundation/Http/Middleware/TrimStrings.php(51): Illuminate/Foundation/Http/Middleware/TransformsRequest->handle(Object(Illuminate/Http/Request), Object(Closure))
#36 D:/New folder (20)/New folder/sistemkpi-tlab/vendor/laravel/framework/src/Illuminate/Pipeline/Pipeline.php(209): Illuminate/Foundation/Http/Middleware/TrimStrings->handle(Object(Illuminate/Http/Request), Object(Closure))
#37 D:/New folder (20)/New folder/sistemkpi-tlab/vendor/laravel/framework/src/Illuminate/Http/Middleware/ValidatePostSize.php(27): Illuminate/Pipeline/Pipeline->{closure:{closure:Illuminate/Pipeline/Pipeline::carry():184}:185}(Object(Illuminate/Http/Request))
#38 D:/New folder (20)/New folder/sistemkpi-tlab/vendor/laravel/framework/src/Illuminate/Pipeline/Pipeline.php(209): Illuminate/Http/Middleware/ValidatePostSize->handle(Object(Illuminate/Http/Request), Object(Closure))
#39 D:/New folder (20)/New folder/sistemkpi-tlab/vendor/laravel/framework/src/Illuminate/Foundation/Http/Middleware/PreventRequestsDuringMaintenance.php(110): Illuminate/Pipeline/Pipeline->{closure:{closure:Illuminate/Pipeline/Pipeline::carry():184}:185}(Object(Illuminate/Http/Request))
#40 D:/New folder (20)/New folder/sistemkpi-tlab/vendor/laravel/framework/src/Illuminate/Pipeline/Pipeline.php(209): Illuminate/Foundation/Http/Middleware/PreventRequestsDuringMaintenance->handle(Object(Illuminate/Http/Request), Object(Closure))
#41 D:/New folder (20)/New folder/sistemkpi-tlab/vendor/laravel/framework/src/Illuminate/Http/Middleware/HandleCors.php(49): Illuminate/Pipeline/Pipeline->{closure:{closure:Illuminate/Pipeline/Pipeline::carry():184}:185}(Object(Illuminate/Http/Request))
#42 D:/New folder (20)/New folder/sistemkpi-tlab/vendor/laravel/framework/src/Illuminate/Pipeline/Pipeline.php(209): Illuminate/Http/Middleware/HandleCors->handle(Object(Illuminate/Http/Request), Object(Closure))
#43 D:/New folder (20)/New folder/sistemkpi-tlab/vendor/laravel/framework/src/Illuminate/Http/Middleware/TrustProxies.php(58): Illuminate/Pipeline/Pipeline->{closure:{closure:Illuminate/Pipeline/Pipeline::carry():184}:185}(Object(Illuminate/Http/Request))
#44 D:/New folder (20)/New folder/sistemkpi-tlab/vendor/laravel/framework/src/Illuminate/Pipeline/Pipeline.php(209): Illuminate/Http/Middleware/TrustProxies->handle(Object(Illuminate/Http/Request), Object(Closure))
#45 D:/New folder (20)/New folder/sistemkpi-tlab/vendor/laravel/framework/src/Illuminate/Foundation/Http/Middleware/InvokeDeferredCallbacks.php(22): Illuminate/Pipeline/Pipeline->{closure:{closure:Illuminate/Pipeline/Pipeline::carry():184}:185}(Object(Illuminate/Http/Request))
#46 D:/New folder (20)/New folder/sistemkpi-tlab/vendor/laravel/framework/src/Illuminate/Pipeline/Pipeline.php(209): Illuminate/Foundation/Http/Middleware/InvokeDeferredCallbacks->handle(Object(Illuminate/Http/Request), Object(Closure))
#47 D:/New folder (20)/New folder/sistemkpi-tlab/vendor/laravel/framework/src/Illuminate/Pipeline/Pipeline.php(127): Illuminate/Pipeline/Pipeline->{closure:{closure:Illuminate/Pipeline/Pipeline::carry():184}:185}(Object(Illuminate/Http/Request))
#48 D:/New folder (20)/New folder/sistemkpi-tlab/vendor/laravel/framework/src/Illuminate/Foundation/Http/Kernel.php(176): Illuminate/Pipeline/Pipeline->then(Object(Closure))
#49 D:/New folder (20)/New folder/sistemkpi-tlab/vendor/laravel/framework/src/Illuminate/Foundation/Http/Kernel.php(145): Illuminate/Foundation/Http/Kernel->sendRequestThroughRouter(Object(Illuminate/Http/Request))
#50 D:/New folder (20)/New folder/sistemkpi-tlab/vendor/laravel/framework/src/Illuminate/Foundation/Application.php(1220): Illuminate/Foundation/Http/Kernel->handle(Object(Illuminate/Http/Request))
#51 D:/New folder (20)/New folder/sistemkpi-tlab/public/index.php(17): Illuminate/Foundation/Application->handleRequest(Object(Illuminate/Http/Request))
#52 D:/New folder (20)/New folder/sistemkpi-tlab/vendor/laravel/framework/src/Illuminate/Foundation/resources/server.php(23): require_once('D://New folder (...')
#53 {main}
"} 
[2026-06-19 12:01:01] local.ERROR: Call to undefined method App\Models\User::withTrashed() {"userId":8,"exception":"[object] (BadMethodCallException(code: 0): Call to undefined method App\\Models\\User::withTrashed() at D:/New folder (20)/New folder/sistemkpi-tlab/vendor/laravel/framework/src/Illuminate/Support/Traits/ForwardsCalls.php:67)
[stacktrace]
#0 D:/New folder (20)/New folder/sistemkpi-tlab/vendor/laravel/framework/src/Illuminate/Support/Traits/ForwardsCalls.php(36): Illuminate/Database/Eloquent/Model::throwBadMethodCallException('withTrashed')
#1 D:/New folder (20)/New folder/sistemkpi-tlab/vendor/laravel/framework/src/Illuminate/Database/Eloquent/Model.php(2372): Illuminate/Database/Eloquent/Model->forwardCallTo(Object(Illuminate/Database/Eloquent/Builder), 'withTrashed', Array)
#2 D:/New folder (20)/New folder/sistemkpi-tlab/vendor/laravel/framework/src/Illuminate/Database/Eloquent/Model.php(2384): Illuminate/Database/Eloquent/Model->__call('withTrashed', Array)
#3 D:/New folder (20)/New folder/sistemkpi-tlab/app/Http/Controllers/AdminController.php(31): Illuminate/Database/Eloquent/Model::__callStatic('withTrashed', Array)
#4 D:/New folder (20)/New folder/sistemkpi-tlab/vendor/laravel/framework/src/Illuminate/Routing/ControllerDispatcher.php(47): App/Http/Controllers/AdminController->users(Object(Illuminate/Http/Request))
#5 D:/New folder (20)/New folder/sistemkpi-tlab/vendor/laravel/framework/src/Illuminate/Routing/Route.php(266): Illuminate/Routing/ControllerDispatcher->dispatch(Object(Illuminate/Routing/Route), Object(App/Http/Controllers/AdminController), 'users')
#6 D:/New folder (20)/New folder/sistemkpi-tlab/vendor/laravel/framework/src/Illuminate/Routing/Route.php(212): Illuminate/Routing/Route->runController()
#7 D:/New folder (20)/New folder/sistemkpi-tlab/vendor/laravel/framework/src/Illuminate/Routing/Router.php(808): Illuminate/Routing/Route->run()
#8 D:/New folder (20)/New folder/sistemkpi-tlab/vendor/laravel/framework/src/Illuminate/Pipeline/Pipeline.php(170): Illuminate/Routing/Router->{closure:Illuminate/Routing/Router::runRouteWithinStack():807}(Object(Illuminate/Http/Request))
#9 D:/New folder (20)/New folder/sistemkpi-tlab/vendor/laravel/framework/src/Illuminate/Routing/Middleware/SubstituteBindings.php(51): Illuminate/Pipeline/Pipeline->{closure:Illuminate/Pipeline/Pipeline::prepareDestination():168}(Object(Illuminate/Http/Request))
#10 D:/New folder (20)/New folder/sistemkpi-tlab/vendor/laravel/framework/src/Illuminate/Pipeline/Pipeline.php(209): Illuminate/Routing/Middleware/SubstituteBindings->handle(Object(Illuminate/Http/Request), Object(Closure))
#11 D:/New folder (20)/New folder/sistemkpi-tlab/vendor/laravel/framework/src/Illuminate/Auth/Middleware/Authenticate.php(64): Illuminate/Pipeline/Pipeline->{closure:{closure:Illuminate/Pipeline/Pipeline::carry():184}:185}(Object(Illuminate/Http/Request))
#12 D:/New folder (20)/New folder/sistemkpi-tlab/vendor/laravel/framework/src/Illuminate/Pipeline/Pipeline.php(209): Illuminate/Auth/Middleware/Authenticate->handle(Object(Illuminate/Http/Request), Object(Closure))
#13 D:/New folder (20)/New folder/sistemkpi-tlab/vendor/laravel/framework/src/Illuminate/Foundation/Http/Middleware/VerifyCsrfToken.php(88): Illuminate/Pipeline/Pipeline->{closure:{closure:Illuminate/Pipeline/Pipeline::carry():184}:185}(Object(Illuminate/Http/Request))
#14 D:/New folder (20)/New folder/sistemkpi-tlab/vendor/laravel/framework/src/Illuminate/Pipeline/Pipeline.php(209): Illuminate/Foundation/Http/Middleware/VerifyCsrfToken->handle(Object(Illuminate/Http/Request), Object(Closure))
#15 D:/New folder (20)/New folder/sistemkpi-tlab/vendor/laravel/framework/src/Illuminate/View/Middleware/ShareErrorsFromSession.php(49): Illuminate/Pipeline/Pipeline->{closure:{closure:Illuminate/Pipeline/Pipeline::carry():184}:185}(Object(Illuminate/Http/Request))
#16 D:/New folder (20)/New folder/sistemkpi-tlab/vendor/laravel/framework/src/Illuminate/Pipeline/Pipeline.php(209): Illuminate/View/Middleware/ShareErrorsFromSession->handle(Object(Illuminate/Http/Request), Object(Closure))
#17 D:/New folder (20)/New folder/sistemkpi-tlab/vendor/laravel/framework/src/Illuminate/Session/Middleware/StartSession.php(121): Illuminate/Pipeline/Pipeline->{closure:{closure:Illuminate/Pipeline/Pipeline::carry():184}:185}(Object(Illuminate/Http/Request))
#18 D:/New folder (20)/New folder/sistemkpi-tlab/vendor/laravel/framework/src/Illuminate/Session/Middleware/StartSession.php(64): Illuminate/Session/Middleware/StartSession->handleStatefulRequest(Object(Illuminate/Http/Request), Object(Illuminate/Session/Store), Object(Closure))
#19 D:/New folder (20)/New folder/sistemkpi-tlab/vendor/laravel/framework/src/Illuminate/Pipeline/Pipeline.php(209): Illuminate/Session/Middleware/StartSession->handle(Object(Illuminate/Http/Request), Object(Closure))
#20 D:/New folder (20)/New folder/sistemkpi-tlab/vendor/laravel/framework/src/Illuminate/Cookie/Middleware/AddQueuedCookiesToResponse.php(37): Illuminate/Pipeline/Pipeline->{closure:{closure:Illuminate/Pipeline/Pipeline::carry():184}:185}(Object(Illuminate/Http/Request))
#21 D:/New folder (20)/New folder/sistemkpi-tlab/vendor/laravel/framework/src/Illuminate/Pipeline/Pipeline.php(209): Illuminate/Cookie/Middleware/AddQueuedCookiesToResponse->handle(Object(Illuminate/Http/Request), Object(Closure))
#22 D:/New folder (20)/New folder/sistemkpi-tlab/vendor/laravel/framework/src/Illuminate/Cookie/Middleware/EncryptCookies.php(75): Illuminate/Pipeline/Pipeline->{closure:{closure:Illuminate/Pipeline/Pipeline::carry():184}:185}(Object(Illuminate/Http/Request))
#23 D:/New folder (20)/New folder/sistemkpi-tlab/vendor/laravel/framework/src/Illuminate/Pipeline/Pipeline.php(209): Illuminate/Cookie/Middleware/EncryptCookies->handle(Object(Illuminate/Http/Request), Object(Closure))
#24 D:/New folder (20)/New folder/sistemkpi-tlab/vendor/laravel/framework/src/Illuminate/Pipeline/Pipeline.php(127): Illuminate/Pipeline/Pipeline->{closure:{closure:Illuminate/Pipeline/Pipeline::carry():184}:185}(Object(Illuminate/Http/Request))
#25 D:/New folder (20)/New folder/sistemkpi-tlab/vendor/laravel/framework/src/Illuminate/Routing/Router.php(807): Illuminate/Pipeline/Pipeline->then(Object(Closure))
#26 D:/New folder (20)/New folder/sistemkpi-tlab/vendor/laravel/framework/src/Illuminate/Routing/Router.php(786): Illuminate/Routing/Router->runRouteWithinStack(Object(Illuminate/Routing/Route), Object(Illuminate/Http/Request))
#27 D:/New folder (20)/New folder/sistemkpi-tlab/vendor/laravel/framework/src/Illuminate/Routing/Router.php(750): Illuminate/Routing/Router->runRoute(Object(Illuminate/Http/Request), Object(Illuminate/Routing/Route))
#28 D:/New folder (20)/New folder/sistemkpi-tlab/vendor/laravel/framework/src/Illuminate/Routing/Router.php(739): Illuminate/Routing/Router->dispatchToRoute(Object(Illuminate/Http/Request))
#29 D:/New folder (20)/New folder/sistemkpi-tlab/vendor/laravel/framework/src/Illuminate/Foundation/Http/Kernel.php(201): Illuminate/Routing/Router->dispatch(Object(Illuminate/Http/Request))
#30 D:/New folder (20)/New folder/sistemkpi-tlab/vendor/laravel/framework/src/Illuminate/Pipeline/Pipeline.php(170): Illuminate/Foundation/Http/Kernel->{closure:Illuminate/Foundation/Http/Kernel::dispatchToRouter():198}(Object(Illuminate/Http/Request))
#31 D:/New folder (20)/New folder/sistemkpi-tlab/vendor/laravel/framework/src/Illuminate/Foundation/Http/Middleware/TransformsRequest.php(21): Illuminate/Pipeline/Pipeline->{closure:Illuminate/Pipeline/Pipeline::prepareDestination():168}(Object(Illuminate/Http/Request))
#32 D:/New folder (20)/New folder/sistemkpi-tlab/vendor/laravel/framework/src/Illuminate/Foundation/Http/Middleware/ConvertEmptyStringsToNull.php(31): Illuminate/Foundation/Http/Middleware/TransformsRequest->handle(Object(Illuminate/Http/Request), Object(Closure))
#33 D:/New folder (20)/New folder/sistemkpi-tlab/vendor/laravel/framework/src/Illuminate/Pipeline/Pipeline.php(209): Illuminate/Foundation/Http/Middleware/ConvertEmptyStringsToNull->handle(Object(Illuminate/Http/Request), Object(Closure))
#34 D:/New folder (20)/New folder/sistemkpi-tlab/vendor/laravel/framework/src/Illuminate/Foundation/Http/Middleware/TransformsRequest.php(21): Illuminate/Pipeline/Pipeline->{closure:{closure:Illuminate/Pipeline/Pipeline::carry():184}:185}(Object(Illuminate/Http/Request))
#35 D:/New folder (20)/New folder/sistemkpi-tlab/vendor/laravel/framework/src/Illuminate/Foundation/Http/Middleware/TrimStrings.php(51): Illuminate/Foundation/Http/Middleware/TransformsRequest->handle(Object(Illuminate/Http/Request), Object(Closure))
#36 D:/New folder (20)/New folder/sistemkpi-tlab/vendor/laravel/framework/src/Illuminate/Pipeline/Pipeline.php(209): Illuminate/Foundation/Http/Middleware/TrimStrings->handle(Object(Illuminate/Http/Request), Object(Closure))
#37 D:/New folder (20)/New folder/sistemkpi-tlab/vendor/laravel/framework/src/Illuminate/Http/Middleware/ValidatePostSize.php(27): Illuminate/Pipeline/Pipeline->{closure:{closure:Illuminate/Pipeline/Pipeline::carry():184}:185}(Object(Illuminate/Http/Request))
#38 D:/New folder (20)/New folder/sistemkpi-tlab/vendor/laravel/framework/src/Illuminate/Pipeline/Pipeline.php(209): Illuminate/Http/Middleware/ValidatePostSize->handle(Object(Illuminate/Http/Request), Object(Closure))
#39 D:/New folder (20)/New folder/sistemkpi-tlab/vendor/laravel/framework/src/Illuminate/Foundation/Http/Middleware/PreventRequestsDuringMaintenance.php(110): Illuminate/Pipeline/Pipeline->{closure:{closure:Illuminate/Pipeline/Pipeline::carry():184}:185}(Object(Illuminate/Http/Request))
#40 D:/New folder (20)/New folder/sistemkpi-tlab/vendor/laravel/framework/src/Illuminate/Pipeline/Pipeline.php(209): Illuminate/Foundation/Http/Middleware/PreventRequestsDuringMaintenance->handle(Object(Illuminate/Http/Request), Object(Closure))
#41 D:/New folder (20)/New folder/sistemkpi-tlab/vendor/laravel/framework/src/Illuminate/Http/Middleware/HandleCors.php(49): Illuminate/Pipeline/Pipeline->{closure:{closure:Illuminate/Pipeline/Pipeline::carry():184}:185}(Object(Illuminate/Http/Request))
#42 D:/New folder (20)/New folder/sistemkpi-tlab/vendor/laravel/framework/src/Illuminate/Pipeline/Pipeline.php(209): Illuminate/Http/Middleware/HandleCors->handle(Object(Illuminate/Http/Request), Object(Closure))
#43 D:/New folder (20)/New folder/sistemkpi-tlab/vendor/laravel/framework/src/Illuminate/Http/Middleware/TrustProxies.php(58): Illuminate/Pipeline/Pipeline->{closure:{closure:Illuminate/Pipeline/Pipeline::carry():184}:185}(Object(Illuminate/Http/Request))
#44 D:/New folder (20)/New folder/sistemkpi-tlab/vendor/laravel/framework/src/Illuminate/Pipeline/Pipeline.php(209): Illuminate/Http/Middleware/TrustProxies->handle(Object(Illuminate/Http/Request), Object(Closure))
#45 D:/New folder (20)/New folder/sistemkpi-tlab/vendor/laravel/framework/src/Illuminate/Foundation/Http/Middleware/InvokeDeferredCallbacks.php(22): Illuminate/Pipeline/Pipeline->{closure:{closure:Illuminate/Pipeline/Pipeline::carry():184}:185}(Object(Illuminate/Http/Request))
#46 D:/New folder (20)/New folder/sistemkpi-tlab/vendor/laravel/framework/src/Illuminate/Pipeline/Pipeline.php(209): Illuminate/Foundation/Http/Middleware/InvokeDeferredCallbacks->handle(Object(Illuminate/Http/Request), Object(Closure))
#47 D:/New folder (20)/New folder/sistemkpi-tlab/vendor/laravel/framework/src/Illuminate/Pipeline/Pipeline.php(127): Illuminate/Pipeline/Pipeline->{closure:{closure:Illuminate/Pipeline/Pipeline::carry():184}:185}(Object(Illuminate/Http/Request))
#48 D:/New folder (20)/New folder/sistemkpi-tlab/vendor/laravel/framework/src/Illuminate/Foundation/Http/Kernel.php(176): Illuminate/Pipeline/Pipeline->then(Object(Closure))
#49 D:/New folder (20)/New folder/sistemkpi-tlab/vendor/laravel/framework/src/Illuminate/Foundation/Http/Kernel.php(145): Illuminate/Foundation/Http/Kernel->sendRequestThroughRouter(Object(Illuminate/Http/Request))
#50 D:/New folder (20)/New folder/sistemkpi-tlab/vendor/laravel/framework/src/Illuminate/Foundation/Application.php(1220): Illuminate/Foundation/Http/Kernel->handle(Object(Illuminate/Http/Request))
#51 D:/New folder (20)/New folder/sistemkpi-tlab/public/index.php(17): Illuminate/Foundation/Application->handleRequest(Object(Illuminate/Http/Request))
#52 D:/New folder (20)/New folder/sistemkpi-tlab/vendor/laravel/framework/src/Illuminate/Foundation/resources/server.php(23): require_once('D://New folder (...')
#53 {main}
"} 
[2026-06-19 13:25:41] local.ERROR: Route [admin.users.export] not defined. (View: D:\New folder (20)\New folder\sistemkpi-tlab\resources\views\admin\users\index.blade.php) {"userId":8,"exception":"[object] (Illuminate\\View\\ViewException(code: 0): Route [admin.users.export] not defined. (View: D:\\New folder (20)\\New folder\\sistemkpi-tlab\\resources\\views\\admin\\users\\index.blade.php) at D:/New folder (20)/New folder/sistemkpi-tlab/vendor/laravel/framework/src/Illuminate/Routing/UrlGenerator.php:517)
[stacktrace]
#0 D:/New folder (20)/New folder/sistemkpi-tlab/vendor/laravel/framework/src/Illuminate/View/Engines/PhpEngine.php(60): Illuminate/View/Engines/CompilerEngine->handleViewException(Object(Symfony/Component/Routing/Exception/RouteNotFoundException), 1)
#1 D:/New folder (20)/New folder/sistemkpi-tlab/vendor/laravel/framework/src/Illuminate/View/Engines/CompilerEngine.php(75): Illuminate/View/Engines/PhpEngine->evaluatePath('D://New folder (...', Array)
#2 D:/New folder (20)/New folder/sistemkpi-tlab/vendor/laravel/framework/src/Illuminate/View/View.php(209): Illuminate/View/Engines/CompilerEngine->get('D://New folder (...', Array)
#3 D:/New folder (20)/New folder/sistemkpi-tlab/vendor/laravel/framework/src/Illuminate/View/View.php(192): Illuminate/View/View->getContents()
#4 D:/New folder (20)/New folder/sistemkpi-tlab/vendor/laravel/framework/src/Illuminate/View/View.php(161): Illuminate/View/View->renderContents()
#5 D:/New folder (20)/New folder/sistemkpi-tlab/vendor/laravel/framework/src/Illuminate/Http/Response.php(79): Illuminate/View/View->render()
#6 D:/New folder (20)/New folder/sistemkpi-tlab/vendor/laravel/framework/src/Illuminate/Http/Response.php(35): Illuminate/Http/Response->setContent(Object(Illuminate/View/View))
#7 D:/New folder (20)/New folder/sistemkpi-tlab/vendor/laravel/framework/src/Illuminate/Routing/Router.php(920): Illuminate/Http/Response->__construct(Object(Illuminate/View/View), 200, Array)
#8 D:/New folder (20)/New folder/sistemkpi-tlab/vendor/laravel/framework/src/Illuminate/Routing/Router.php(887): Illuminate/Routing/Router::toResponse(Object(Illuminate/Http/Request), Object(Illuminate/View/View))
#9 D:/New folder (20)/New folder/sistemkpi-tlab/vendor/laravel/framework/src/Illuminate/Routing/Router.php(807): Illuminate/Routing/Router->prepareResponse(Object(Illuminate/Http/Request), Object(Illuminate/View/View))
#10 D:/New folder (20)/New folder/sistemkpi-tlab/vendor/laravel/framework/src/Illuminate/Pipeline/Pipeline.php(170): Illuminate/Routing/Router->{closure:Illuminate/Routing/Router::runRouteWithinStack():807}(Object(Illuminate/Http/Request))
#11 D:/New folder (20)/New folder/sistemkpi-tlab/vendor/laravel/framework/src/Illuminate/Routing/Middleware/SubstituteBindings.php(51): Illuminate/Pipeline/Pipeline->{closure:Illuminate/Pipeline/Pipeline::prepareDestination():168}(Object(Illuminate/Http/Request))
#12 D:/New folder (20)/New folder/sistemkpi-tlab/vendor/laravel/framework/src/Illuminate/Pipeline/Pipeline.php(209): Illuminate/Routing/Middleware/SubstituteBindings->handle(Object(Illuminate/Http/Request), Object(Closure))
#13 D:/New folder (20)/New folder/sistemkpi-tlab/vendor/laravel/framework/src/Illuminate/Auth/Middleware/Authenticate.php(64): Illuminate/Pipeline/Pipeline->{closure:{closure:Illuminate/Pipeline/Pipeline::carry():184}:185}(Object(Illuminate/Http/Request))
#14 D:/New folder (20)/New folder/sistemkpi-tlab/vendor/laravel/framework/src/Illuminate/Pipeline/Pipeline.php(209): Illuminate/Auth/Middleware/Authenticate->handle(Object(Illuminate/Http/Request), Object(Closure))
#15 D:/New folder (20)/New folder/sistemkpi-tlab/vendor/laravel/framework/src/Illuminate/Foundation/Http/Middleware/VerifyCsrfToken.php(88): Illuminate/Pipeline/Pipeline->{closure:{closure:Illuminate/Pipeline/Pipeline::carry():184}:185}(Object(Illuminate/Http/Request))
#16 D:/New folder (20)/New folder/sistemkpi-tlab/vendor/laravel/framework/src/Illuminate/Pipeline/Pipeline.php(209): Illuminate/Foundation/Http/Middleware/VerifyCsrfToken->handle(Object(Illuminate/Http/Request), Object(Closure))
#17 D:/New folder (20)/New folder/sistemkpi-tlab/vendor/laravel/framework/src/Illuminate/View/Middleware/ShareErrorsFromSession.php(49): Illuminate/Pipeline/Pipeline->{closure:{closure:Illuminate/Pipeline/Pipeline::carry():184}:185}(Object(Illuminate/Http/Request))
#18 D:/New folder (20)/New folder/sistemkpi-tlab/vendor/laravel/framework/src/Illuminate/Pipeline/Pipeline.php(209): Illuminate/View/Middleware/ShareErrorsFromSession->handle(Object(Illuminate/Http/Request), Object(Closure))
#19 D:/New folder (20)/New folder/sistemkpi-tlab/vendor/laravel/framework/src/Illuminate/Session/Middleware/StartSession.php(121): Illuminate/Pipeline/Pipeline->{closure:{closure:Illuminate/Pipeline/Pipeline::carry():184}:185}(Object(Illuminate/Http/Request))
#20 D:/New folder (20)/New folder/sistemkpi-tlab/vendor/laravel/framework/src/Illuminate/Session/Middleware/StartSession.php(64): Illuminate/Session/Middleware/StartSession->handleStatefulRequest(Object(Illuminate/Http/Request), Object(Illuminate/Session/Store), Object(Closure))
#21 D:/New folder (20)/New folder/sistemkpi-tlab/vendor/laravel/framework/src/Illuminate/Pipeline/Pipeline.php(209): Illuminate/Session/Middleware/StartSession->handle(Object(Illuminate/Http/Request), Object(Closure))
#22 D:/New folder (20)/New folder/sistemkpi-tlab/vendor/laravel/framework/src/Illuminate/Cookie/Middleware/AddQueuedCookiesToResponse.php(37): Illuminate/Pipeline/Pipeline->{closure:{closure:Illuminate/Pipeline/Pipeline::carry():184}:185}(Object(Illuminate/Http/Request))
#23 D:/New folder (20)/New folder/sistemkpi-tlab/vendor/laravel/framework/src/Illuminate/Pipeline/Pipeline.php(209): Illuminate/Cookie/Middleware/AddQueuedCookiesToResponse->handle(Object(Illuminate/Http/Request), Object(Closure))
#24 D:/New folder (20)/New folder/sistemkpi-tlab/vendor/laravel/framework/src/Illuminate/Cookie/Middleware/EncryptCookies.php(75): Illuminate/Pipeline/Pipeline->{closure:{closure:Illuminate/Pipeline/Pipeline::carry():184}:185}(Object(Illuminate/Http/Request))
#25 D:/New folder (20)/New folder/sistemkpi-tlab/vendor/laravel/framework/src/Illuminate/Pipeline/Pipeline.php(209): Illuminate/Cookie/Middleware/EncryptCookies->handle(Object(Illuminate/Http/Request), Object(Closure))
#26 D:/New folder (20)/New folder/sistemkpi-tlab/vendor/laravel/framework/src/Illuminate/Pipeline/Pipeline.php(127): Illuminate/Pipeline/Pipeline->{closure:{closure:Illuminate/Pipeline/Pipeline::carry():184}:185}(Object(Illuminate/Http/Request))
#27 D:/New folder (20)/New folder/sistemkpi-tlab/vendor/laravel/framework/src/Illuminate/Routing/Router.php(807): Illuminate/Pipeline/Pipeline->then(Object(Closure))
#28 D:/New folder (20)/New folder/sistemkpi-tlab/vendor/laravel/framework/src/Illuminate/Routing/Router.php(786): Illuminate/Routing/Router->runRouteWithinStack(Object(Illuminate/Routing/Route), Object(Illuminate/Http/Request))
#29 D:/New folder (20)/New folder/sistemkpi-tlab/vendor/laravel/framework/src/Illuminate/Routing/Router.php(750): Illuminate/Routing/Router->runRoute(Object(Illuminate/Http/Request), Object(Illuminate/Routing/Route))
#30 D:/New folder (20)/New folder/sistemkpi-tlab/vendor/laravel/framework/src/Illuminate/Routing/Router.php(739): Illuminate/Routing/Router->dispatchToRoute(Object(Illuminate/Http/Request))
#31 D:/New folder (20)/New folder/sistemkpi-tlab/vendor/laravel/framework/src/Illuminate/Foundation/Http/Kernel.php(201): Illuminate/Routing/Router->dispatch(Object(Illuminate/Http/Request))
#32 D:/New folder (20)/New folder/sistemkpi-tlab/vendor/laravel/framework/src/Illuminate/Pipeline/Pipeline.php(170): Illuminate/Foundation/Http/Kernel->{closure:Illuminate/Foundation/Http/Kernel::dispatchToRouter():198}(Object(Illuminate/Http/Request))
#33 D:/New folder (20)/New folder/sistemkpi-tlab/vendor/laravel/framework/src/Illuminate/Foundation/Http/Middleware/TransformsRequest.php(21): Illuminate/Pipeline/Pipeline->{closure:Illuminate/Pipeline/Pipeline::prepareDestination():168}(Object(Illuminate/Http/Request))
#34 D:/New folder (20)/New folder/sistemkpi-tlab/vendor/laravel/framework/src/Illuminate/Foundation/Http/Middleware/ConvertEmptyStringsToNull.php(31): Illuminate/Foundation/Http/Middleware/TransformsRequest->handle(Object(Illuminate/Http/Request), Object(Closure))
#35 D:/New folder (20)/New folder/sistemkpi-tlab/vendor/laravel/framework/src/Illuminate/Pipeline/Pipeline.php(209): Illuminate/Foundation/Http/Middleware/ConvertEmptyStringsToNull->handle(Object(Illuminate/Http/Request), Object(Closure))
#36 D:/New folder (20)/New folder/sistemkpi-tlab/vendor/laravel/framework/src/Illuminate/Foundation/Http/Middleware/TransformsRequest.php(21): Illuminate/Pipeline/Pipeline->{closure:{closure:Illuminate/Pipeline/Pipeline::carry():184}:185}(Object(Illuminate/Http/Request))
#37 D:/New folder (20)/New folder/sistemkpi-tlab/vendor/laravel/framework/src/Illuminate/Foundation/Http/Middleware/TrimStrings.php(51): Illuminate/Foundation/Http/Middleware/TransformsRequest->handle(Object(Illuminate/Http/Request), Object(Closure))
#38 D:/New folder (20)/New folder/sistemkpi-tlab/vendor/laravel/framework/src/Illuminate/Pipeline/Pipeline.php(209): Illuminate/Foundation/Http/Middleware/TrimStrings->handle(Object(Illuminate/Http/Request), Object(Closure))
#39 D:/New folder (20)/New folder/sistemkpi-tlab/vendor/laravel/framework/src/Illuminate/Http/Middleware/ValidatePostSize.php(27): Illuminate/Pipeline/Pipeline->{closure:{closure:Illuminate/Pipeline/Pipeline::carry():184}:185}(Object(Illuminate/Http/Request))
#40 D:/New folder (20)/New folder/sistemkpi-tlab/vendor/laravel/framework/src/Illuminate/Pipeline/Pipeline.php(209): Illuminate/Http/Middleware/ValidatePostSize->handle(Object(Illuminate/Http/Request), Object(Closure))
#41 D:/New folder (20)/New folder/sistemkpi-tlab/vendor/laravel/framework/src/Illuminate/Foundation/Http/Middleware/PreventRequestsDuringMaintenance.php(110): Illuminate/Pipeline/Pipeline->{closure:{closure:Illuminate/Pipeline/Pipeline::carry():184}:185}(Object(Illuminate/Http/Request))
#42 D:/New folder (20)/New folder/sistemkpi-tlab/vendor/laravel/framework/src/Illuminate/Pipeline/Pipeline.php(209): Illuminate/Foundation/Http/Middleware/PreventRequestsDuringMaintenance->handle(Object(Illuminate/Http/Request), Object(Closure))
#43 D:/New folder (20)/New folder/sistemkpi-tlab/vendor/laravel/framework/src/Illuminate/Http/Middleware/HandleCors.php(49): Illuminate/Pipeline/Pipeline->{closure:{closure:Illuminate/Pipeline/Pipeline::carry():184}:185}(Object(Illuminate/Http/Request))
#44 D:/New folder (20)/New folder/sistemkpi-tlab/vendor/laravel/framework/src/Illuminate/Pipeline/Pipeline.php(209): Illuminate/Http/Middleware/HandleCors->handle(Object(Illuminate/Http/Request), Object(Closure))
#45 D:/New folder (20)/New folder/sistemkpi-tlab/vendor/laravel/framework/src/Illuminate/Http/Middleware/TrustProxies.php(58): Illuminate/Pipeline/Pipeline->{closure:{closure:Illuminate/Pipeline/Pipeline::carry():184}:185}(Object(Illuminate/Http/Request))
#46 D:/New folder (20)/New folder/sistemkpi-tlab/vendor/laravel/framework/src/Illuminate/Pipeline/Pipeline.php(209): Illuminate/Http/Middleware/TrustProxies->handle(Object(Illuminate/Http/Request), Object(Closure))
#47 D:/New folder (20)/New folder/sistemkpi-tlab/vendor/laravel/framework/src/Illuminate/Foundation/Http/Middleware/InvokeDeferredCallbacks.php(22): Illuminate/Pipeline/Pipeline->{closure:{closure:Illuminate/Pipeline/Pipeline::carry():184}:185}(Object(Illuminate/Http/Request))
#48 D:/New folder (20)/New folder/sistemkpi-tlab/vendor/laravel/framework/src/Illuminate/Pipeline/Pipeline.php(209): Illuminate/Foundation/Http/Middleware/InvokeDeferredCallbacks->handle(Object(Illuminate/Http/Request), Object(Closure))
#49 D:/New folder (20)/New folder/sistemkpi-tlab/vendor/laravel/framework/src/Illuminate/Pipeline/Pipeline.php(127): Illuminate/Pipeline/Pipeline->{closure:{closure:Illuminate/Pipeline/Pipeline::carry():184}:185}(Object(Illuminate/Http/Request))
#50 D:/New folder (20)/New folder/sistemkpi-tlab/vendor/laravel/framework/src/Illuminate/Foundation/Http/Kernel.php(176): Illuminate/Pipeline/Pipeline->then(Object(Closure))
#51 D:/New folder (20)/New folder/sistemkpi-tlab/vendor/laravel/framework/src/Illuminate/Foundation/Http/Kernel.php(145): Illuminate/Foundation/Http/Kernel->sendRequestThroughRouter(Object(Illuminate/Http/Request))
#52 D:/New folder (20)/New folder/sistemkpi-tlab/vendor/laravel/framework/src/Illuminate/Foundation/Application.php(1220): Illuminate/Foundation/Http/Kernel->handle(Object(Illuminate/Http/Request))
#53 D:/New folder (20)/New folder/sistemkpi-tlab/public/index.php(17): Illuminate/Foundation/Application->handleRequest(Object(Illuminate/Http/Request))
#54 D:/New folder (20)/New folder/sistemkpi-tlab/vendor/laravel/framework/src/Illuminate/Foundation/resources/server.php(23): require_once('D://New folder (...')
#55 {main}

[previous exception] [object] (Symfony\\Component\\Routing\\Exception\\RouteNotFoundException(code: 0): Route [admin.users.export] not defined. at D:/New folder (20)/New folder/sistemkpi-tlab/vendor/laravel/framework/src/Illuminate/Routing/UrlGenerator.php:517)
[stacktrace]
#0 D:/New folder (20)/New folder/sistemkpi-tlab/vendor/laravel/framework/src/Illuminate/Foundation/helpers.php(853): Illuminate/Routing/UrlGenerator->route('admin.users.exp...', Array, true)
#1 D:/New folder (20)/New folder/sistemkpi-tlab/storage/framework/views/c6b9196e043b99e06fe88fcacf1bd826.php(25): route('admin.users.exp...')
#2 D:/New folder (20)/New folder/sistemkpi-tlab/vendor/laravel/framework/src/Illuminate/Filesystem/Filesystem.php(123): require('D://New folder (...')
#3 D:/New folder (20)/New folder/sistemkpi-tlab/vendor/laravel/framework/src/Illuminate/Filesystem/Filesystem.php(124): Illuminate/Filesystem/Filesystem::{closure:Illuminate/Filesystem/Filesystem::getRequire():120}()
#4 D:/New folder (20)/New folder/sistemkpi-tlab/vendor/laravel/framework/src/Illuminate/View/Engines/PhpEngine.php(58): Illuminate/Filesystem/Filesystem->getRequire('D://New folder (...', Array)
#5 D:/New folder (20)/New folder/sistemkpi-tlab/vendor/laravel/framework/src/Illuminate/View/Engines/CompilerEngine.php(75): Illuminate/View/Engines/PhpEngine->evaluatePath('D://New folder (...', Array)
#6 D:/New folder (20)/New folder/sistemkpi-tlab/vendor/laravel/framework/src/Illuminate/View/View.php(209): Illuminate/View/Engines/CompilerEngine->get('D://New folder (...', Array)
#7 D:/New folder (20)/New folder/sistemkpi-tlab/vendor/laravel/framework/src/Illuminate/View/View.php(192): Illuminate/View/View->getContents()
#8 D:/New folder (20)/New folder/sistemkpi-tlab/vendor/laravel/framework/src/Illuminate/View/View.php(161): Illuminate/View/View->renderContents()
#9 D:/New folder (20)/New folder/sistemkpi-tlab/vendor/laravel/framework/src/Illuminate/Http/Response.php(79): Illuminate/View/View->render()
#10 D:/New folder (20)/New folder/sistemkpi-tlab/vendor/laravel/framework/src/Illuminate/Http/Response.php(35): Illuminate/Http/Response->setContent(Object(Illuminate/View/View))
#11 D:/New folder (20)/New folder/sistemkpi-tlab/vendor/laravel/framework/src/Illuminate/Routing/Router.php(920): Illuminate/Http/Response->__construct(Object(Illuminate/View/View), 200, Array)
#12 D:/New folder (20)/New folder/sistemkpi-tlab/vendor/laravel/framework/src/Illuminate/Routing/Router.php(887): Illuminate/Routing/Router::toResponse(Object(Illuminate/Http/Request), Object(Illuminate/View/View))
#13 D:/New folder (20)/New folder/sistemkpi-tlab/vendor/laravel/framework/src/Illuminate/Routing/Router.php(807): Illuminate/Routing/Router->prepareResponse(Object(Illuminate/Http/Request), Object(Illuminate/View/View))
#14 D:/New folder (20)/New folder/sistemkpi-tlab/vendor/laravel/framework/src/Illuminate/Pipeline/Pipeline.php(170): Illuminate/Routing/Router->{closure:Illuminate/Routing/Router::runRouteWithinStack():807}(Object(Illuminate/Http/Request))
#15 D:/New folder (20)/New folder/sistemkpi-tlab/vendor/laravel/framework/src/Illuminate/Routing/Middleware/SubstituteBindings.php(51): Illuminate/Pipeline/Pipeline->{closure:Illuminate/Pipeline/Pipeline::prepareDestination():168}(Object(Illuminate/Http/Request))
#16 D:/New folder (20)/New folder/sistemkpi-tlab/vendor/laravel/framework/src/Illuminate/Pipeline/Pipeline.php(209): Illuminate/Routing/Middleware/SubstituteBindings->handle(Object(Illuminate/Http/Request), Object(Closure))
#17 D:/New folder (20)/New folder/sistemkpi-tlab/vendor/laravel/framework/src/Illuminate/Auth/Middleware/Authenticate.php(64): Illuminate/Pipeline/Pipeline->{closure:{closure:Illuminate/Pipeline/Pipeline::carry():184}:185}(Object(Illuminate/Http/Request))
#18 D:/New folder (20)/New folder/sistemkpi-tlab/vendor/laravel/framework/src/Illuminate/Pipeline/Pipeline.php(209): Illuminate/Auth/Middleware/Authenticate->handle(Object(Illuminate/Http/Request), Object(Closure))
#19 D:/New folder (20)/New folder/sistemkpi-tlab/vendor/laravel/framework/src/Illuminate/Foundation/Http/Middleware/VerifyCsrfToken.php(88): Illuminate/Pipeline/Pipeline->{closure:{closure:Illuminate/Pipeline/Pipeline::carry():184}:185}(Object(Illuminate/Http/Request))
#20 D:/New folder (20)/New folder/sistemkpi-tlab/vendor/laravel/framework/src/Illuminate/Pipeline/Pipeline.php(209): Illuminate/Foundation/Http/Middleware/VerifyCsrfToken->handle(Object(Illuminate/Http/Request), Object(Closure))
#21 D:/New folder (20)/New folder/sistemkpi-tlab/vendor/laravel/framework/src/Illuminate/View/Middleware/ShareErrorsFromSession.php(49): Illuminate/Pipeline/Pipeline->{closure:{closure:Illuminate/Pipeline/Pipeline::carry():184}:185}(Object(Illuminate/Http/Request))
#22 D:/New folder (20)/New folder/sistemkpi-tlab/vendor/laravel/framework/src/Illuminate/Pipeline/Pipeline.php(209): Illuminate/View/Middleware/ShareErrorsFromSession->handle(Object(Illuminate/Http/Request), Object(Closure))
#23 D:/New folder (20)/New folder/sistemkpi-tlab/vendor/laravel/framework/src/Illuminate/Session/Middleware/StartSession.php(121): Illuminate/Pipeline/Pipeline->{closure:{closure:Illuminate/Pipeline/Pipeline::carry():184}:185}(Object(Illuminate/Http/Request))
#24 D:/New folder (20)/New folder/sistemkpi-tlab/vendor/laravel/framework/src/Illuminate/Session/Middleware/StartSession.php(64): Illuminate/Session/Middleware/StartSession->handleStatefulRequest(Object(Illuminate/Http/Request), Object(Illuminate/Session/Store), Object(Closure))
#25 D:/New folder (20)/New folder/sistemkpi-tlab/vendor/laravel/framework/src/Illuminate/Pipeline/Pipeline.php(209): Illuminate/Session/Middleware/StartSession->handle(Object(Illuminate/Http/Request), Object(Closure))
#26 D:/New folder (20)/New folder/sistemkpi-tlab/vendor/laravel/framework/src/Illuminate/Cookie/Middleware/AddQueuedCookiesToResponse.php(37): Illuminate/Pipeline/Pipeline->{closure:{closure:Illuminate/Pipeline/Pipeline::carry():184}:185}(Object(Illuminate/Http/Request))
#27 D:/New folder (20)/New folder/sistemkpi-tlab/vendor/laravel/framework/src/Illuminate/Pipeline/Pipeline.php(209): Illuminate/Cookie/Middleware/AddQueuedCookiesToResponse->handle(Object(Illuminate/Http/Request), Object(Closure))
#28 D:/New folder (20)/New folder/sistemkpi-tlab/vendor/laravel/framework/src/Illuminate/Cookie/Middleware/EncryptCookies.php(75): Illuminate/Pipeline/Pipeline->{closure:{closure:Illuminate/Pipeline/Pipeline::carry():184}:185}(Object(Illuminate/Http/Request))
#29 D:/New folder (20)/New folder/sistemkpi-tlab/vendor/laravel/framework/src/Illuminate/Pipeline/Pipeline.php(209): Illuminate/Cookie/Middleware/EncryptCookies->handle(Object(Illuminate/Http/Request), Object(Closure))
#30 D:/New folder (20)/New folder/sistemkpi-tlab/vendor/laravel/framework/src/Illuminate/Pipeline/Pipeline.php(127): Illuminate/Pipeline/Pipeline->{closure:{closure:Illuminate/Pipeline/Pipeline::carry():184}:185}(Object(Illuminate/Http/Request))
#31 D:/New folder (20)/New folder/sistemkpi-tlab/vendor/laravel/framework/src/Illuminate/Routing/Router.php(807): Illuminate/Pipeline/Pipeline->then(Object(Closure))
#32 D:/New folder (20)/New folder/sistemkpi-tlab/vendor/laravel/framework/src/Illuminate/Routing/Router.php(786): Illuminate/Routing/Router->runRouteWithinStack(Object(Illuminate/Routing/Route), Object(Illuminate/Http/Request))
#33 D:/New folder (20)/New folder/sistemkpi-tlab/vendor/laravel/framework/src/Illuminate/Routing/Router.php(750): Illuminate/Routing/Router->runRoute(Object(Illuminate/Http/Request), Object(Illuminate/Routing/Route))
#34 D:/New folder (20)/New folder/sistemkpi-tlab/vendor/laravel/framework/src/Illuminate/Routing/Router.php(739): Illuminate/Routing/Router->dispatchToRoute(Object(Illuminate/Http/Request))
#35 D:/New folder (20)/New folder/sistemkpi-tlab/vendor/laravel/framework/src/Illuminate/Foundation/Http/Kernel.php(201): Illuminate/Routing/Router->dispatch(Object(Illuminate/Http/Request))
#36 D:/New folder (20)/New folder/sistemkpi-tlab/vendor/laravel/framework/src/Illuminate/Pipeline/Pipeline.php(170): Illuminate/Foundation/Http/Kernel->{closure:Illuminate/Foundation/Http/Kernel::dispatchToRouter():198}(Object(Illuminate/Http/Request))
#37 D:/New folder (20)/New folder/sistemkpi-tlab/vendor/laravel/framework/src/Illuminate/Foundation/Http/Middleware/TransformsRequest.php(21): Illuminate/Pipeline/Pipeline->{closure:Illuminate/Pipeline/Pipeline::prepareDestination():168}(Object(Illuminate/Http/Request))
#38 D:/New folder (20)/New folder/sistemkpi-tlab/vendor/laravel/framework/src/Illuminate/Foundation/Http/Middleware/ConvertEmptyStringsToNull.php(31): Illuminate/Foundation/Http/Middleware/TransformsRequest->handle(Object(Illuminate/Http/Request), Object(Closure))
#39 D:/New folder (20)/New folder/sistemkpi-tlab/vendor/laravel/framework/src/Illuminate/Pipeline/Pipeline.php(209): Illuminate/Foundation/Http/Middleware/ConvertEmptyStringsToNull->handle(Object(Illuminate/Http/Request), Object(Closure))
#40 D:/New folder (20)/New folder/sistemkpi-tlab/vendor/laravel/framework/src/Illuminate/Foundation/Http/Middleware/TransformsRequest.php(21): Illuminate/Pipeline/Pipeline->{closure:{closure:Illuminate/Pipeline/Pipeline::carry():184}:185}(Object(Illuminate/Http/Request))
#41 D:/New folder (20)/New folder/sistemkpi-tlab/vendor/laravel/framework/src/Illuminate/Foundation/Http/Middleware/TrimStrings.php(51): Illuminate/Foundation/Http/Middleware/TransformsRequest->handle(Object(Illuminate/Http/Request), Object(Closure))
#42 D:/New folder (20)/New folder/sistemkpi-tlab/vendor/laravel/framework/src/Illuminate/Pipeline/Pipeline.php(209): Illuminate/Foundation/Http/Middleware/TrimStrings->handle(Object(Illuminate/Http/Request), Object(Closure))
#43 D:/New folder (20)/New folder/sistemkpi-tlab/vendor/laravel/framework/src/Illuminate/Http/Middleware/ValidatePostSize.php(27): Illuminate/Pipeline/Pipeline->{closure:{closure:Illuminate/Pipeline/Pipeline::carry():184}:185}(Object(Illuminate/Http/Request))
#44 D:/New folder (20)/New folder/sistemkpi-tlab/vendor/laravel/framework/src/Illuminate/Pipeline/Pipeline.php(209): Illuminate/Http/Middleware/ValidatePostSize->handle(Object(Illuminate/Http/Request), Object(Closure))
#45 D:/New folder (20)/New folder/sistemkpi-tlab/vendor/laravel/framework/src/Illuminate/Foundation/Http/Middleware/PreventRequestsDuringMaintenance.php(110): Illuminate/Pipeline/Pipeline->{closure:{closure:Illuminate/Pipeline/Pipeline::carry():184}:185}(Object(Illuminate/Http/Request))
#46 D:/New folder (20)/New folder/sistemkpi-tlab/vendor/laravel/framework/src/Illuminate/Pipeline/Pipeline.php(209): Illuminate/Foundation/Http/Middleware/PreventRequestsDuringMaintenance->handle(Object(Illuminate/Http/Request), Object(Closure))
#47 D:/New folder (20)/New folder/sistemkpi-tlab/vendor/laravel/framework/src/Illuminate/Http/Middleware/HandleCors.php(49): Illuminate/Pipeline/Pipeline->{closure:{closure:Illuminate/Pipeline/Pipeline::carry():184}:185}(Object(Illuminate/Http/Request))
#48 D:/New folder (20)/New folder/sistemkpi-tlab/vendor/laravel/framework/src/Illuminate/Pipeline/Pipeline.php(209): Illuminate/Http/Middleware/HandleCors->handle(Object(Illuminate/Http/Request), Object(Closure))
#49 D:/New folder (20)/New folder/sistemkpi-tlab/vendor/laravel/framework/src/Illuminate/Http/Middleware/TrustProxies.php(58): Illuminate/Pipeline/Pipeline->{closure:{closure:Illuminate/Pipeline/Pipeline::carry():184}:185}(Object(Illuminate/Http/Request))
#50 D:/New folder (20)/New folder/sistemkpi-tlab/vendor/laravel/framework/src/Illuminate/Pipeline/Pipeline.php(209): Illuminate/Http/Middleware/TrustProxies->handle(Object(Illuminate/Http/Request), Object(Closure))
#51 D:/New folder (20)/New folder/sistemkpi-tlab/vendor/laravel/framework/src/Illuminate/Foundation/Http/Middleware/InvokeDeferredCallbacks.php(22): Illuminate/Pipeline/Pipeline->{closure:{closure:Illuminate/Pipeline/Pipeline::carry():184}:185}(Object(Illuminate/Http/Request))
#52 D:/New folder (20)/New folder/sistemkpi-tlab/vendor/laravel/framework/src/Illuminate/Pipeline/Pipeline.php(209): Illuminate/Foundation/Http/Middleware/InvokeDeferredCallbacks->handle(Object(Illuminate/Http/Request), Object(Closure))
#53 D:/New folder (20)/New folder/sistemkpi-tlab/vendor/laravel/framework/src/Illuminate/Pipeline/Pipeline.php(127): Illuminate/Pipeline/Pipeline->{closure:{closure:Illuminate/Pipeline/Pipeline::carry():184}:185}(Object(Illuminate/Http/Request))
#54 D:/New folder (20)/New folder/sistemkpi-tlab/vendor/laravel/framework/src/Illuminate/Foundation/Http/Kernel.php(176): Illuminate/Pipeline/Pipeline->then(Object(Closure))
#55 D:/New folder (20)/New folder/sistemkpi-tlab/vendor/laravel/framework/src/Illuminate/Foundation/Http/Kernel.php(145): Illuminate/Foundation/Http/Kernel->sendRequestThroughRouter(Object(Illuminate/Http/Request))
#56 D:/New folder (20)/New folder/sistemkpi-tlab/vendor/laravel/framework/src/Illuminate/Foundation/Application.php(1220): Illuminate/Foundation/Http/Kernel->handle(Object(Illuminate/Http/Request))
#57 D:/New folder (20)/New folder/sistemkpi-tlab/public/index.php(17): Illuminate/Foundation/Application->handleRequest(Object(Illuminate/Http/Request))
#58 D:/New folder (20)/New folder/sistemkpi-tlab/vendor/laravel/framework/src/Illuminate/Foundation/resources/server.php(23): require_once('D://New folder (...')
#59 {main}
"} 
[2026-06-22 11:18:12] local.ERROR: Unclosed '[' on line 31 does not match '}' {"exception":"[object] (ParseError(code: 0): Unclosed '[' on line 31 does not match '}' at D:/New folder (20)/New folder/sistemkpi-tlab/app/Providers/Filament/AdminPanelProvider.php:33)
[stacktrace]
#0 D:/New folder (20)/New folder/sistemkpi-tlab/vendor/composer/ClassLoader.php(427): {closure:Composer/Autoload/ClassLoader::initializeIncludeClosure():575}('D://New folder (...')
#1 [internal function]: Composer/Autoload/ClassLoader->loadClass('App//Providers//F...')
#2 D:/New folder (20)/New folder/sistemkpi-tlab/vendor/laravel/framework/src/Illuminate/Foundation/Bootstrap/RegisterProviders.php(52): class_exists('App//Providers//F...')
#3 D:/New folder (20)/New folder/sistemkpi-tlab/vendor/laravel/framework/src/Illuminate/Foundation/Bootstrap/RegisterProviders.php(34): Illuminate/Foundation/Bootstrap/RegisterProviders->mergeAdditionalProviders(Object(Illuminate/Foundation/Application))
#4 D:/New folder (20)/New folder/sistemkpi-tlab/vendor/laravel/framework/src/Illuminate/Foundation/Application.php(342): Illuminate/Foundation/Bootstrap/RegisterProviders->bootstrap(Object(Illuminate/Foundation/Application))
#5 D:/New folder (20)/New folder/sistemkpi-tlab/vendor/laravel/framework/src/Illuminate/Foundation/Console/Kernel.php(474): Illuminate/Foundation/Application->bootstrapWith(Array)
#6 D:/New folder (20)/New folder/sistemkpi-tlab/vendor/laravel/framework/src/Illuminate/Foundation/Console/Kernel.php(196): Illuminate/Foundation/Console/Kernel->bootstrap()
#7 D:/New folder (20)/New folder/sistemkpi-tlab/artisan(15): Illuminate/Foundation/Console/Kernel->handle(Object(Symfony/Component/Console/Input/ArgvInput), Object(Symfony/Component/Console/Output/ConsoleOutput))
#8 {main}
"} 
[2026-06-22 11:18:28] local.ERROR: Unclosed '[' on line 31 does not match '}' {"exception":"[object] (ParseError(code: 0): Unclosed '[' on line 31 does not match '}' at D:/New folder (20)/New folder/sistemkpi-tlab/app/Providers/Filament/AdminPanelProvider.php:33)
[stacktrace]
#0 D:/New folder (20)/New folder/sistemkpi-tlab/vendor/composer/ClassLoader.php(427): {closure:Composer/Autoload/ClassLoader::initializeIncludeClosure():575}('D://New folder (...')
#1 [internal function]: Composer/Autoload/ClassLoader->loadClass('App//Providers//F...')
#2 D:/New folder (20)/New folder/sistemkpi-tlab/vendor/laravel/framework/src/Illuminate/Foundation/Bootstrap/RegisterProviders.php(52): class_exists('App//Providers//F...')
#3 D:/New folder (20)/New folder/sistemkpi-tlab/vendor/laravel/framework/src/Illuminate/Foundation/Bootstrap/RegisterProviders.php(34): Illuminate/Foundation/Bootstrap/RegisterProviders->mergeAdditionalProviders(Object(Illuminate/Foundation/Application))
#4 D:/New folder (20)/New folder/sistemkpi-tlab/vendor/laravel/framework/src/Illuminate/Foundation/Application.php(342): Illuminate/Foundation/Bootstrap/RegisterProviders->bootstrap(Object(Illuminate/Foundation/Application))
#5 D:/New folder (20)/New folder/sistemkpi-tlab/vendor/laravel/framework/src/Illuminate/Foundation/Console/Kernel.php(474): Illuminate/Foundation/Application->bootstrapWith(Array)
#6 D:/New folder (20)/New folder/sistemkpi-tlab/vendor/laravel/framework/src/Illuminate/Foundation/Console/Kernel.php(196): Illuminate/Foundation/Console/Kernel->bootstrap()
#7 D:/New folder (20)/New folder/sistemkpi-tlab/artisan(15): Illuminate/Foundation/Console/Kernel->handle(Object(Symfony/Component/Console/Input/ArgvInput), Object(Symfony/Component/Console/Output/ConsoleOutput))
#8 {main}
"} 
[2026-06-22 11:18:29] local.ERROR: Unclosed '[' on line 31 does not match '}' {"exception":"[object] (ParseError(code: 0): Unclosed '[' on line 31 does not match '}' at D:/New folder (20)/New folder/sistemkpi-tlab/app/Providers/Filament/AdminPanelProvider.php:33)
[stacktrace]
#0 D:/New folder (20)/New folder/sistemkpi-tlab/vendor/composer/ClassLoader.php(427): {closure:Composer/Autoload/ClassLoader::initializeIncludeClosure():575}('D://New folder (...')
#1 [internal function]: Composer/Autoload/ClassLoader->loadClass('App//Providers//F...')
#2 D:/New folder (20)/New folder/sistemkpi-tlab/vendor/laravel/framework/src/Illuminate/Foundation/Bootstrap/RegisterProviders.php(52): class_exists('App//Providers//F...')
#3 D:/New folder (20)/New folder/sistemkpi-tlab/vendor/laravel/framework/src/Illuminate/Foundation/Bootstrap/RegisterProviders.php(34): Illuminate/Foundation/Bootstrap/RegisterProviders->mergeAdditionalProviders(Object(Illuminate/Foundation/Application))
#4 D:/New folder (20)/New folder/sistemkpi-tlab/vendor/laravel/framework/src/Illuminate/Foundation/Application.php(342): Illuminate/Foundation/Bootstrap/RegisterProviders->bootstrap(Object(Illuminate/Foundation/Application))
#5 D:/New folder (20)/New folder/sistemkpi-tlab/vendor/laravel/framework/src/Illuminate/Foundation/Console/Kernel.php(474): Illuminate/Foundation/Application->bootstrapWith(Array)
#6 D:/New folder (20)/New folder/sistemkpi-tlab/vendor/laravel/framework/src/Illuminate/Foundation/Console/Kernel.php(196): Illuminate/Foundation/Console/Kernel->bootstrap()
#7 D:/New folder (20)/New folder/sistemkpi-tlab/artisan(15): Illuminate/Foundation/Console/Kernel->handle(Object(Symfony/Component/Console/Input/ArgvInput), Object(Symfony/Component/Console/Output/ConsoleOutput))
#8 {main}
"} 
[2026-06-22 11:18:58] local.ERROR: Type of App\Filament\Resources\KpiAnnualTargetResource::$navigationIcon must be BackedEnum|string|null (as in class Filament\Resources\Resource) {"exception":"[object] (Symfony\\Component\\ErrorHandler\\Error\\FatalError(code: 0): Type of App\\Filament\\Resources\\KpiAnnualTargetResource::$navigationIcon must be BackedEnum|string|null (as in class Filament\\Resources\\Resource) at D:/New folder (20)/New folder/sistemkpi-tlab/app/Filament/Resources/KpiAnnualTargetResource.php:13)
[stacktrace]
#0 {main}
"} 
[2026-06-22 11:19:15] local.ERROR: Type of App\Filament\Resources\KpiAnnualTargetResource::$navigationIcon must be BackedEnum|string|null (as in class Filament\Resources\Resource) {"exception":"[object] (Symfony\\Component\\ErrorHandler\\Error\\FatalError(code: 0): Type of App\\Filament\\Resources\\KpiAnnualTargetResource::$navigationIcon must be BackedEnum|string|null (as in class Filament\\Resources\\Resource) at D:/New folder (20)/New folder/sistemkpi-tlab/app/Filament/Resources/KpiAnnualTargetResource.php:13)
[stacktrace]
#0 {main}
"} 
[2026-06-22 11:19:31] local.ERROR: Type of App\Filament\Resources\KpiAnnualTargetResource::$navigationIcon must be BackedEnum|string|null (as in class Filament\Resources\Resource) {"exception":"[object] (Symfony\\Component\\ErrorHandler\\Error\\FatalError(code: 0): Type of App\\Filament\\Resources\\KpiAnnualTargetResource::$navigationIcon must be BackedEnum|string|null (as in class Filament\\Resources\\Resource) at D:/New folder (20)/New folder/sistemkpi-tlab/app/Filament/Resources/KpiAnnualTargetResource.php:13)
[stacktrace]
#0 {main}
"} 
[2026-06-22 11:20:14] local.ERROR: Type of App\Filament\Resources\KpiAnnualTargetResource::$navigationIcon must be BackedEnum|string|null (as in class Filament\Resources\Resource) {"exception":"[object] (Symfony\\Component\\ErrorHandler\\Error\\FatalError(code: 0): Type of App\\Filament\\Resources\\KpiAnnualTargetResource::$navigationIcon must be BackedEnum|string|null (as in class Filament\\Resources\\Resource) at D:/New folder (20)/New folder/sistemkpi-tlab/app/Filament/Resources/KpiAnnualTargetResource.php:13)
[stacktrace]
#0 {main}
"} 
[2026-06-22 11:21:15] local.ERROR: Type of App\Filament\Resources\KpiAnnualTargetResource::$navigationIcon must be BackedEnum|string|null (as in class Filament\Resources\Resource) {"exception":"[object] (Symfony\\Component\\ErrorHandler\\Error\\FatalError(code: 0): Type of App\\Filament\\Resources\\KpiAnnualTargetResource::$navigationIcon must be BackedEnum|string|null (as in class Filament\\Resources\\Resource) at D:/New folder (20)/New folder/sistemkpi-tlab/app/Filament/Resources/KpiAnnualTargetResource.php:13)
[stacktrace]
#0 {main}
"} 
[2026-06-22 11:21:24] local.ERROR: Type of App\Filament\Resources\KpiAnnualTargetResource::$navigationIcon must be BackedEnum|string|null (as in class Filament\Resources\Resource) {"exception":"[object] (Symfony\\Component\\ErrorHandler\\Error\\FatalError(code: 0): Type of App\\Filament\\Resources\\KpiAnnualTargetResource::$navigationIcon must be BackedEnum|string|null (as in class Filament\\Resources\\Resource) at D:/New folder (20)/New folder/sistemkpi-tlab/app/Filament/Resources/KpiAnnualTargetResource.php:13)
[stacktrace]
#0 {main}
"} 
[2026-06-22 11:22:07] local.ERROR: Could not check compatibility between App\Filament\Resources\KpiAnnualTargetResource::form(Filament\Forms\Form $form): Filament\Forms\Form and Filament\Resources\Resource::form(Filament\Schemas\Schema $schema): Filament\Schemas\Schema, because class Filament\Forms\Form is not available {"exception":"[object] (Symfony\\Component\\ErrorHandler\\Error\\FatalError(code: 0): Could not check compatibility between App\\Filament\\Resources\\KpiAnnualTargetResource::form(Filament\\Forms\\Form $form): Filament\\Forms\\Form and Filament\\Resources\\Resource::form(Filament\\Schemas\\Schema $schema): Filament\\Schemas\\Schema, because class Filament\\Forms\\Form is not available at D:/New folder (20)/New folder/sistemkpi-tlab/app/Filament/Resources/KpiAnnualTargetResource.php:25)
[stacktrace]
#0 {main}
"} 
[2026-06-22 11:22:13] local.ERROR: Could not check compatibility between App\Filament\Resources\KpiAnnualTargetResource::form(Filament\Forms\Form $form): Filament\Forms\Form and Filament\Resources\Resource::form(Filament\Schemas\Schema $schema): Filament\Schemas\Schema, because class Filament\Forms\Form is not available {"exception":"[object] (Symfony\\Component\\ErrorHandler\\Error\\FatalError(code: 0): Could not check compatibility between App\\Filament\\Resources\\KpiAnnualTargetResource::form(Filament\\Forms\\Form $form): Filament\\Forms\\Form and Filament\\Resources\\Resource::form(Filament\\Schemas\\Schema $schema): Filament\\Schemas\\Schema, because class Filament\\Forms\\Form is not available at D:/New folder (20)/New folder/sistemkpi-tlab/app/Filament/Resources/KpiAnnualTargetResource.php:25)
[stacktrace]
#0 {main}
"} 
[2026-06-22 11:22:20] local.ERROR: Could not check compatibility between App\Filament\Resources\KpiAnnualTargetResource::form(Filament\Forms\Form $form): Filament\Forms\Form and Filament\Resources\Resource::form(Filament\Schemas\Schema $schema): Filament\Schemas\Schema, because class Filament\Forms\Form is not available {"exception":"[object] (Symfony\\Component\\ErrorHandler\\Error\\FatalError(code: 0): Could not check compatibility between App\\Filament\\Resources\\KpiAnnualTargetResource::form(Filament\\Forms\\Form $form): Filament\\Forms\\Form and Filament\\Resources\\Resource::form(Filament\\Schemas\\Schema $schema): Filament\\Schemas\\Schema, because class Filament\\Forms\\Form is not available at D:/New folder (20)/New folder/sistemkpi-tlab/app/Filament/Resources/KpiAnnualTargetResource.php:25)
[stacktrace]
#0 {main}
"} 
[2026-06-22 11:23:37] local.ERROR: Cannot redeclare non static Filament\Pages\Page::$view as static App\Filament\Pages\ReviewKpi::$view {"exception":"[object] (Symfony\\Component\\ErrorHandler\\Error\\FatalError(code: 0): Cannot redeclare non static Filament\\Pages\\Page::$view as static App\\Filament\\Pages\\ReviewKpi::$view at D:/New folder (20)/New folder/sistemkpi-tlab/app/Filament/Pages/ReviewKpi.php:14)
[stacktrace]
#0 {main}
"} 
